customer_id,tenure_months,subscription_tier,age_group,region,login_frequency,session_duration,feature_usage_count,days_since_last_login,support_tickets,payment_failures,discount_usage,referrals_made,churned
CUST_000001,5,Basic,46-55,East,5.2,43.0,5,6.4,2.0,0,0,0,0
CUST_000002,36,Basic,26-35,South,6.6,68.6,3,0.8,4.0,0,1,2,0
CUST_000003,15,Basic,26-35,West,2.4,16.7,5,15.5,0.0,2,0,1,1
CUST_000004,10,Standard,36-45,North,4.4,16.6,12,0.1,1.0,0,0,0,0
CUST_000005,2,Basic,36-45,East,9.0,10.0,11,0.2,3.0,0,0,0,0
CUST_000006,2,Premium,46-55,East,10.2,,7,3.1,0.0,1,1,1,0
CUST_000007,1,Basic,56+,West,1.4,11.7,2,7.6,3.0,4,1,2,1
CUST_000008,24,Standard,18-25,South,11.4,58.2,10,0.9,0.0,1,0,0,0
CUST_000009,11,Standard,46-55,East,21.5,13.7,8,4.0,0.0,0,0,0,0
CUST_000010,14,Standard,26-35,South,3.8,27.7,3,0.7,2.0,0,1,1,0
CUST_000011,1,Premium,26-35,South,,17.3,12,0.7,2.0,0,0,0,0
CUST_000012,42,Standard,18-25,West,18.7,48.3,10,1.2,1.0,1,0,1,0
CUST_000013,21,Premium,18-25,West,10.9,4.5,9,0.0,1.0,1,0,1,0
CUST_000014,2,Basic,26-35,East,1.5,20.6,12,1.4,0.0,0,0,0,0
CUST_000015,2,Standard,26-35,South,,56.4,4,2.9,1.0,0,0,1,0
CUST_000016,2,Basic,46-55,West,0.3,15.4,2,31.0,0.0,0,0,2,1
CUST_000017,4,Basic,46-55,North,1.2,36.2,6,1.8,3.0,0,0,0,0
CUST_000018,8,Basic,56+,North,1.5,14.9,4,0.9,3.0,2,0,0,1
CUST_000019,6,Basic,36-45,East,13.6,54.5,7,7.1,,1,1,0,0
CUST_000020,4,Basic,26-35,South,14.4,28.8,6,3.3,1.0,0,1,0,0
CUST_000021,11,Basic,26-35,West,1.2,2.1,4,5.3,4.0,2,1,0,1
CUST_000022,1,Basic,26-35,South,4.1,16.6,3,0.3,1.0,0,0,0,0
CUST_000023,4,Premium,26-35,South,15.4,86.4,16,0.3,,0,0,2,0
CUST_000024,5,Basic,36-45,East,21.3,6.3,5,8.8,0.0,0,1,0,0
CUST_000025,7,Standard,36-45,West,0.5,7.2,14,3.4,0.0,0,1,2,0
CUST_000026,18,Basic,26-35,South,1.3,33.4,14,5.5,0.0,0,0,1,0
CUST_000027,2,Premium,18-25,North,8.0,15.9,14,0.2,0.0,1,0,0,0
CUST_000028,8,Premium,18-25,West,2.9,33.8,11,9.0,1.0,0,1,1,0
CUST_000029,10,Standard,26-35,South,18.0,12.8,9,2.8,2.0,0,1,0,0
CUST_000030,1,Standard,18-25,North,7.7,27.3,9,3.7,0.0,1,0,0,0
CUST_000031,11,Basic,46-55,East,16.9,7.0,10,1.7,4.0,0,0,0,0
CUST_000032,2,Premium,18-25,North,15.6,28.6,8,0.2,2.0,2,1,0,0
CUST_000033,1,Premium,46-55,West,19.9,43.6,9,3.7,2.0,0,0,0,0
CUST_000034,35,Premium,26-35,East,,49.4,8,2.5,2.0,0,0,0,0
CUST_000035,40,Standard,18-25,West,1.1,69.2,6,0.7,2.0,0,0,1,0
CUST_000036,19,Basic,46-55,South,3.5,11.8,4,3.2,1.0,2,1,0,1
CUST_000037,4,Premium,36-45,West,23.2,79.8,16,4.8,4.0,1,0,2,0
CUST_000038,1,Basic,26-35,North,25.5,33.6,9,4.0,0.0,0,1,1,0
CUST_000039,13,Standard,46-55,North,6.6,14.8,11,6.6,0.0,0,0,1,0
CUST_000040,6,Basic,18-25,North,13.6,43.5,9,0.8,3.0,0,1,1,0
CUST_000041,1,Premium,26-35,South,3.4,12.0,3,5.4,0.0,2,0,0,1
CUST_000042,8,Basic,46-55,North,2.9,3.8,6,34.3,4.0,0,0,0,1
CUST_000043,1,Basic,46-55,East,3.8,6.8,3,3.6,6.0,2,0,0,1
CUST_000044,28,Standard,26-35,South,22.5,15.6,7,0.4,1.0,0,1,1,0
CUST_000045,3,Standard,18-25,South,13.3,6.2,12,1.6,0.0,1,0,0,0
CUST_000046,13,Standard,46-55,East,12.0,15.3,4,6.5,,0,0,0,0
CUST_000047,4,Basic,26-35,North,21.7,24.9,12,1.6,1.0,0,1,1,0
CUST_000048,8,Basic,26-35,West,4.1,82.6,12,1.5,1.0,0,0,0,0
CUST_000049,9,Standard,36-45,East,6.5,13.9,5,0.1,1.0,0,0,1,0
CUST_000050,2,Premium,56+,West,18.0,39.7,15,2.3,1.0,0,0,1,0
CUST_000051,41,Standard,18-25,South,2.5,14.2,5,32.9,4.0,0,0,0,1
CUST_000052,17,Basic,46-55,West,6.3,11.7,6,0.8,2.0,0,0,0,0
CUST_000053,33,Premium,36-45,East,14.5,81.6,8,4.3,2.0,2,0,0,0
CUST_000054,27,Basic,26-35,West,3.9,7.0,4,1.0,4.0,2,1,2,1
CUST_000055,10,Standard,46-55,North,1.6,10.0,5,2.7,1.0,2,1,0,1
CUST_000056,30,Basic,56+,East,2.2,7.1,3,5.2,10.0,2,0,0,1
CUST_000057,1,Basic,26-35,West,3.1,21.3,6,0.7,0.0,0,0,1,0
CUST_000058,2,Standard,18-25,North,13.6,32.8,4,1.3,0.0,1,0,1,0
CUST_000059,1,Standard,56+,East,2.2,19.1,5,13.1,1.0,2,1,2,1
CUST_000060,4,Basic,36-45,West,12.1,14.4,13,0.2,1.0,1,0,3,0
CUST_000061,5,Basic,26-35,East,9.1,22.7,12,6.5,1.0,0,1,0,0
CUST_000062,3,Basic,36-45,North,8.0,54.5,11,1.0,0.0,0,0,0,0
CUST_000063,21,Standard,46-55,East,2.6,30.9,10,0.3,1.0,0,0,1,0
CUST_000064,5,Basic,46-55,North,9.0,78.2,5,2.0,0.0,0,1,0,0
CUST_000065,3,Basic,56+,West,11.2,51.2,7,1.0,2.0,0,0,0,0
CUST_000066,9,Standard,26-35,North,13.7,44.6,7,10.3,1.0,0,0,1,0
CUST_000067,1,Standard,26-35,North,3.1,26.3,8,0.9,2.0,0,0,0,0
CUST_000068,19,Standard,36-45,South,6.7,27.2,7,6.1,3.0,0,1,1,0
CUST_000069,1,Standard,26-35,East,16.2,55.5,9,10.6,1.0,1,0,2,0
CUST_000070,52,Premium,36-45,West,22.5,33.5,15,1.4,1.0,0,0,2,0
CUST_000071,17,Premium,26-35,North,11.4,37.7,11,1.4,,1,0,1,0
CUST_000072,2,Standard,26-35,North,1.3,14.8,2,12.9,1.0,2,0,0,1
CUST_000073,1,Standard,36-45,South,14.2,27.2,8,1.9,1.0,0,0,0,0
CUST_000074,20,Basic,36-45,West,8.1,8.0,9,3.7,2.0,0,1,1,0
CUST_000075,14,Premium,46-55,South,2.8,17.4,4,3.7,3.0,2,0,0,1
CUST_000076,15,Basic,36-45,South,6.9,64.8,9,1.5,1.0,1,1,0,0
CUST_000077,17,Basic,26-35,East,1.3,4.0,2,15.9,3.0,2,0,0,1
CUST_000078,1,Basic,26-35,South,14.1,22.9,5,1.7,1.0,0,1,2,0
CUST_000079,5,Basic,46-55,South,1.5,35.9,8,2.5,2.0,0,0,1,0
CUST_000080,1,Premium,26-35,South,,37.9,12,4.3,2.0,1,0,0,0
CUST_000081,23,Standard,36-45,West,9.9,2.5,4,3.4,1.0,0,0,0,0
CUST_000082,11,Standard,36-45,West,1.3,14.7,3,19.7,4.0,0,0,2,1
CUST_000083,4,Standard,26-35,West,3.2,8.6,5,8.1,0.0,2,0,0,1
CUST_000084,1,Basic,46-55,South,5.9,17.0,12,4.3,2.0,0,0,2,0
CUST_000085,4,Basic,18-25,East,2.0,16.6,2,3.0,1.0,2,0,2,1
CUST_000086,4,Standard,36-45,North,9.2,42.4,6,1.6,2.0,1,0,0,0
CUST_000087,15,Standard,26-35,East,21.9,21.4,15,0.3,5.0,0,0,1,0
CUST_000088,12,Basic,18-25,East,2.1,12.4,0,7.9,3.0,0,0,0,1
CUST_000089,26,Standard,36-45,West,8.6,39.0,7,0.1,1.0,1,1,0,0
CUST_000090,7,Basic,36-45,North,8.2,38.5,10,0.5,3.0,1,0,0,0
CUST_000091,1,Basic,46-55,West,9.2,11.9,7,4.9,4.0,0,0,0,0
CUST_000092,14,Basic,46-55,East,0.6,101.8,2,0.6,0.0,0,0,0,0
CUST_000093,17,Basic,46-55,South,17.8,111.7,7,0.7,0.0,1,1,0,0
CUST_000094,9,Standard,26-35,East,30.0,43.8,8,5.7,1.0,0,0,0,0
CUST_000095,17,Standard,36-45,West,8.1,30.0,7,1.5,0.0,1,0,1,0
CUST_000096,8,Basic,36-45,West,13.4,15.4,9,1.8,,0,0,0,0
CUST_000097,8,Standard,26-35,East,10.9,30.4,6,2.3,3.0,0,0,1,0
CUST_000098,6,Standard,36-45,North,1.5,12.7,2,1.5,3.0,2,1,1,1
CUST_000099,1,Basic,56+,West,3.8,23.9,1,8.6,3.0,2,0,1,1
CUST_000100,1,Basic,26-35,East,4.5,44.3,4,3.5,3.0,0,0,0,0
CUST_000101,1,Premium,56+,South,10.5,29.3,2,4.1,2.0,0,1,0,0
CUST_000102,12,Standard,18-25,North,8.4,41.3,10,1.0,0.0,0,0,0,0
CUST_000103,4,Premium,26-35,North,13.3,8.5,11,0.6,0.0,0,0,2,0
CUST_000104,8,Basic,26-35,North,2.1,23.9,4,13.1,1.0,4,0,0,1
CUST_000105,28,Standard,36-45,West,8.9,42.8,10,1.3,2.0,1,0,1,0
CUST_000106,3,Basic,18-25,North,3.6,22.3,4,0.5,1.0,4,0,0,1
CUST_000107,6,Basic,46-55,North,16.9,76.6,7,2.2,1.0,1,0,0,0
CUST_000108,16,Standard,46-55,South,13.0,18.6,5,5.5,0.0,0,0,1,0
CUST_000109,3,Basic,36-45,South,14.8,24.5,12,1.0,1.0,0,1,0,0
CUST_000110,1,Basic,36-45,North,15.6,14.2,5,0.2,0.0,1,1,0,0
CUST_000111,4,Basic,56+,North,3.6,8.7,16,6.7,1.0,0,0,1,0
CUST_000112,2,Basic,46-55,North,12.6,15.2,6,1.1,1.0,1,0,0,0
CUST_000113,31,Standard,36-45,East,3.4,16.1,10,2.9,2.0,0,1,1,0
CUST_000114,19,Basic,46-55,North,20.1,25.2,8,0.6,1.0,0,0,0,0
CUST_000115,12,Basic,36-45,East,12.4,32.3,13,2.5,1.0,1,0,0,0
CUST_000116,24,Basic,36-45,North,3.2,6.4,14,1.8,1.0,0,1,0,0
CUST_000117,19,Basic,26-35,North,9.1,58.4,8,10.9,0.0,0,1,1,0
CUST_000118,2,Standard,36-45,South,4.0,24.8,3,0.6,3.0,0,1,0,0
CUST_000119,26,Basic,18-25,North,5.5,12.2,8,3.0,0.0,0,0,1,0
CUST_000120,9,Standard,26-35,North,10.2,36.1,9,5.2,1.0,1,0,0,0
CUST_000121,19,Basic,36-45,South,5.0,44.0,12,0.4,2.0,0,0,1,0
CUST_000122,27,Basic,56+,South,6.6,24.9,6,2.7,0.0,0,0,0,0
CUST_000123,4,Premium,56+,East,23.7,10.4,4,3.5,2.0,1,0,0,0
CUST_000124,1,Standard,36-45,North,7.0,9.5,6,5.0,0.0,0,1,3,0
CUST_000125,3,Basic,36-45,West,3.6,67.2,5,2.1,1.0,0,0,0,0
CUST_000126,6,Standard,26-35,West,1.3,20.6,4,1.8,2.0,0,0,0,0
CUST_000127,20,Basic,36-45,West,13.1,51.2,5,3.6,2.0,1,0,1,0
CUST_000128,23,Standard,18-25,South,12.9,24.8,9,7.1,2.0,0,0,1,0
CUST_000129,1,Standard,26-35,West,9.1,3.0,3,1.5,2.0,0,0,2,0
CUST_000130,8,Standard,36-45,North,30.0,39.4,11,1.7,2.0,0,1,0,0
CUST_000131,6,Premium,26-35,North,9.5,63.5,11,1.1,2.0,0,0,2,0
CUST_000132,3,Basic,18-25,North,17.0,45.0,8,3.1,2.0,0,1,0,0
CUST_000133,1,Standard,46-55,West,4.6,30.4,7,0.3,1.0,0,0,0,0
CUST_000134,4,Basic,26-35,South,13.6,27.8,10,1.1,1.0,0,0,1,0
CUST_000135,34,Basic,18-25,West,3.1,57.2,5,1.0,1.0,0,0,0,0
CUST_000136,4,Basic,18-25,South,13.4,33.4,10,2.5,2.0,0,0,3,0
CUST_000137,8,Basic,26-35,West,3.3,21.5,3,5.0,1.0,4,0,2,1
CUST_000138,14,Standard,26-35,West,11.5,21.4,5,1.6,3.0,0,1,0,0
CUST_000139,5,Standard,46-55,West,9.4,9.8,3,2.6,2.0,0,0,0,0
CUST_000140,42,Standard,26-35,South,12.8,12.4,9,0.5,0.0,0,0,0,0
CUST_000141,39,Basic,46-55,West,0.6,21.0,5,1.0,1.0,2,0,0,1
CUST_000142,3,Basic,26-35,West,7.2,38.0,9,2.5,0.0,0,1,1,0
CUST_000143,8,Premium,36-45,South,24.5,90.9,12,3.6,1.0,1,0,0,0
CUST_000144,4,Basic,36-45,South,17.9,20.1,8,2.7,2.0,1,1,0,0
CUST_000145,4,Standard,36-45,East,11.1,50.7,10,0.9,0.0,1,1,0,0
CUST_000146,1,Standard,36-45,South,16.8,12.0,11,0.3,2.0,0,1,0,0
CUST_000147,11,Standard,56+,West,6.9,26.5,6,7.8,0.0,0,0,0,0
CUST_000148,8,Standard,26-35,North,2.4,12.6,5,3.5,3.0,2,1,2,1
CUST_000149,1,Premium,36-45,East,12.9,44.0,12,0.3,1.0,0,0,1,0
CUST_000150,3,Basic,46-55,North,9.5,8.5,8,4.0,1.0,0,1,0,0
CUST_000151,28,Premium,18-25,South,16.0,26.5,4,0.1,1.0,0,0,1,0
CUST_000152,3,Basic,18-25,South,4.0,13.8,5,7.6,0.0,4,1,1,1
CUST_000153,1,Basic,26-35,West,8.2,22.1,9,0.3,3.0,1,1,0,0
CUST_000154,8,Basic,36-45,North,13.9,26.6,7,3.7,1.0,0,0,0,0
CUST_000155,50,Standard,26-35,West,2.0,53.0,4,13.8,3.0,2,0,0,1
CUST_000156,3,Basic,26-35,West,9.4,5.8,9,2.4,3.0,0,0,0,0
CUST_000157,13,Basic,36-45,South,11.2,50.5,6,0.1,1.0,1,0,0,0
CUST_000158,17,Basic,36-45,North,5.0,13.6,4,1.6,3.0,0,1,0,0
CUST_000159,3,Premium,26-35,North,9.7,49.2,4,0.5,4.0,0,0,1,0
CUST_000160,15,Standard,26-35,South,22.4,4.2,10,1.5,2.0,1,0,1,0
CUST_000161,5,Standard,36-45,North,9.1,18.3,11,1.9,3.0,0,0,1,0
CUST_000162,12,Standard,56+,East,30.0,36.1,6,0.3,0.0,1,1,1,0
CUST_000163,12,Basic,36-45,West,,20.6,4,5.4,1.0,4,1,0,1
CUST_000164,9,Basic,46-55,North,14.5,22.6,7,0.2,2.0,0,0,1,0
CUST_000165,1,Premium,26-35,East,3.1,39.6,7,4.1,0.0,0,0,1,0
CUST_000166,21,Basic,26-35,West,0.6,17.1,2,6.7,3.0,2,0,0,1
CUST_000167,4,Basic,36-45,West,3.5,60.1,6,1.2,1.0,0,0,0,0
CUST_000168,2,Basic,46-55,West,15.7,22.0,4,0.2,1.0,0,0,1,0
CUST_000169,1,Basic,36-45,West,6.6,12.3,6,5.0,1.0,0,1,0,0
CUST_000170,10,Basic,46-55,South,2.0,40.7,6,3.7,0.0,0,0,1,0
CUST_000171,13,Standard,56+,West,4.2,27.8,4,2.6,0.0,5,1,1,1
CUST_000172,1,Basic,18-25,West,14.7,13.4,12,1.1,0.0,1,1,0,0
CUST_000173,8,Standard,18-25,South,1.9,29.9,3,3.2,4.0,4,0,0,1
CUST_000174,3,Basic,18-25,South,15.3,34.5,9,10.2,0.0,1,0,0,0
CUST_000175,12,Basic,26-35,South,2.6,34.0,11,1.4,1.0,0,1,1,0
CUST_000176,2,Basic,18-25,South,14.4,43.6,8,0.7,0.0,0,0,0,0
CUST_000177,14,Standard,46-55,North,2.4,12.7,3,8.7,3.0,2,0,0,1
CUST_000178,5,Basic,18-25,East,18.9,16.3,8,3.7,0.0,1,1,0,0
CUST_000179,33,Standard,26-35,East,21.5,15.3,8,0.5,3.0,0,1,1,0
CUST_000180,1,Standard,26-35,South,10.8,33.5,8,5.1,2.0,0,0,0,0
CUST_000181,5,Standard,56+,North,,58.2,8,2.7,1.0,0,0,1,0
CUST_000182,1,Basic,36-45,West,30.0,35.1,11,1.1,3.0,1,0,0,0
CUST_000183,31,Basic,56+,North,4.4,33.2,10,1.3,1.0,0,0,0,0
CUST_000184,25,Basic,56+,North,23.5,18.4,8,4.9,3.0,0,1,3,0
CUST_000185,3,Standard,36-45,East,29.2,29.4,6,1.2,4.0,2,0,0,0
CUST_000186,12,Basic,26-35,South,11.1,46.9,9,3.5,1.0,0,1,0,0
CUST_000187,20,Standard,26-35,North,3.1,49.6,8,0.0,3.0,1,0,1,0
CUST_000188,9,Premium,26-35,South,15.6,38.3,8,1.0,0.0,0,1,0,0
CUST_000189,9,Basic,46-55,West,30.0,19.6,11,0.9,1.0,1,0,0,0
CUST_000190,3,Basic,18-25,East,2.5,10.9,3,12.4,4.0,0,1,0,1
CUST_000191,1,Standard,18-25,South,3.8,25.9,3,18.7,0.0,2,0,0,1
CUST_000192,27,Basic,36-45,North,0.4,31.9,3,12.7,1.0,2,1,0,1
CUST_000193,27,Basic,36-45,East,7.7,23.7,7,0.8,1.0,0,0,0,0
CUST_000194,12,Premium,36-45,West,19.7,19.2,9,1.1,,1,0,0,0
CUST_000195,4,Basic,26-35,East,1.8,18.5,5,9.8,0.0,4,0,1,1
CUST_000196,5,Premium,46-55,West,34.3,39.8,18,0.0,0.0,0,0,0,0
CUST_000197,15,Standard,36-45,East,1.1,22.7,2,21.6,3.0,0,0,0,1
CUST_000198,27,Standard,18-25,East,5.1,33.5,8,5.7,1.0,0,1,0,0
CUST_000199,26,Basic,46-55,West,20.1,29.6,7,0.2,1.0,0,0,0,0
CUST_000200,18,Basic,56+,West,,18.5,9,1.5,1.0,0,0,1,0
CUST_000201,12,Standard,18-25,West,26.2,,7,3.4,1.0,0,0,0,0
CUST_000202,1,Basic,26-35,South,0.7,6.3,4,0.5,1.0,2,0,0,1
CUST_000203,2,Basic,36-45,West,3.1,16.0,3,6.8,1.0,2,1,1,1
CUST_000204,27,Basic,18-25,East,10.6,17.2,8,3.4,0.0,1,1,0,0
CUST_000205,11,Basic,46-55,West,30.0,53.1,7,2.4,1.0,1,0,1,0
CUST_000206,1,Basic,26-35,North,,30.3,12,1.5,2.0,1,0,2,0
CUST_000207,1,Standard,46-55,East,12.4,4.1,12,0.4,2.0,0,1,2,0
CUST_000208,13,Basic,36-45,West,8.1,,8,0.6,2.0,0,0,1,0
CUST_000209,1,Basic,36-45,North,7.5,24.8,9,5.1,3.0,0,0,0,0
CUST_000210,2,Standard,26-35,East,2.5,27.3,4,13.6,1.0,2,0,0,1
CUST_000211,9,Premium,26-35,West,17.0,36.9,7,2.8,2.0,0,0,1,0
CUST_000212,14,Basic,18-25,South,3.3,20.6,2,1.7,4.0,2,1,0,1
CUST_000213,12,Basic,26-35,South,13.0,82.4,7,2.3,3.0,0,0,0,0
CUST_000214,3,Standard,26-35,East,9.1,61.0,10,0.7,1.0,1,0,0,0
CUST_000215,14,Premium,46-55,East,9.1,33.9,12,1.3,1.0,0,1,0,0
CUST_000216,3,Standard,26-35,North,23.1,41.1,11,3.0,3.0,0,0,0,0
CUST_000217,4,Standard,46-55,North,2.3,10.3,5,2.6,4.0,2,0,0,1
CUST_000218,16,Basic,26-35,North,2.6,18.4,6,18.9,3.0,2,0,0,1
CUST_000219,12,Standard,46-55,South,0.4,17.2,3,20.3,0.0,0,0,0,1
CUST_000220,22,Basic,56+,North,3.4,7.6,5,1.2,1.0,4,0,1,1
CUST_000221,12,Standard,26-35,East,21.9,25.6,9,1.7,1.0,0,0,2,0
CUST_000222,10,Standard,46-55,East,22.3,25.7,4,3.1,0.0,0,1,0,0
CUST_000223,1,Premium,36-45,West,8.4,34.8,9,4.5,3.0,0,1,0,0
CUST_000224,5,Basic,46-55,North,12.2,22.9,5,2.4,1.0,1,1,0,0
CUST_000225,3,Basic,36-45,South,14.2,21.3,5,0.9,2.0,0,0,0,0
CUST_000226,3,Standard,26-35,South,1.1,32.2,3,20.9,3.0,0,0,0,1
CUST_000227,43,Standard,26-35,West,18.4,36.3,10,3.4,3.0,0,0,0,0
CUST_000228,5,Standard,18-25,East,2.6,29.2,6,0.7,1.0,0,0,3,0
CUST_000229,26,Basic,36-45,West,3.0,9.9,4,7.6,1.0,2,0,1,1
CUST_000230,11,Basic,56+,North,3.2,48.6,9,3.4,3.0,0,1,0,0
CUST_000231,19,Standard,46-55,East,10.6,53.5,8,0.4,3.0,1,0,1,0
CUST_000232,8,Basic,26-35,East,2.1,3.9,4,2.8,1.0,2,0,0,1
CUST_000233,10,Premium,46-55,West,3.8,4.5,7,25.9,0.0,0,1,0,1
CUST_000234,8,Basic,46-55,East,16.0,21.0,7,2.9,0.0,1,1,0,0
CUST_000235,2,Standard,26-35,East,5.5,23.5,6,7.2,0.0,0,0,0,0
CUST_000236,15,Standard,18-25,North,4.1,8.8,6,3.8,4.0,2,0,1,1
CUST_000237,3,Standard,18-25,East,2.5,15.0,8,1.7,1.0,0,0,0,0
CUST_000238,1,Basic,46-55,South,1.8,3.6,5,1.1,,0,1,0,0
CUST_000239,12,Standard,46-55,North,9.5,57.0,14,2.1,3.0,1,0,1,0
CUST_000240,2,Basic,26-35,North,5.3,24.4,6,0.4,2.0,0,0,1,0
CUST_000241,33,Standard,26-35,West,25.7,32.5,9,2.8,1.0,0,1,0,0
CUST_000242,36,Basic,46-55,South,30.0,28.6,12,5.3,2.0,1,0,1,0
CUST_000243,29,Basic,56+,West,2.7,16.4,10,3.7,1.0,0,0,1,0
CUST_000244,5,Basic,46-55,West,0.9,13.8,3,3.0,3.0,2,1,1,1
CUST_000245,1,Basic,36-45,West,26.1,65.9,3,2.3,2.0,0,0,1,0
CUST_000246,31,Premium,26-35,West,17.4,22.3,5,4.3,2.0,1,0,1,0
CUST_000247,6,Basic,36-45,West,4.7,12.2,5,1.2,6.0,2,0,0,1
CUST_000248,40,Standard,26-35,South,2.1,36.4,8,0.8,3.0,0,1,0,0
CUST_000249,39,Premium,46-55,North,45.0,8.1,8,11.6,0.0,0,0,1,0
CUST_000250,23,Basic,26-35,East,4.0,25.1,7,0.1,3.0,0,1,0,0
CUST_000251,4,Standard,46-55,South,14.5,20.0,6,0.1,2.0,0,0,0,0
CUST_000252,5,Basic,26-35,North,7.0,11.7,4,6.8,1.0,4,0,1,1
CUST_000253,22,Basic,46-55,East,1.7,10.3,8,1.8,0.0,0,0,1,0
CUST_000254,4,Basic,26-35,East,4.7,15.2,8,0.6,0.0,0,0,0,0
CUST_000255,2,Premium,26-35,West,3.4,30.7,5,0.0,1.0,0,1,1,0
CUST_000256,9,Basic,36-45,East,0.5,7.8,5,9.9,3.0,0,0,0,1
CUST_000257,33,Standard,18-25,East,3.4,12.8,3,22.4,3.0,0,0,0,1
CUST_000258,14,Standard,56+,South,2.6,22.5,9,3.4,0.0,0,1,1,0
CUST_000259,10,Premium,36-45,South,3.0,9.2,5,10.3,1.0,2,0,2,1
CUST_000260,1,Basic,36-45,West,1.0,16.3,3,1.5,0.0,2,0,1,1
CUST_000261,11,Standard,46-55,North,3.1,16.8,2,18.9,6.0,0,0,1,1
CUST_000262,55,Standard,46-55,South,25.5,20.0,8,2.1,1.0,0,1,1,0
CUST_000263,1,Standard,36-45,East,10.4,29.5,8,0.7,3.0,0,0,0,0
CUST_000264,8,Premium,56+,South,7.8,62.9,14,2.4,0.0,1,1,1,0
CUST_000265,25,Standard,18-25,South,3.9,9.9,4,1.4,3.0,2,1,0,1
CUST_000266,16,Basic,18-25,South,4.9,13.3,3,16.0,3.0,2,0,1,1
CUST_000267,14,Basic,36-45,North,10.0,35.5,11,1.9,2.0,0,1,0,0
CUST_000268,14,Basic,26-35,South,6.4,57.9,8,0.8,1.0,0,0,0,0
CUST_000269,5,Basic,36-45,West,4.4,17.6,11,2.7,2.0,0,0,0,0
CUST_000270,4,Basic,26-35,East,14.5,25.1,11,0.9,0.0,0,0,2,0
CUST_000271,19,Basic,26-35,North,1.5,4.1,2,14.4,1.0,2,1,1,1
CUST_000272,19,Basic,46-55,South,14.6,37.7,8,1.5,1.0,0,0,0,0
CUST_000273,24,Premium,36-45,North,8.5,51.3,8,0.5,3.0,0,0,0,0
CUST_000274,29,Basic,56+,West,9.3,15.4,1,13.1,0.0,4,0,0,1
CUST_000275,8,Premium,46-55,South,5.0,12.6,8,1.3,4.0,0,0,2,0
CUST_000276,8,Basic,26-35,West,3.3,67.1,8,3.1,1.0,0,1,0,0
CUST_000277,19,Standard,26-35,South,8.5,30.8,5,5.8,2.0,0,1,1,0
CUST_000278,12,Standard,26-35,West,4.0,33.1,8,2.1,0.0,1,0,2,0
CUST_000279,14,Basic,46-55,South,26.2,41.3,9,7.9,2.0,1,1,0,0
CUST_000280,19,Basic,18-25,North,2.3,28.9,5,8.4,4.0,2,0,1,1
CUST_000281,26,Basic,26-35,North,1.8,6.9,3,2.8,4.0,2,0,1,1
CUST_000282,4,Basic,56+,East,11.2,35.7,11,0.4,1.0,1,0,0,0
CUST_000283,5,Premium,36-45,South,0.5,8.2,2,11.1,0.0,2,0,0,1
CUST_000284,1,Standard,26-35,South,27.4,35.4,6,3.3,3.0,1,0,1,0
CUST_000285,10,Basic,26-35,West,12.8,34.9,10,3.7,2.0,0,0,0,0
CUST_000286,1,Basic,46-55,North,9.9,28.5,6,0.6,2.0,0,1,0,0
CUST_000287,7,Basic,46-55,South,4.2,25.6,10,0.1,1.0,1,0,2,0
CUST_000288,9,Basic,26-35,West,7.3,10.0,9,0.8,0.0,1,0,2,0
CUST_000289,4,Standard,26-35,South,2.3,33.8,2,24.2,3.0,0,0,1,1
CUST_000290,10,Basic,46-55,West,5.5,98.6,2,1.9,0.0,1,0,1,0
CUST_000291,1,Standard,46-55,South,15.5,82.0,5,3.3,2.0,0,0,0,0
CUST_000292,1,Basic,46-55,South,10.7,42.0,6,0.4,6.0,1,0,1,0
CUST_000293,20,Basic,36-45,North,6.0,26.6,10,3.3,0.0,0,0,0,0
CUST_000294,5,Standard,56+,West,1.5,43.1,6,6.2,1.0,0,1,1,0
CUST_000295,1,Basic,26-35,West,30.0,40.6,11,3.3,4.0,2,0,0,0
CUST_000296,8,Premium,26-35,West,23.5,,9,1.3,3.0,0,0,0,0
CUST_000297,17,Premium,46-55,South,6.8,16.3,5,1.1,2.0,0,0,0,0
CUST_000298,2,Basic,36-45,West,,17.4,6,0.3,4.0,0,1,0,0
CUST_000299,11,Basic,46-55,South,1.8,7.2,4,20.0,1.0,0,0,0,1
CUST_000300,1,Standard,18-25,South,4.4,,10,1.0,1.0,0,1,1,0
CUST_000301,1,Premium,46-55,West,6.2,92.5,8,0.1,,1,0,1,0
CUST_000302,9,Standard,26-35,North,4.4,17.5,2,23.2,6.0,0,0,0,1
CUST_000303,9,Basic,36-45,North,4.2,38.6,7,6.4,1.0,0,0,0,0
CUST_000304,12,Premium,18-25,South,12.7,88.8,22,4.8,3.0,1,1,0,0
CUST_000305,15,Basic,36-45,West,20.2,23.0,8,1.6,0.0,1,0,0,0
CUST_000306,44,Standard,46-55,South,1.4,20.4,5,4.8,4.0,5,0,0,1
CUST_000307,8,Premium,26-35,South,4.2,57.7,16,5.3,0.0,0,0,1,0
CUST_000308,4,Basic,26-35,West,23.3,4.3,6,3.9,1.0,0,0,0,0
CUST_000309,19,Premium,36-45,South,19.6,38.8,12,0.2,4.0,1,0,0,0
CUST_000310,3,Basic,46-55,North,8.1,23.3,8,3.7,0.0,0,1,1,0
CUST_000311,6,Premium,26-35,East,2.9,31.9,8,2.5,1.0,0,0,0,0
CUST_000312,1,Basic,26-35,West,0.8,9.3,4,1.2,1.0,2,1,1,1
CUST_000313,1,Premium,26-35,North,5.4,6.7,4,2.4,1.0,0,0,1,0
CUST_000314,39,Basic,56+,East,9.0,55.0,4,2.6,2.0,0,0,0,0
CUST_000315,21,Standard,26-35,North,16.5,18.0,10,0.3,1.0,0,0,0,0
CUST_000316,14,Standard,18-25,East,8.8,26.8,5,2.3,2.0,0,0,0,0
CUST_000317,6,Basic,46-55,South,9.2,21.7,6,0.2,3.0,0,0,1,0
CUST_000318,2,Basic,36-45,South,18.0,32.2,5,0.2,3.0,1,0,1,0
CUST_000319,2,Standard,18-25,South,11.2,28.0,10,3.4,0.0,0,0,0,0
CUST_000320,3,Basic,56+,West,5.1,68.6,6,5.6,2.0,0,0,1,0
CUST_000321,9,Standard,36-45,East,3.8,9.2,2,3.5,0.0,2,0,0,1
CUST_000322,15,Basic,36-45,West,16.8,16.6,5,1.6,3.0,0,0,3,0
CUST_000323,12,Premium,26-35,East,14.8,13.4,8,1.9,0.0,0,0,1,0
CUST_000324,3,Basic,46-55,North,12.4,9.6,3,5.2,4.0,5,0,0,1
CUST_000325,37,Basic,26-35,South,2.1,23.6,3,14.7,0.0,2,1,1,1
CUST_000326,16,Basic,26-35,West,3.1,11.2,9,1.6,1.0,0,0,1,0
CUST_000327,9,Basic,18-25,East,10.4,66.5,3,6.6,1.0,0,0,0,0
CUST_000328,11,Basic,46-55,West,8.6,37.5,8,0.2,0.0,0,0,0,0
CUST_000329,6,Basic,36-45,North,1.4,19.4,3,0.2,4.0,2,0,1,1
CUST_000330,3,Premium,36-45,South,7.1,23.6,16,1.8,1.0,0,1,0,0
CUST_000331,5,Standard,26-35,South,20.3,59.9,7,3.3,1.0,0,0,1,0
CUST_000332,17,Standard,36-45,South,11.5,29.1,10,5.1,1.0,1,0,0,0
CUST_000333,1,Basic,46-55,South,5.0,24.2,4,0.5,1.0,0,1,1,0
CUST_000334,1,Standard,26-35,South,3.5,27.6,9,3.2,1.0,0,0,0,0
CUST_000335,1,Basic,46-55,East,6.0,17.6,8,5.6,0.0,0,0,2,0
CUST_000336,1,Standard,26-35,South,16.2,36.0,14,2.1,1.0,0,0,0,0
CUST_000337,23,Basic,46-55,North,8.4,23.2,12,0.1,0.0,0,0,0,0
CUST_000338,14,Basic,18-25,East,,,2,7.4,3.0,2,1,0,1
CUST_000339,7,Basic,36-45,South,16.8,42.8,7,6.8,2.0,0,0,1,0
CUST_000340,1,Premium,56+,East,2.2,15.8,6,2.6,1.0,4,1,2,1
CUST_000341,8,Basic,56+,South,4.1,60.2,5,3.6,1.0,0,1,0,0
CUST_000342,7,Standard,26-35,West,8.9,32.4,9,0.1,1.0,0,1,2,0
CUST_000343,2,Basic,26-35,East,7.5,60.6,9,2.4,,0,1,0,0
CUST_000344,6,Standard,18-25,West,3.2,13.2,4,1.4,3.0,2,1,0,1
CUST_000345,6,Premium,46-55,East,26.0,40.6,15,2.9,2.0,0,1,0,0
CUST_000346,11,Basic,36-45,South,1.1,11.8,11,0.6,3.0,0,1,0,0
CUST_000347,12,Basic,26-35,South,1.6,13.9,1,1.7,,2,1,0,1
CUST_000348,1,Premium,18-25,East,18.5,37.9,15,0.7,3.0,1,1,0,0
CUST_000349,5,Standard,56+,East,5.5,15.8,9,2.5,2.0,0,0,0,0
CUST_000350,11,Basic,36-45,East,30.0,30.9,10,0.1,2.0,0,1,1,0
CUST_000351,8,Standard,26-35,North,,26.6,7,4.1,3.0,0,1,0,0
CUST_000352,23,Standard,26-35,East,2.8,7.6,6,5.1,4.0,2,0,1,1
CUST_000353,12,Basic,26-35,West,6.0,8.3,5,4.9,1.0,4,0,0,1
CUST_000354,2,Standard,36-45,East,11.6,,6,7.6,2.0,0,0,2,0
CUST_000355,1,Basic,56+,South,21.7,14.2,4,0.8,1.0,0,0,1,0
CUST_000356,12,Basic,46-55,West,6.5,23.8,7,3.7,1.0,0,1,1,0
CUST_000357,1,Standard,36-45,South,4.9,92.5,7,3.5,1.0,0,0,0,0
CUST_000358,10,Basic,46-55,North,5.5,7.5,5,4.3,1.0,4,0,0,1
CUST_000359,33,Basic,26-35,West,6.5,30.5,14,0.0,1.0,0,1,1,0
CUST_000360,10,Standard,26-35,North,13.1,63.9,9,1.3,0.0,1,1,2,0
CUST_000361,5,Premium,56+,East,30.0,54.1,0,0.1,3.0,1,0,0,0
CUST_000362,12,Premium,26-35,North,5.4,54.8,9,0.1,3.0,0,0,2,0
CUST_000363,7,Premium,26-35,North,6.8,70.4,7,3.2,1.0,0,0,0,0
CUST_000364,9,Premium,56+,North,28.1,47.7,2,0.9,3.0,0,0,2,0
CUST_000365,34,Basic,18-25,South,8.0,22.6,7,0.4,2.0,1,1,1,0
CUST_000366,5,Basic,46-55,North,8.3,31.6,6,2.6,4.0,0,0,0,0
CUST_000367,38,Standard,56+,North,16.6,31.3,4,5.8,3.0,0,0,1,0
CUST_000368,28,Basic,36-45,West,7.3,24.6,6,1.6,0.0,0,0,0,0
CUST_000369,2,Standard,18-25,West,14.5,6.2,14,2.6,3.0,0,0,0,0
CUST_000370,1,Standard,26-35,West,1.9,11.5,1,6.3,9.0,0,0,0,1
CUST_000371,1,Basic,18-25,West,5.8,49.7,9,0.4,2.0,0,1,0,0
CUST_000372,1,Premium,26-35,South,33.6,19.5,8,4.1,2.0,2,0,0,0
CUST_000373,1,Standard,46-55,West,8.1,49.4,13,2.6,2.0,0,1,0,0
CUST_000374,13,Basic,26-35,East,1.8,10.3,2,25.3,4.0,0,0,0,1
CUST_000375,1,Premium,26-35,South,5.3,44.9,11,0.3,1.0,1,0,0,0
CUST_000376,4,Basic,36-45,East,3.8,11.8,4,17.2,4.0,2,0,2,1
CUST_000377,22,Basic,36-45,North,14.9,19.6,13,1.3,2.0,0,0,0,0
CUST_000378,1,Standard,46-55,West,0.2,6.2,3,3.8,3.0,4,0,1,1
CUST_000379,20,Standard,26-35,South,5.2,39.5,13,0.6,1.0,1,0,1,0
CUST_000380,3,Standard,46-55,North,5.8,10.5,3,27.4,4.0,2,0,0,1
CUST_000381,1,Standard,36-45,North,,8.6,4,1.9,4.0,2,0,0,1
CUST_000382,14,Standard,26-35,North,10.9,17.9,7,0.7,0.0,0,1,1,0
CUST_000383,11,Basic,26-35,West,4.2,22.8,8,0.0,0.0,0,0,0,0
CUST_000384,25,Premium,26-35,West,13.2,21.5,12,3.8,2.0,0,0,2,0
CUST_000385,15,Premium,36-45,South,25.6,32.2,11,0.1,2.0,0,0,1,0
CUST_000386,19,Basic,26-35,South,5.6,44.6,3,0.7,0.0,0,1,0,0
CUST_000387,3,Basic,56+,North,8.5,25.9,6,0.1,1.0,1,0,0,0
CUST_000388,2,Premium,36-45,West,17.3,48.9,9,2.1,1.0,1,0,0,0
CUST_000389,16,Premium,56+,North,6.5,88.5,11,3.2,1.0,0,1,1,0
CUST_000390,19,Premium,18-25,West,1.9,11.5,9,7.6,1.0,2,0,0,1
CUST_000391,55,Premium,26-35,East,7.7,61.1,12,1.4,2.0,0,1,0,0
CUST_000392,6,Standard,18-25,West,12.0,26.8,6,0.5,1.0,1,0,0,0
CUST_000393,5,Standard,26-35,East,2.2,24.3,5,4.7,4.0,2,0,1,1
CUST_000394,17,Standard,46-55,East,1.5,14.1,4,0.1,,2,1,0,1
CUST_000395,5,Basic,18-25,East,13.4,32.7,10,1.3,2.0,0,0,0,0
CUST_000396,32,Standard,26-35,West,1.8,10.7,3,14.8,3.0,0,0,0,1
CUST_000397,23,Standard,18-25,West,30.0,18.8,10,4.8,1.0,0,1,0,0
CUST_000398,6,Standard,26-35,East,16.6,16.9,7,1.4,1.0,0,0,0,0
CUST_000399,16,Standard,46-55,East,22.5,19.5,11,3.1,1.0,1,0,0,0
CUST_000400,16,Basic,36-45,West,9.1,16.1,11,1.5,2.0,0,1,0,0
CUST_000401,1,Basic,46-55,West,4.3,19.9,11,3.1,2.0,0,1,1,0
CUST_000402,27,Basic,26-35,East,17.4,79.1,9,6.9,4.0,0,1,0,0
CUST_000403,8,Basic,56+,North,2.7,29.2,12,3.2,0.0,0,0,0,0
CUST_000404,21,Basic,46-55,North,1.2,39.3,9,1.6,3.0,0,0,0,0
CUST_000405,4,Premium,26-35,West,16.3,23.8,8,0.1,2.0,0,0,1,0
CUST_000406,27,Basic,26-35,North,2.2,12.2,7,0.9,0.0,0,0,1,0
CUST_000407,5,Basic,56+,North,7.5,28.3,7,1.3,1.0,1,0,0,0
CUST_000408,1,Standard,36-45,North,7.1,24.6,8,3.6,0.0,0,0,0,0
CUST_000409,28,Standard,46-55,East,14.5,52.5,11,1.0,1.0,0,0,0,0
CUST_000410,1,Basic,26-35,East,1.3,11.6,2,11.5,4.0,0,1,1,1
CUST_000411,4,Standard,26-35,South,0.9,27.7,1,12.2,0.0,2,0,1,1
CUST_000412,35,Standard,46-55,North,6.7,41.0,11,2.4,6.0,0,1,0,0
CUST_000413,36,Basic,36-45,West,0.2,1.7,4,9.1,1.0,2,0,3,1
CUST_000414,10,Basic,36-45,West,,5.3,1,5.3,7.0,4,0,0,1
CUST_000415,11,Premium,36-45,North,14.4,16.3,7,2.7,2.0,0,0,0,0
CUST_000416,7,Standard,26-35,North,9.7,47.6,10,2.5,1.0,0,0,0,0
CUST_000417,4,Standard,46-55,East,6.6,13.3,9,2.9,3.0,0,1,0,0
CUST_000418,4,Basic,56+,West,26.6,37.1,13,1.7,0.0,0,0,0,0
CUST_000419,13,Basic,46-55,West,11.1,21.8,9,2.9,0.0,0,0,1,0
CUST_000420,16,Standard,26-35,East,13.4,20.0,8,1.1,0.0,0,0,1,0
CUST_000421,18,Basic,26-35,West,4.8,33.0,6,3.8,3.0,0,0,0,0
CUST_000422,18,Basic,46-55,North,6.8,17.0,7,1.7,0.0,0,0,0,0
CUST_000423,1,Standard,36-45,North,3.7,22.5,5,2.7,2.0,0,1,0,0
CUST_000424,8,Basic,36-45,East,8.8,20.5,12,6.0,0.0,0,1,1,0
CUST_000425,1,Standard,56+,West,3.8,77.9,8,0.2,4.0,0,0,1,0
CUST_000426,9,Standard,36-45,East,13.7,5.7,9,10.6,1.0,0,0,0,0
CUST_000427,6,Basic,36-45,West,7.8,15.4,9,6.8,2.0,0,0,1,0
CUST_000428,26,Standard,18-25,West,0.1,29.6,3,4.3,3.0,2,1,0,1
CUST_000429,5,Basic,18-25,East,3.5,45.4,6,3.4,1.0,0,0,0,0
CUST_000430,1,Standard,18-25,North,21.0,32.5,10,2.1,3.0,0,0,0,0
CUST_000431,1,Basic,56+,North,22.1,12.5,7,4.6,3.0,0,1,0,0
CUST_000432,17,Basic,26-35,West,12.2,71.8,12,0.5,1.0,0,0,1,0
CUST_000433,11,Standard,36-45,North,,11.1,3,2.3,3.0,2,0,1,1
CUST_000434,1,Basic,46-55,North,19.1,28.3,4,3.6,1.0,0,0,1,0
CUST_000435,1,Premium,36-45,West,10.8,16.3,12,4.3,2.0,0,0,0,0
CUST_000436,14,Basic,36-45,West,18.4,14.7,5,5.1,1.0,1,0,0,0
CUST_000437,1,Basic,26-35,North,8.8,53.9,8,1.2,2.0,0,1,1,0
CUST_000438,20,Standard,46-55,West,6.2,90.0,8,2.2,1.0,1,0,2,0
CUST_000439,14,Basic,26-35,North,13.7,3.6,2,0.8,2.0,0,1,0,0
CUST_000440,1,Basic,18-25,South,3.1,31.1,6,2.6,2.0,0,0,0,0
CUST_000441,1,Standard,26-35,East,1.9,10.4,4,7.8,6.0,2,0,0,1
CUST_000442,51,Standard,26-35,West,1.0,10.6,4,0.1,1.0,2,0,0,1
CUST_000443,5,Premium,26-35,North,8.4,20.5,5,0.0,1.0,5,0,1,1
CUST_000444,5,Premium,36-45,South,11.3,54.2,5,1.6,5.0,0,1,1,0
CUST_000445,20,Basic,26-35,North,30.0,52.0,7,1.6,1.0,0,1,0,0
CUST_000446,35,Standard,36-45,West,11.5,13.9,8,2.4,2.0,1,1,0,0
CUST_000447,51,Basic,18-25,East,6.1,35.5,7,1.5,1.0,0,1,0,0
CUST_000448,16,Standard,18-25,South,7.1,4.7,7,3.5,,0,0,0,0
CUST_000449,5,Basic,36-45,North,9.6,34.4,7,1.1,2.0,0,0,0,0
CUST_000450,1,Premium,56+,East,7.2,20.5,8,0.6,2.0,0,1,1,0
CUST_000451,18,Standard,46-55,East,0.3,12.6,3,9.0,1.0,0,0,1,1
CUST_000452,9,Premium,56+,West,3.1,6.5,9,0.9,1.0,0,1,0,0
CUST_000453,6,Standard,36-45,South,5.4,21.4,10,3.2,0.0,0,1,1,0
CUST_000454,28,Premium,36-45,West,2.2,5.1,12,0.2,2.0,0,1,2,0
CUST_000455,1,Standard,36-45,South,4.0,17.3,2,9.3,0.0,2,1,1,1
CUST_000456,8,Basic,36-45,South,16.4,37.5,10,0.8,2.0,2,1,0,0
CUST_000457,1,Basic,18-25,South,3.8,40.0,10,1.5,0.0,1,0,0,0
CUST_000458,7,Basic,36-45,East,5.5,15.0,5,3.3,4.0,0,0,1,0
CUST_000459,1,Basic,26-35,West,7.0,18.7,6,0.4,3.0,0,0,0,0
CUST_000460,1,Standard,26-35,East,6.2,7.7,6,0.7,2.0,0,0,0,0
CUST_000461,1,Standard,36-45,East,4.0,,2,3.0,1.0,2,1,0,1
CUST_000462,12,Standard,18-25,North,0.4,13.8,4,2.2,1.0,2,0,0,1
CUST_000463,16,Premium,26-35,North,26.5,37.4,9,1.2,3.0,1,0,0,0
CUST_000464,10,Premium,18-25,East,9.9,39.6,5,0.1,3.0,0,0,1,0
CUST_000465,39,Basic,56+,East,3.5,28.3,4,2.3,0.0,0,0,0,0
CUST_000466,5,Basic,18-25,West,10.0,7.1,11,0.6,2.0,1,1,0,0
CUST_000467,4,Basic,26-35,North,15.9,59.3,7,11.8,1.0,0,0,1,0
CUST_000468,24,Basic,46-55,North,2.9,24.9,9,0.4,0.0,0,1,0,0
CUST_000469,3,Standard,36-45,South,10.3,34.7,4,8.7,4.0,0,0,2,0
CUST_000470,39,Standard,18-25,West,19.7,39.1,8,4.3,1.0,0,1,1,0
CUST_000471,1,Standard,26-35,East,19.8,25.0,12,1.1,3.0,1,1,0,0
CUST_000472,42,Premium,18-25,South,20.9,17.1,14,2.6,0.0,0,0,1,0
CUST_000473,1,Standard,26-35,South,2.5,18.4,3,4.8,4.0,2,0,1,1
CUST_000474,26,Basic,18-25,North,3.1,11.1,10,0.0,1.0,0,0,1,0
CUST_000475,9,Standard,26-35,South,3.8,21.3,6,4.4,2.0,0,0,0,0
CUST_000476,59,Basic,46-55,West,19.5,57.8,7,6.0,3.0,0,0,0,0
CUST_000477,1,Basic,36-45,West,12.2,16.1,2,8.3,0.0,0,1,0,0
CUST_000478,9,Basic,36-45,East,14.3,19.4,9,0.2,2.0,0,0,1,0
CUST_000479,41,Basic,26-35,North,7.6,22.0,4,2.9,3.0,0,0,1,0
CUST_000480,8,Basic,26-35,East,1.0,39.6,7,6.3,0.0,0,0,1,0
CUST_000481,11,Basic,46-55,West,10.2,36.7,2,1.9,1.0,0,1,2,0
CUST_000482,14,Standard,18-25,North,1.7,13.4,2,0.7,3.0,2,0,1,1
CUST_000483,7,Standard,46-55,West,16.8,60.1,3,0.7,1.0,0,0,1,0
CUST_000484,11,Basic,36-45,West,1.9,20.3,6,8.8,3.0,2,1,1,1
CUST_000485,10,Basic,46-55,South,4.7,14.8,6,2.2,1.0,4,0,0,1
CUST_000486,27,Standard,26-35,East,12.5,35.8,13,7.1,1.0,0,0,1,0
CUST_000487,1,Basic,26-35,East,30.0,28.4,7,0.1,1.0,1,0,1,0
CUST_000488,3,Premium,46-55,East,11.1,40.5,22,2.1,1.0,1,0,1,0
CUST_000489,36,Standard,46-55,North,7.6,6.8,8,6.1,0.0,0,0,0,0
CUST_000490,26,Basic,26-35,North,8.4,10.8,4,25.4,1.0,2,0,1,1
CUST_000491,7,Basic,56+,North,6.7,46.5,9,0.9,1.0,0,0,0,0
CUST_000492,11,Basic,18-25,West,5.6,18.4,7,6.1,0.0,0,0,2,0
CUST_000493,3,Basic,18-25,South,4.4,13.2,6,0.4,3.0,0,1,1,0
CUST_000494,2,Basic,36-45,East,4.2,16.7,4,2.0,6.0,4,1,0,1
CUST_000495,7,Standard,46-55,West,2.5,10.6,6,8.3,3.0,2,0,0,1
CUST_000496,5,Basic,56+,South,20.6,32.4,5,4.7,0.0,0,0,0,0
CUST_000497,10,Standard,26-35,East,6.9,6.5,4,15.1,,2,0,0,1
CUST_000498,1,Standard,18-25,South,,37.6,7,0.5,0.0,1,1,1,0
CUST_000499,43,Basic,36-45,South,4.1,21.4,3,24.2,1.0,2,0,0,1
CUST_000500,51,Basic,26-35,South,2.1,18.5,3,5.2,1.0,2,1,1,1
CUST_000501,14,Basic,26-35,West,7.5,54.1,6,0.5,3.0,0,0,0,0
CUST_000502,9,Basic,36-45,West,6.9,12.3,7,2.4,1.0,0,0,0,0
CUST_000503,4,Standard,18-25,North,27.2,22.4,15,6.2,0.0,1,0,1,0
CUST_000504,20,Basic,36-45,West,6.6,26.1,4,1.1,2.0,0,0,2,0
CUST_000505,13,Standard,26-35,West,11.5,17.6,4,1.4,1.0,1,0,0,0
CUST_000506,2,Basic,46-55,North,12.0,13.3,9,0.3,1.0,1,1,0,0
CUST_000507,29,Basic,36-45,North,1.7,21.6,4,1.8,0.0,4,0,1,1
CUST_000508,20,Standard,26-35,South,6.5,10.2,4,2.6,1.0,0,1,1,0
CUST_000509,35,Standard,26-35,East,13.6,8.8,7,3.6,2.0,0,0,0,0
CUST_000510,15,Basic,26-35,East,3.0,45.3,9,3.3,2.0,0,1,0,0
CUST_000511,11,Basic,26-35,South,30.0,34.2,8,0.7,1.0,2,1,0,0
CUST_000512,6,Standard,36-45,South,8.8,30.1,11,0.3,3.0,1,0,0,0
CUST_000513,32,Basic,56+,North,5.0,53.4,12,9.8,2.0,0,0,0,0
CUST_000514,24,Basic,36-45,North,1.2,44.4,4,1.2,3.0,4,0,1,1
CUST_000515,1,Standard,36-45,East,23.3,52.3,13,3.8,0.0,0,0,1,0
CUST_000516,1,Basic,26-35,South,6.8,18.3,8,0.7,1.0,1,0,0,0
CUST_000517,5,Standard,26-35,East,11.3,62.2,8,0.8,2.0,0,0,2,0
CUST_000518,19,Standard,56+,West,2.8,20.2,11,0.4,0.0,0,0,0,0
CUST_000519,52,Standard,56+,North,2.2,9.7,4,15.0,0.0,4,0,0,1
CUST_000520,1,Standard,36-45,North,16.2,23.6,4,7.0,2.0,0,0,1,0
CUST_000521,10,Standard,26-35,North,22.8,39.8,8,0.4,2.0,1,0,2,0
CUST_000522,5,Standard,46-55,South,3.7,20.6,9,3.4,2.0,0,0,2,0
CUST_000523,42,Premium,18-25,East,16.7,25.6,14,2.8,1.0,0,0,0,0
CUST_000524,22,Basic,46-55,East,11.0,59.1,7,0.8,4.0,0,0,2,0
CUST_000525,21,Basic,46-55,South,16.2,39.9,9,1.0,3.0,1,0,0,0
CUST_000526,7,Standard,18-25,South,11.8,34.5,10,2.3,3.0,0,1,1,0
CUST_000527,6,Standard,56+,South,13.3,37.3,6,1.8,3.0,0,0,0,0
CUST_000528,3,Basic,56+,South,0.5,11.4,5,2.7,3.0,2,0,0,1
CUST_000529,1,Premium,56+,East,16.1,19.6,7,1.6,1.0,0,1,0,0
CUST_000530,24,Basic,36-45,North,1.2,9.8,3,5.5,0.0,2,0,1,1
CUST_000531,20,Standard,26-35,West,10.0,66.3,5,0.0,3.0,0,1,1,0
CUST_000532,60,Standard,36-45,East,17.8,36.9,13,3.9,2.0,0,0,1,0
CUST_000533,60,Premium,26-35,South,14.2,,12,0.9,0.0,1,0,0,0
CUST_000534,9,Basic,26-35,East,13.6,37.0,6,7.8,1.0,1,0,2,0
CUST_000535,17,Standard,26-35,West,15.7,35.1,8,7.3,2.0,1,1,0,0
CUST_000536,34,Basic,36-45,North,14.6,27.3,7,0.2,1.0,1,1,0,0
CUST_000537,22,Basic,18-25,North,10.0,28.8,15,1.7,,0,0,1,0
CUST_000538,3,Basic,26-35,South,10.6,14.5,9,1.8,0.0,1,0,0,0
CUST_000539,7,Standard,18-25,East,17.3,32.8,7,2.1,3.0,0,1,0,0
CUST_000540,1,Basic,46-55,North,30.0,33.9,3,0.2,1.0,1,1,2,0
CUST_000541,36,Basic,36-45,West,4.1,23.9,6,2.2,2.0,0,0,1,0
CUST_000542,11,Standard,18-25,East,5.5,33.3,6,2.2,1.0,1,1,2,0
CUST_000543,3,Standard,56+,West,7.4,13.4,9,9.9,6.0,4,1,1,1
CUST_000544,13,Standard,18-25,South,28.0,21.2,6,5.6,3.0,1,1,1,0
CUST_000545,11,Premium,36-45,West,2.9,44.6,7,0.3,1.0,0,0,2,0
CUST_000546,5,Basic,46-55,South,2.4,29.1,6,2.2,2.0,0,0,0,0
CUST_000547,1,Premium,46-55,South,12.8,18.5,7,0.8,2.0,0,1,0,0
CUST_000548,13,Premium,18-25,West,23.2,14.3,7,1.2,2.0,1,0,0,0
CUST_000549,8,Basic,56+,North,4.3,24.1,4,6.2,0.0,4,1,1,1
CUST_000550,17,Basic,56+,West,9.5,19.2,12,0.4,0.0,0,1,2,0
CUST_000551,8,Basic,36-45,South,1.9,13.5,2,13.2,7.0,4,0,0,1
CUST_000552,22,Basic,36-45,West,4.0,20.9,4,16.0,7.0,0,0,0,1
CUST_000553,9,Standard,18-25,East,2.5,14.8,3,1.7,1.0,2,0,0,1
CUST_000554,9,Standard,36-45,West,10.4,45.6,10,0.9,1.0,0,0,2,0
CUST_000555,25,Standard,26-35,North,6.9,23.6,6,0.6,2.0,0,0,0,0
CUST_000556,6,Standard,46-55,South,2.0,23.4,5,3.1,0.0,5,1,1,1
CUST_000557,1,Basic,26-35,East,23.6,50.8,4,0.3,1.0,0,0,2,0
CUST_000558,1,Premium,36-45,West,20.3,5.7,5,0.3,3.0,0,0,1,0
CUST_000559,16,Basic,18-25,North,10.5,7.1,8,0.8,0.0,1,0,2,0
CUST_000560,11,Premium,18-25,South,6.5,26.2,8,1.0,1.0,0,0,0,0
CUST_000561,14,Basic,18-25,South,13.4,13.4,10,10.0,1.0,0,0,2,0
CUST_000562,2,Premium,18-25,North,5.1,40.6,12,0.1,2.0,1,0,0,0
CUST_000563,1,Basic,36-45,South,4.2,21.0,10,3.7,0.0,0,1,0,0
CUST_000564,1,Basic,46-55,West,4.0,3.9,3,44.8,1.0,0,0,0,1
CUST_000565,5,Basic,36-45,South,9.1,27.5,5,2.6,3.0,0,0,0,0
CUST_000566,10,Standard,36-45,South,2.8,33.6,3,3.9,1.0,4,0,0,1
CUST_000567,5,Premium,36-45,West,1.4,7.8,4,14.9,3.0,0,1,1,1
CUST_000568,6,Basic,26-35,North,6.4,23.6,8,2.2,5.0,0,0,1,0
CUST_000569,28,Premium,26-35,East,32.7,9.0,14,0.7,3.0,2,0,0,0
CUST_000570,5,Standard,26-35,East,1.2,76.3,7,2.0,0.0,0,0,0,0
CUST_000571,8,Standard,46-55,West,6.0,17.3,4,2.1,4.0,4,0,3,1
CUST_000572,18,Standard,26-35,East,3.5,11.6,3,12.9,7.0,0,1,0,1
CUST_000573,6,Basic,18-25,East,2.5,28.6,8,1.5,0.0,0,1,2,0
CUST_000574,11,Basic,36-45,North,19.8,15.2,15,0.0,,0,0,1,0
CUST_000575,23,Premium,56+,East,7.1,22.7,8,6.7,2.0,0,0,1,0
CUST_000576,35,Premium,36-45,West,37.2,38.7,11,0.1,4.0,0,0,0,0
CUST_000577,1,Premium,46-55,North,14.2,23.1,8,2.8,2.0,0,0,1,0
CUST_000578,31,Premium,36-45,North,15.6,23.3,9,0.1,3.0,1,0,0,0
CUST_000579,8,Basic,36-45,West,3.4,16.8,3,9.7,0.0,4,0,0,1
CUST_000580,3,Standard,46-55,East,,8.8,9,2.4,2.0,1,0,0,0
CUST_000581,7,Basic,46-55,South,7.3,42.2,10,0.6,1.0,0,1,1,0
CUST_000582,46,Premium,26-35,West,26.3,85.7,16,1.8,2.0,1,0,0,0
CUST_000583,8,Basic,26-35,West,10.5,14.2,9,6.0,2.0,0,1,1,0
CUST_000584,4,Standard,26-35,West,6.6,27.9,4,2.0,3.0,0,0,0,0
CUST_000585,12,Standard,36-45,West,0.8,25.6,4,2.9,1.0,2,0,1,1
CUST_000586,3,Basic,46-55,South,20.9,24.0,6,11.8,1.0,0,0,0,0
CUST_000587,1,Basic,26-35,West,9.2,36.5,6,2.9,1.0,0,0,0,0
CUST_000588,1,Premium,26-35,East,7.6,9.9,5,1.1,0.0,0,0,0,0
CUST_000589,1,Standard,46-55,West,13.8,5.2,7,2.3,2.0,0,0,0,0
CUST_000590,1,Basic,36-45,West,5.3,19.1,4,8.1,4.0,2,0,0,1
CUST_000591,1,Standard,36-45,North,10.5,17.6,9,5.9,3.0,0,0,2,0
CUST_000592,12,Standard,46-55,North,30.0,26.9,12,4.9,4.0,0,1,1,0
CUST_000593,2,Basic,36-45,South,4.3,29.0,3,0.5,3.0,0,1,0,0
CUST_000594,5,Basic,36-45,West,14.2,38.0,5,2.4,2.0,1,0,0,0
CUST_000595,27,Premium,18-25,West,30.9,15.7,11,2.3,1.0,0,0,2,0
CUST_000596,7,Standard,26-35,South,6.9,59.2,13,0.3,0.0,0,0,0,0
CUST_000597,13,Standard,26-35,East,4.1,29.6,9,0.8,0.0,1,0,0,0
CUST_000598,2,Standard,36-45,West,6.8,28.6,1,0.1,1.0,1,0,0,0
CUST_000599,2,Basic,56+,South,10.4,23.4,7,2.9,1.0,0,0,0,0
CUST_000600,1,Basic,56+,North,18.5,21.5,5,1.1,0.0,0,1,1,0
CUST_000601,2,Basic,46-55,South,4.5,48.1,7,1.0,0.0,1,0,0,0
CUST_000602,3,Basic,26-35,West,6.8,75.3,7,0.1,3.0,1,0,1,0
CUST_000603,2,Standard,56+,West,14.1,45.4,4,3.1,2.0,0,0,1,0
CUST_000604,1,Premium,36-45,South,23.8,43.6,8,1.4,3.0,0,0,0,0
CUST_000605,1,Basic,26-35,North,17.0,28.3,7,7.5,1.0,0,0,0,0
CUST_000606,7,Basic,46-55,East,2.1,86.1,6,5.6,0.0,0,0,2,0
CUST_000607,2,Standard,18-25,West,30.0,51.8,9,0.5,2.0,1,0,2,0
CUST_000608,5,Premium,18-25,East,4.3,47.3,4,5.6,4.0,4,0,1,1
CUST_000609,8,Standard,46-55,South,30.0,37.2,6,2.7,2.0,0,0,0,0
CUST_000610,14,Premium,36-45,North,45.0,104.5,12,1.2,0.0,0,0,0,0
CUST_000611,1,Standard,26-35,West,1.7,23.5,7,0.4,1.0,0,0,1,0
CUST_000612,19,Standard,36-45,South,13.8,33.2,9,1.7,2.0,0,0,0,0
CUST_000613,11,Basic,56+,North,6.3,46.1,7,2.2,2.0,1,1,2,0
CUST_000614,1,Basic,36-45,West,8.6,19.4,9,2.7,2.0,0,1,1,0
CUST_000615,24,Basic,26-35,West,15.9,41.2,7,0.4,2.0,1,0,0,0
CUST_000616,30,Standard,18-25,East,1.7,8.8,2,5.0,1.0,2,1,1,1
CUST_000617,1,Premium,26-35,East,9.0,25.1,8,9.0,1.0,0,0,0,0
CUST_000618,3,Premium,56+,South,20.1,30.1,12,0.7,1.0,0,0,0,0
CUST_000619,19,Basic,26-35,North,11.0,54.8,9,2.2,1.0,0,0,1,0
CUST_000620,16,Basic,36-45,North,15.8,8.4,8,8.4,0.0,0,1,1,0
CUST_000621,2,Basic,36-45,East,5.8,30.0,8,6.3,3.0,0,0,0,0
CUST_000622,2,Basic,46-55,North,3.1,43.3,5,1.3,0.0,1,0,0,0
CUST_000623,5,Standard,36-45,West,30.0,24.9,15,0.3,3.0,0,0,0,0
CUST_000624,7,Premium,36-45,North,6.4,123.6,16,0.1,2.0,0,0,0,0
CUST_000625,11,Premium,26-35,East,5.4,63.7,18,8.8,0.0,1,0,0,0
CUST_000626,5,Standard,18-25,East,4.6,30.2,9,0.8,3.0,0,0,1,0
CUST_000627,7,Standard,56+,East,9.7,65.5,9,0.9,1.0,0,0,0,0
CUST_000628,16,Standard,56+,South,10.3,35.7,11,0.5,1.0,0,1,1,0
CUST_000629,1,Basic,56+,West,1.1,13.3,7,24.1,1.0,0,0,0,1
CUST_000630,3,Standard,56+,South,1.9,5.4,4,8.2,1.0,2,0,1,1
CUST_000631,14,Standard,46-55,East,,28.7,10,3.4,,1,0,0,0
CUST_000632,27,Standard,36-45,East,6.5,34.3,6,5.4,0.0,0,1,0,0
CUST_000633,8,Basic,46-55,North,10.7,48.4,6,3.1,1.0,0,1,0,0
CUST_000634,9,Basic,36-45,East,4.1,52.3,16,1.9,4.0,1,1,0,0
CUST_000635,1,Basic,18-25,East,12.5,37.1,8,0.9,1.0,0,0,0,0
CUST_000636,7,Premium,26-35,West,5.9,34.9,11,3.8,1.0,1,0,1,0
CUST_000637,9,Basic,56+,West,2.8,15.4,8,7.7,0.0,0,1,2,0
CUST_000638,3,Standard,26-35,North,1.1,63.6,9,0.3,0.0,1,0,1,0
CUST_000639,3,Standard,46-55,North,4.1,3.7,0,0.0,4.0,2,0,0,1
CUST_000640,5,Basic,18-25,South,12.9,59.5,8,0.9,1.0,1,0,0,0
CUST_000641,1,Standard,26-35,West,13.2,40.3,9,0.8,3.0,1,0,2,0
CUST_000642,4,Premium,26-35,North,14.1,66.3,8,0.6,0.0,0,0,0,0
CUST_000643,2,Basic,18-25,East,17.0,31.6,10,0.9,1.0,0,0,0,0
CUST_000644,4,Premium,18-25,East,1.8,21.2,4,0.3,4.0,2,1,0,1
CUST_000645,1,Basic,26-35,East,2.6,26.7,8,5.8,1.0,0,0,0,0
CUST_000646,26,Basic,46-55,North,1.8,21.1,3,6.0,4.0,2,0,1,1
CUST_000647,10,Premium,18-25,North,9.1,45.1,12,1.5,1.0,0,0,0,0
CUST_000648,13,Standard,26-35,South,8.0,40.1,5,2.6,1.0,1,0,1,0
CUST_000649,18,Premium,18-25,North,27.1,32.0,8,0.0,0.0,0,0,0,0
CUST_000650,8,Standard,36-45,North,3.2,6.8,5,0.1,4.0,2,0,0,1
CUST_000651,1,Premium,36-45,North,20.7,39.2,7,0.8,3.0,0,0,1,0
CUST_000652,9,Standard,36-45,East,12.0,18.2,6,7.7,2.0,0,0,0,0
CUST_000653,10,Standard,26-35,South,18.0,19.3,6,4.2,,0,1,0,0
CUST_000654,16,Standard,26-35,South,5.7,20.4,5,8.4,1.0,4,1,2,1
CUST_000655,6,Basic,46-55,South,18.9,26.5,4,1.7,1.0,0,0,0,0
CUST_000656,1,Premium,46-55,North,1.7,28.8,11,6.5,1.0,0,0,0,0
CUST_000657,4,Basic,18-25,South,6.6,16.0,5,1.5,0.0,1,0,1,0
CUST_000658,5,Standard,36-45,North,0.8,7.0,5,7.6,3.0,2,0,0,1
CUST_000659,12,Basic,26-35,East,1.8,11.4,4,5.7,1.0,4,0,1,1
CUST_000660,10,Standard,26-35,North,3.4,43.1,10,3.3,1.0,0,0,1,0
CUST_000661,5,Basic,46-55,West,18.8,18.4,10,1.3,2.0,0,1,1,0
CUST_000662,51,Basic,36-45,North,7.0,50.4,8,1.6,1.0,0,0,0,0
CUST_000663,11,Premium,26-35,West,45.0,70.8,11,0.9,1.0,0,0,0,0
CUST_000664,3,Basic,26-35,West,3.2,3.5,2,3.7,0.0,2,1,0,1
CUST_000665,1,Standard,56+,East,1.5,56.5,7,0.0,1.0,1,0,1,0
CUST_000666,1,Basic,46-55,West,3.0,3.0,4,13.7,,2,0,0,1
CUST_000667,3,Basic,46-55,North,11.5,46.9,11,12.4,0.0,0,0,0,0
CUST_000668,2,Basic,36-45,North,10.0,22.2,8,0.6,2.0,0,1,0,0
CUST_000669,2,Standard,36-45,South,8.3,45.9,10,1.3,2.0,1,0,2,0
CUST_000670,4,Basic,26-35,North,10.6,34.1,6,0.5,0.0,1,1,0,0
CUST_000671,2,Premium,18-25,South,23.7,43.3,12,1.7,2.0,0,0,0,0
CUST_000672,27,Basic,26-35,East,0.3,27.7,3,3.6,4.0,2,0,1,1
CUST_000673,1,Basic,36-45,North,9.1,9.6,6,4.3,1.0,0,0,0,0
CUST_000674,8,Basic,26-35,South,,25.6,11,2.2,1.0,0,1,1,0
CUST_000675,6,Basic,46-55,North,12.7,29.3,10,1.8,,0,1,0,0
CUST_000676,48,Standard,26-35,East,3.8,37.1,3,2.2,2.0,0,0,0,0
CUST_000677,1,Premium,26-35,West,5.8,56.4,5,1.8,1.0,0,0,0,0
CUST_000678,6,Standard,18-25,East,2.3,24.5,10,0.1,1.0,0,1,0,0
CUST_000679,41,Basic,26-35,South,8.6,39.9,16,2.3,1.0,1,1,2,0
CUST_000680,24,Basic,18-25,South,0.7,16.0,4,11.6,4.0,0,0,1,1
CUST_000681,20,Basic,26-35,West,1.2,12.9,4,25.7,0.0,0,1,0,1
CUST_000682,3,Premium,26-35,North,13.1,45.2,9,2.6,1.0,0,0,0,0
CUST_000683,2,Basic,36-45,West,6.7,,9,1.9,5.0,0,1,3,0
CUST_000684,13,Standard,36-45,South,6.6,27.8,8,1.5,1.0,1,0,0,0
CUST_000685,31,Basic,26-35,South,1.0,15.8,5,0.2,1.0,0,0,0,0
CUST_000686,9,Basic,36-45,West,8.8,79.9,9,0.5,1.0,0,0,0,0
CUST_000687,10,Basic,36-45,West,9.3,91.4,11,3.7,3.0,1,1,0,0
CUST_000688,3,Basic,26-35,East,16.8,15.8,5,7.7,0.0,1,1,0,0
CUST_000689,17,Standard,46-55,North,11.9,28.2,10,0.4,0.0,0,0,1,0
CUST_000690,2,Basic,36-45,East,1.6,11.6,3,17.6,0.0,0,0,0,1
CUST_000691,4,Standard,26-35,South,1.6,17.7,4,3.5,1.0,2,0,0,1
CUST_000692,6,Basic,56+,South,17.7,25.9,6,1.1,0.0,2,0,0,0
CUST_000693,8,Premium,46-55,North,23.7,45.5,15,0.5,1.0,0,1,0,0
CUST_000694,3,Basic,56+,East,3.7,16.6,4,8.9,0.0,2,1,0,1
CUST_000695,1,Premium,36-45,East,19.6,32.0,4,1.1,0.0,0,0,0,0
CUST_000696,11,Standard,26-35,South,14.6,33.9,9,2.0,3.0,1,0,1,0
CUST_000697,4,Premium,26-35,West,2.8,19.5,11,4.5,2.0,0,0,2,0
CUST_000698,10,Basic,36-45,North,2.7,87.8,9,5.9,2.0,0,0,0,0
CUST_000699,2,Standard,56+,North,5.7,75.4,8,0.1,0.0,1,1,1,0
CUST_000700,7,Basic,36-45,East,17.9,25.4,6,0.7,,1,0,3,0
CUST_000701,9,Basic,46-55,West,25.0,37.1,4,1.8,3.0,1,0,0,0
CUST_000702,1,Basic,26-35,West,9.3,39.5,6,0.1,2.0,1,1,0,0
CUST_000703,4,Basic,26-35,West,3.0,41.0,4,1.0,0.0,0,1,0,0
CUST_000704,1,Premium,56+,North,5.2,45.0,7,1.3,0.0,0,0,0,0
CUST_000705,1,Basic,46-55,West,,16.3,7,0.4,3.0,0,0,2,0
CUST_000706,55,Standard,56+,West,3.0,21.7,5,22.8,6.0,0,1,3,1
CUST_000707,4,Standard,46-55,North,3.4,45.1,12,0.6,0.0,1,0,1,0
CUST_000708,19,Standard,26-35,East,6.6,33.3,8,0.3,1.0,0,0,0,0
CUST_000709,3,Standard,36-45,East,1.2,40.9,8,0.4,0.0,0,0,0,0
CUST_000710,13,Basic,56+,South,6.9,30.4,7,2.5,0.0,1,0,0,0
CUST_000711,17,Standard,36-45,West,4.1,69.7,3,2.7,2.0,0,0,0,0
CUST_000712,10,Basic,26-35,North,4.0,19.5,7,2.1,0.0,0,1,0,0
CUST_000713,7,Premium,26-35,East,8.4,26.8,5,23.8,1.0,4,1,1,1
CUST_000714,6,Standard,36-45,North,11.6,54.4,4,1.5,2.0,0,0,1,0
CUST_000715,5,Premium,18-25,East,8.5,43.9,14,1.1,1.0,1,0,0,0
CUST_000716,31,Basic,46-55,West,2.7,71.2,17,2.1,3.0,0,0,0,0
CUST_000717,21,Basic,18-25,North,4.3,6.2,4,21.7,1.0,0,0,0,1
CUST_000718,40,Basic,26-35,South,5.5,37.6,11,0.1,1.0,0,0,0,0
CUST_000719,1,Basic,46-55,West,13.6,20.7,8,0.0,2.0,0,0,0,0
CUST_000720,15,Basic,36-45,West,11.0,17.8,9,0.6,0.0,0,1,0,0
CUST_000721,33,Standard,46-55,East,6.2,9.2,4,1.5,7.0,4,1,1,1
CUST_000722,2,Basic,26-35,North,0.7,67.2,6,0.3,2.0,0,0,0,0
CUST_000723,1,Standard,56+,South,22.5,32.5,7,0.1,0.0,2,0,1,0
CUST_000724,16,Premium,26-35,West,13.4,97.9,14,4.0,2.0,0,0,1,0
CUST_000725,10,Standard,18-25,West,0.5,8.7,3,11.0,0.0,2,1,0,1
CUST_000726,22,Basic,46-55,North,6.2,28.5,8,0.0,1.0,0,1,0,0
CUST_000727,1,Basic,46-55,East,7.6,17.1,10,0.5,0.0,0,0,0,0
CUST_000728,19,Basic,26-35,North,18.8,69.7,6,0.1,0.0,0,0,0,0
CUST_000729,2,Basic,56+,North,11.7,40.6,3,1.6,3.0,0,0,0,0
CUST_000730,2,Standard,36-45,East,9.9,28.8,10,1.9,,1,1,1,0
CUST_000731,2,Basic,56+,North,3.9,,5,22.3,,2,0,0,1
CUST_000732,20,Premium,36-45,North,10.1,47.7,14,4.2,0.0,0,1,0,0
CUST_000733,13,Standard,36-45,East,0.9,2.7,7,1.3,3.0,2,0,0,1
CUST_000734,8,Standard,26-35,South,4.6,7.6,8,7.8,0.0,4,0,1,1
CUST_000735,5,Basic,26-35,West,1.7,22.5,4,1.3,3.0,2,0,0,1
CUST_000736,25,Basic,36-45,East,4.4,13.4,11,0.5,3.0,0,0,1,0
CUST_000737,5,Standard,36-45,East,12.1,22.6,9,5.4,3.0,0,1,2,0
CUST_000738,20,Basic,18-25,South,,9.0,4,3.6,1.0,2,1,1,1
CUST_000739,6,Basic,26-35,South,0.6,29.7,4,3.5,,2,0,1,1
CUST_000740,5,Basic,26-35,East,3.2,9.7,2,1.7,1.0,5,1,1,1
CUST_000741,7,Basic,46-55,North,0.5,18.1,5,4.8,9.0,2,1,0,1
CUST_000742,4,Standard,36-45,West,8.2,37.0,11,1.3,,0,1,1,0
CUST_000743,16,Basic,46-55,East,12.9,24.1,6,2.6,,1,0,0,0
CUST_000744,8,Standard,56+,North,6.8,30.9,6,1.0,1.0,0,0,1,0
CUST_000745,3,Basic,36-45,East,1.5,26.8,10,0.2,2.0,0,0,0,0
CUST_000746,27,Standard,56+,West,14.1,64.9,9,2.8,1.0,1,0,1,0
CUST_000747,5,Premium,26-35,North,29.6,48.3,9,3.6,1.0,1,1,0,0
CUST_000748,9,Premium,26-35,North,9.4,9.8,14,3.6,0.0,1,0,0,0
CUST_000749,28,Basic,26-35,West,4.4,59.5,8,1.2,0.0,0,1,0,0
CUST_000750,11,Basic,36-45,North,1.8,10.1,6,0.1,0.0,0,1,0,0
CUST_000751,1,Basic,46-55,North,8.5,56.5,9,0.1,1.0,0,1,2,0
CUST_000752,33,Standard,36-45,South,17.4,38.0,9,0.5,3.0,1,1,0,0
CUST_000753,11,Standard,26-35,South,0.9,12.6,4,6.4,0.0,2,1,1,1
CUST_000754,4,Standard,46-55,East,0.4,10.8,5,2.7,1.0,4,1,0,1
CUST_000755,1,Basic,36-45,East,3.2,7.0,3,8.5,3.0,2,1,0,1
CUST_000756,18,Standard,26-35,West,1.9,10.5,5,2.0,0.0,0,1,0,0
CUST_000757,11,Basic,36-45,West,7.6,48.3,10,1.9,2.0,0,1,1,0
CUST_000758,9,Standard,56+,West,9.5,25.8,9,4.7,1.0,0,0,0,0
CUST_000759,26,Basic,46-55,South,9.9,28.4,9,2.2,2.0,0,1,0,0
CUST_000760,18,Standard,36-45,North,11.9,17.4,6,0.8,1.0,0,1,0,0
CUST_000761,1,Basic,26-35,West,22.4,15.4,9,1.6,5.0,0,0,0,0
CUST_000762,4,Basic,18-25,North,14.0,27.2,9,0.3,1.0,1,0,0,0
CUST_000763,3,Standard,36-45,West,14.8,12.6,3,3.6,1.0,0,1,1,0
CUST_000764,16,Basic,46-55,North,2.3,18.2,7,2.8,2.0,0,0,0,0
CUST_000765,1,Standard,26-35,West,4.1,13.4,3,5.2,1.0,2,0,0,1
CUST_000766,10,Standard,26-35,West,18.2,18.6,5,2.0,2.0,1,0,0,0
CUST_000767,17,Standard,56+,South,4.8,45.2,11,1.3,2.0,1,0,0,0
CUST_000768,25,Basic,46-55,North,13.6,5.0,8,0.6,4.0,1,0,0,0
CUST_000769,5,Basic,36-45,North,26.3,52.3,9,1.2,0.0,1,1,1,0
CUST_000770,20,Standard,18-25,South,3.3,65.8,12,3.7,0.0,0,0,0,0
CUST_000771,1,Basic,18-25,North,1.8,15.7,11,2.5,1.0,0,1,0,0
CUST_000772,22,Standard,18-25,East,5.0,14.5,4,11.6,4.0,2,0,0,1
CUST_000773,1,Basic,36-45,South,7.2,26.5,9,4.7,1.0,0,0,0,0
CUST_000774,6,Basic,18-25,South,21.1,32.7,13,1.5,2.0,1,0,1,0
CUST_000775,19,Basic,46-55,South,2.8,79.1,15,0.7,,0,0,0,0
CUST_000776,1,Basic,56+,East,17.6,76.7,11,0.1,0.0,2,1,0,0
CUST_000777,3,Basic,26-35,North,3.5,7.5,2,6.6,0.0,2,1,0,1
CUST_000778,15,Standard,36-45,East,4.2,20.5,11,0.4,0.0,1,1,0,0
CUST_000779,15,Standard,46-55,West,8.2,79.7,10,10.2,0.0,0,1,2,0
CUST_000780,12,Basic,56+,South,2.8,10.0,3,7.2,9.0,0,0,1,1
CUST_000781,14,Premium,46-55,North,5.8,6.7,4,4.9,4.0,2,1,1,1
CUST_000782,9,Standard,18-25,West,17.0,22.5,5,0.0,1.0,0,0,1,0
CUST_000783,3,Premium,26-35,North,41.9,65.4,11,1.6,4.0,0,0,0,0
CUST_000784,5,Standard,46-55,North,7.3,22.6,8,2.7,2.0,0,0,0,0
CUST_000785,2,Standard,36-45,East,10.7,13.9,8,4.0,0.0,1,1,3,0
CUST_000786,28,Basic,18-25,North,15.4,23.8,7,2.0,1.0,1,0,1,0
CUST_000787,10,Basic,36-45,North,10.5,60.6,10,0.4,2.0,0,0,1,0
CUST_000788,6,Basic,46-55,West,4.5,36.6,5,1.9,1.0,0,0,0,0
CUST_000789,7,Standard,26-35,South,9.5,15.7,7,0.2,0.0,1,0,0,0
CUST_000790,35,Basic,46-55,West,7.2,27.6,6,0.9,2.0,1,0,2,0
CUST_000791,1,Standard,18-25,North,0.5,5.7,4,9.0,1.0,2,1,4,1
CUST_000792,10,Basic,46-55,West,0.2,,13,0.2,3.0,0,1,0,0
CUST_000793,8,Standard,36-45,East,9.5,12.5,6,2.5,0.0,1,1,0,0
CUST_000794,11,Basic,26-35,North,3.7,23.1,6,3.0,1.0,0,0,0,0
CUST_000795,1,Basic,46-55,East,15.6,32.0,9,6.7,2.0,1,0,2,0
CUST_000796,24,Basic,46-55,West,4.3,24.3,7,4.9,2.0,0,1,0,0
CUST_000797,32,Basic,56+,North,2.5,4.7,5,6.2,3.0,2,0,0,1
CUST_000798,9,Basic,26-35,East,6.5,31.8,5,0.9,7.0,4,0,2,1
CUST_000799,14,Standard,36-45,South,3.0,8.3,3,3.6,9.0,4,0,0,1
CUST_000800,30,Basic,36-45,West,1.8,6.8,2,6.9,6.0,0,0,0,1
CUST_000801,14,Basic,36-45,East,5.7,13.5,2,11.4,4.0,4,0,0,1
CUST_000802,1,Standard,46-55,North,30.0,37.0,7,2.9,0.0,1,0,1,0
CUST_000803,10,Basic,18-25,North,4.2,36.3,11,0.1,2.0,0,1,0,0
CUST_000804,11,Premium,26-35,South,21.3,34.6,11,3.5,3.0,0,0,0,0
CUST_000805,6,Premium,36-45,West,18.8,37.1,8,0.3,2.0,0,1,0,0
CUST_000806,16,Basic,26-35,South,30.0,,9,2.1,4.0,2,0,1,0
CUST_000807,32,Basic,56+,East,18.1,12.5,11,0.1,2.0,1,1,0,0
CUST_000808,31,Basic,36-45,North,3.9,22.4,5,10.1,1.0,4,0,1,1
CUST_000809,7,Standard,36-45,East,11.2,17.9,8,0.9,1.0,0,0,0,0
CUST_000810,1,Standard,46-55,East,0.7,20.8,3,0.7,1.0,2,1,0,1
CUST_000811,50,Standard,36-45,East,21.1,9.5,7,4.6,1.0,0,0,1,0
CUST_000812,21,Standard,36-45,West,2.3,9.6,4,0.7,3.0,0,0,1,0
CUST_000813,1,Basic,18-25,North,11.1,13.5,10,2.2,3.0,0,0,0,0
CUST_000814,30,Standard,26-35,South,11.0,19.5,8,1.5,2.0,0,0,1,0
CUST_000815,24,Standard,18-25,West,6.2,8.4,2,1.5,3.0,5,0,1,1
CUST_000816,8,Standard,36-45,North,3.5,48.4,9,0.8,1.0,1,0,0,0
CUST_000817,10,Premium,36-45,East,11.5,61.1,12,1.0,1.0,0,0,1,0
CUST_000818,6,Standard,26-35,East,13.4,,9,1.8,,0,1,0,0
CUST_000819,1,Basic,36-45,East,12.6,58.9,6,0.7,1.0,0,0,0,0
CUST_000820,4,Basic,26-35,North,29.2,25.6,7,0.5,2.0,1,0,0,0
CUST_000821,19,Basic,56+,North,20.1,13.3,8,1.3,1.0,0,0,0,0
CUST_000822,1,Basic,18-25,East,7.1,22.5,12,7.0,0.0,0,0,0,0
CUST_000823,4,Premium,46-55,North,10.3,22.9,12,2.1,0.0,0,0,2,0
CUST_000824,6,Basic,36-45,East,4.1,62.8,4,0.5,0.0,0,1,1,0
CUST_000825,9,Standard,36-45,South,12.7,34.0,6,0.2,2.0,0,1,1,0
CUST_000826,30,Standard,26-35,South,1.5,53.3,4,3.4,1.0,0,0,0,0
CUST_000827,5,Basic,56+,South,1.7,13.3,12,1.2,5.0,0,0,1,0
CUST_000828,5,Premium,26-35,West,17.7,28.0,12,3.5,3.0,0,0,0,0
CUST_000829,16,Premium,36-45,East,25.0,,21,11.0,1.0,0,1,0,0
CUST_000830,7,Standard,56+,East,4.6,63.1,4,2.1,2.0,0,0,0,0
CUST_000831,3,Basic,46-55,West,13.6,21.0,12,0.9,0.0,0,0,2,0
CUST_000832,7,Basic,36-45,East,22.6,5.5,4,3.5,2.0,0,0,1,0
CUST_000833,1,Basic,56+,West,15.9,65.2,7,4.1,1.0,0,0,0,0
CUST_000834,2,Basic,46-55,North,10.6,24.3,9,6.7,5.0,0,1,3,0
CUST_000835,8,Standard,26-35,West,5.8,6.6,5,7.9,4.0,2,0,0,1
CUST_000836,6,Premium,26-35,South,19.7,37.8,12,0.2,1.0,1,1,1,0
CUST_000837,29,Standard,26-35,West,9.0,25.5,12,3.7,0.0,0,0,0,0
CUST_000838,5,Premium,26-35,West,8.7,65.7,11,0.8,1.0,0,0,0,0
CUST_000839,10,Standard,46-55,South,9.3,73.4,1,0.6,1.0,0,0,2,0
CUST_000840,12,Basic,36-45,South,5.5,51.5,5,0.5,1.0,1,0,0,0
CUST_000841,1,Premium,18-25,East,24.2,19.6,5,0.0,4.0,0,0,1,0
CUST_000842,13,Basic,46-55,North,9.0,19.4,10,0.5,1.0,0,0,1,0
CUST_000843,2,Premium,26-35,West,3.1,11.6,4,8.9,1.0,4,0,1,1
CUST_000844,38,Basic,56+,North,7.0,56.6,8,6.6,3.0,0,0,0,0
CUST_000845,1,Basic,56+,West,4.4,34.7,10,1.1,2.0,0,1,0,0
CUST_000846,6,Premium,56+,South,34.8,43.5,4,1.7,3.0,0,0,0,0
CUST_000847,1,Standard,46-55,East,15.6,11.6,4,0.1,2.0,0,1,0,0
CUST_000848,60,Premium,26-35,North,9.2,39.5,7,2.7,3.0,1,0,0,0
CUST_000849,8,Premium,36-45,South,7.9,56.5,11,0.0,2.0,0,0,0,0
CUST_000850,10,Basic,26-35,South,6.1,20.8,6,1.9,0.0,0,0,0,0
CUST_000851,1,Standard,26-35,South,1.2,4.7,5,1.3,3.0,2,0,1,1
CUST_000852,16,Basic,36-45,North,4.7,6.2,2,4.4,3.0,2,0,1,1
CUST_000853,2,Standard,18-25,West,1.4,37.9,7,23.4,1.0,2,0,1,1
CUST_000854,27,Standard,56+,North,8.2,59.9,7,0.7,2.0,0,0,0,0
CUST_000855,2,Basic,56+,West,15.4,69.0,10,0.2,2.0,0,0,0,0
CUST_000856,2,Standard,26-35,South,22.0,50.0,5,1.2,2.0,0,0,1,0
CUST_000857,1,Standard,36-45,East,5.5,18.1,8,0.2,1.0,0,0,0,0
CUST_000858,7,Basic,36-45,North,5.2,53.1,6,0.5,2.0,0,0,0,0
CUST_000859,9,Standard,46-55,East,2.1,19.7,5,0.1,1.0,0,0,0,0
CUST_000860,1,Standard,36-45,East,13.0,24.5,9,3.4,4.0,0,1,1,0
CUST_000861,17,Premium,26-35,North,12.5,50.5,9,1.5,3.0,0,0,0,0
CUST_000862,7,Basic,26-35,North,4.5,23.5,6,2.2,0.0,0,1,0,0
CUST_000863,8,Basic,26-35,North,2.5,11.0,5,6.5,1.0,2,0,1,1
CUST_000864,6,Standard,56+,North,17.6,25.5,10,0.5,2.0,0,0,0,0
CUST_000865,6,Basic,26-35,North,0.3,30.0,2,8.5,0.0,2,0,0,1
CUST_000866,9,Premium,18-25,North,29.8,25.4,8,1.6,0.0,3,0,0,0
CUST_000867,2,Basic,46-55,East,2.0,11.0,3,6.1,0.0,4,0,0,1
CUST_000868,2,Standard,46-55,South,14.3,19.4,6,7.5,3.0,0,0,0,0
CUST_000869,23,Standard,46-55,South,1.5,6.1,2,0.5,1.0,2,0,1,1
CUST_000870,35,Basic,36-45,North,11.0,11.9,6,5.8,3.0,0,0,3,0
CUST_000871,5,Basic,36-45,East,3.6,8.6,4,5.2,3.0,2,0,0,1
CUST_000872,3,Standard,36-45,South,19.6,21.1,5,1.6,2.0,1,0,0,0
CUST_000873,12,Standard,18-25,East,6.9,34.8,4,3.7,1.0,0,1,1,0
CUST_000874,6,Basic,36-45,East,21.0,7.9,9,0.4,0.0,0,1,1,0
CUST_000875,1,Premium,18-25,East,9.0,50.1,8,3.2,0.0,0,1,4,0
CUST_000876,2,Basic,26-35,South,13.7,63.0,11,1.0,2.0,1,0,0,0
CUST_000877,15,Basic,56+,East,15.8,15.3,7,0.6,0.0,0,1,1,0
CUST_000878,12,Standard,26-35,South,3.4,20.0,3,0.7,6.0,4,0,0,1
CUST_000879,1,Basic,56+,West,8.5,12.6,10,8.6,0.0,0,0,0,0
CUST_000880,3,Premium,26-35,West,3.4,33.8,7,2.5,1.0,0,0,0,0
CUST_000881,3,Basic,26-35,South,10.3,28.2,11,3.8,1.0,1,0,1,0
CUST_000882,13,Basic,36-45,West,14.3,,3,4.6,2.0,1,0,0,0
CUST_000883,1,Basic,46-55,East,22.5,91.4,7,0.8,1.0,0,0,0,0
CUST_000884,1,Standard,36-45,South,15.2,23.2,12,0.4,0.0,0,0,0,0
CUST_000885,19,Standard,46-55,North,9.5,25.5,8,5.6,2.0,0,0,1,0
CUST_000886,2,Standard,18-25,East,6.5,,12,1.1,0.0,0,0,0,0
CUST_000887,12,Basic,56+,West,7.9,29.4,9,0.4,0.0,0,1,1,0
CUST_000888,3,Basic,26-35,West,3.5,18.6,4,4.8,4.0,4,1,1,1
CUST_000889,1,Standard,46-55,East,16.5,22.5,8,2.3,1.0,0,0,0,0
CUST_000890,3,Basic,26-35,South,19.9,73.2,6,4.0,1.0,0,1,0,0
CUST_000891,15,Premium,46-55,East,5.1,20.5,3,2.2,0.0,4,0,1,1
CUST_000892,23,Basic,36-45,West,6.1,10.1,4,25.0,3.0,0,0,1,1
CUST_000893,21,Standard,26-35,South,7.5,25.1,9,1.0,3.0,0,0,0,0
CUST_000894,6,Basic,56+,South,1.7,27.4,8,3.9,1.0,0,1,1,0
CUST_000895,13,Standard,26-35,East,2.8,27.3,11,4.2,0.0,0,1,0,0
CUST_000896,2,Basic,26-35,West,4.2,28.5,9,4.1,0.0,0,1,0,0
CUST_000897,4,Basic,46-55,West,7.5,49.8,13,1.3,0.0,0,0,0,0
CUST_000898,27,Basic,18-25,North,9.8,71.1,7,3.5,1.0,1,0,0,0
CUST_000899,1,Basic,26-35,North,22.7,4.4,12,0.3,2.0,1,0,1,0
CUST_000900,1,Basic,36-45,West,8.7,35.7,13,6.0,2.0,0,0,0,0
CUST_000901,2,Standard,46-55,West,9.0,52.7,10,5.8,2.0,0,0,0,0
CUST_000902,1,Standard,18-25,South,14.3,28.5,13,0.0,2.0,0,0,1,0
CUST_000903,2,Standard,36-45,East,3.0,28.7,4,3.1,2.0,0,0,1,0
CUST_000904,10,Standard,46-55,West,9.9,18.3,8,0.7,6.0,0,0,0,0
CUST_000905,6,Standard,46-55,West,13.4,48.6,8,4.8,2.0,1,0,0,0
CUST_000906,26,Basic,56+,West,3.0,45.5,2,2.5,0.0,4,0,0,1
CUST_000907,20,Basic,46-55,North,8.1,61.0,9,1.9,2.0,0,0,0,0
CUST_000908,5,Basic,36-45,East,6.7,83.4,7,3.2,0.0,0,0,0,0
CUST_000909,3,Standard,26-35,North,6.1,38.8,2,0.5,3.0,0,1,0,0
CUST_000910,5,Basic,18-25,West,9.4,32.6,6,1.1,3.0,1,1,1,0
CUST_000911,10,Basic,46-55,North,16.6,32.6,5,8.2,3.0,0,0,0,0
CUST_000912,3,Standard,56+,East,11.7,54.7,3,1.6,1.0,0,1,1,0
CUST_000913,11,Basic,46-55,East,19.1,23.9,10,3.7,3.0,0,0,1,0
CUST_000914,6,Premium,18-25,West,9.0,16.9,8,1.9,0.0,0,1,0,0
CUST_000915,9,Premium,36-45,East,18.5,34.0,15,2.8,3.0,0,1,0,0
CUST_000916,6,Basic,36-45,North,5.2,8.6,5,10.5,3.0,2,0,0,1
CUST_000917,4,Basic,36-45,East,16.4,27.3,6,1.1,1.0,1,1,1,0
CUST_000918,35,Basic,46-55,South,6.4,8.8,3,4.1,3.0,4,0,1,1
CUST_000919,17,Standard,36-45,South,18.5,40.8,11,1.8,0.0,0,0,0,0
CUST_000920,1,Basic,26-35,West,2.5,12.6,4,9.1,3.0,2,1,1,1
CUST_000921,24,Standard,56+,East,23.1,20.6,9,1.6,1.0,1,0,0,0
CUST_000922,8,Standard,36-45,East,3.0,21.8,4,12.8,1.0,2,0,0,1
CUST_000923,26,Basic,26-35,East,5.5,15.6,10,1.9,4.0,0,1,3,0
CUST_000924,19,Basic,26-35,West,12.0,16.1,8,1.1,1.0,0,1,2,0
CUST_000925,6,Standard,56+,West,0.6,15.7,4,1.8,3.0,2,1,1,1
CUST_000926,1,Basic,46-55,East,8.1,45.4,6,2.8,0.0,0,0,0,0
CUST_000927,3,Standard,26-35,West,4.6,7.6,8,0.5,2.0,0,0,0,0
CUST_000928,9,Basic,18-25,South,3.5,43.1,6,0.3,1.0,0,1,0,0
CUST_000929,12,Standard,18-25,East,4.5,23.2,9,3.4,,0,1,0,0
CUST_000930,3,Premium,26-35,West,4.4,24.2,3,15.3,1.0,2,1,0,1
CUST_000931,1,Premium,36-45,South,6.8,46.2,11,1.6,3.0,0,0,1,0
CUST_000932,21,Basic,36-45,South,1.7,7.0,4,1.5,7.0,0,0,0,1
CUST_000933,49,Basic,36-45,West,3.0,24.1,5,4.4,4.0,2,0,0,1
CUST_000934,8,Standard,46-55,North,1.3,43.5,2,0.8,6.0,2,0,0,1
CUST_000935,2,Basic,18-25,South,12.2,23.7,9,2.9,4.0,0,0,0,0
CUST_000936,3,Basic,18-25,South,5.5,32.5,8,1.6,0.0,0,1,2,0
CUST_000937,1,Premium,26-35,North,5.2,43.8,9,4.7,1.0,0,0,1,0
CUST_000938,29,Basic,26-35,West,6.8,6.1,4,0.6,1.0,4,0,0,1
CUST_000939,1,Basic,18-25,South,12.3,49.8,7,0.9,1.0,0,1,0,0
CUST_000940,10,Basic,36-45,South,2.0,5.9,3,9.4,4.0,2,0,1,1
CUST_000941,3,Standard,46-55,West,27.3,35.8,13,6.1,6.0,0,0,0,0
CUST_000942,9,Standard,46-55,South,24.8,26.5,11,5.3,4.0,0,0,2,0
CUST_000943,12,Basic,46-55,East,14.1,38.5,4,0.9,2.0,1,0,1,0
CUST_000944,21,Basic,36-45,West,18.6,,4,0.7,1.0,0,0,1,0
CUST_000945,2,Basic,46-55,West,1.6,12.0,4,2.4,3.0,2,1,0,1
CUST_000946,1,Standard,26-35,West,11.4,7.2,9,6.6,2.0,0,1,1,0
CUST_000947,1,Basic,56+,North,7.7,19.1,8,4.0,0.0,0,0,0,0
CUST_000948,27,Premium,26-35,North,17.3,24.5,9,1.8,0.0,0,0,1,0
CUST_000949,24,Basic,26-35,South,13.0,23.4,5,1.5,,0,0,0,0
CUST_000950,10,Premium,26-35,North,19.7,62.6,8,3.7,1.0,2,0,1,0
CUST_000951,11,Basic,56+,East,4.4,40.6,7,4.7,0.0,0,0,1,0
CUST_000952,13,Standard,56+,South,30.0,5.0,7,1.6,1.0,2,0,0,0
CUST_000953,2,Basic,46-55,East,8.7,20.4,3,2.7,0.0,0,0,3,0
CUST_000954,29,Basic,36-45,South,3.0,,13,3.3,1.0,0,1,0,0
CUST_000955,6,Premium,36-45,South,23.2,9.4,4,1.3,2.0,0,0,0,0
CUST_000956,5,Premium,56+,South,,19.9,4,13.4,1.0,2,0,1,1
CUST_000957,8,Basic,36-45,North,8.6,16.4,5,1.4,2.0,0,0,0,0
CUST_000958,1,Standard,56+,East,6.6,44.7,11,0.6,2.0,1,1,0,0
CUST_000959,2,Standard,26-35,East,11.7,40.7,7,0.9,2.0,1,0,1,0
CUST_000960,16,Premium,26-35,West,27.6,36.0,11,7.3,3.0,0,0,0,0
CUST_000961,1,Basic,46-55,West,10.0,32.4,10,2.1,0.0,1,0,0,0
CUST_000962,11,Standard,18-25,East,5.8,60.4,10,1.2,2.0,0,1,1,0
CUST_000963,3,Basic,56+,East,25.4,28.6,11,0.5,0.0,0,0,0,0
CUST_000964,5,Basic,36-45,North,20.7,31.4,7,0.3,2.0,0,1,0,0
CUST_000965,4,Premium,56+,North,45.0,35.0,14,2.6,0.0,0,0,0,0
CUST_000966,5,Basic,26-35,West,5.4,28.9,8,2.3,1.0,0,1,1,0
CUST_000967,15,Basic,46-55,North,1.6,7.3,5,6.1,0.0,2,0,0,1
CUST_000968,4,Standard,36-45,South,1.0,21.4,3,0.8,0.0,2,0,0,1
CUST_000969,10,Standard,36-45,North,6.7,21.1,9,3.8,5.0,0,0,1,0
CUST_000970,7,Basic,36-45,North,10.6,48.7,7,0.4,1.0,0,1,0,0
CUST_000971,13,Basic,56+,West,4.4,13.2,7,1.4,0.0,0,0,1,0
CUST_000972,33,Premium,36-45,South,4.8,28.2,14,1.3,2.0,0,0,0,0
CUST_000973,15,Basic,26-35,South,5.9,8.2,3,15.0,3.0,4,0,0,1
CUST_000974,2,Standard,56+,North,18.0,10.6,7,1.2,3.0,1,0,0,0
CUST_000975,1,Standard,26-35,East,0.9,31.8,7,1.4,2.0,0,0,0,0
CUST_000976,3,Basic,26-35,East,0.5,25.4,5,3.4,4.0,4,1,1,1
CUST_000977,10,Premium,18-25,South,12.7,45.6,16,1.7,0.0,1,0,0,0
CUST_000978,1,Standard,46-55,West,13.2,22.5,5,5.1,1.0,1,0,1,0
CUST_000979,8,Basic,26-35,North,1.8,11.9,4,3.6,0.0,2,1,0,1
CUST_000980,10,Standard,26-35,East,2.2,7.9,12,0.3,3.0,0,1,1,0
CUST_000981,4,Standard,56+,East,16.9,11.9,13,1.3,1.0,1,0,0,0
CUST_000982,17,Standard,46-55,West,8.4,29.3,8,1.5,3.0,0,0,0,0
CUST_000983,1,Premium,18-25,North,6.0,78.3,7,1.7,1.0,1,0,0,0
CUST_000984,1,Basic,46-55,North,26.5,10.1,8,5.4,1.0,0,0,0,0
CUST_000985,15,Basic,56+,South,13.8,22.4,7,6.3,2.0,0,0,0,0
CUST_000986,8,Basic,18-25,North,3.8,43.9,4,14.0,4.0,2,0,0,1
CUST_000987,13,Basic,46-55,North,16.0,27.1,4,0.2,1.0,0,0,0,0
CUST_000988,6,Basic,36-45,South,0.9,11.8,0,5.3,3.0,2,1,0,1
CUST_000989,3,Premium,36-45,South,9.0,57.3,12,0.2,1.0,0,0,0,0
CUST_000990,20,Standard,36-45,West,5.0,64.7,4,5.7,0.0,0,0,0,0
CUST_000991,19,Standard,36-45,North,6.7,61.6,5,1.7,0.0,1,0,0,0
CUST_000992,14,Standard,18-25,West,20.8,28.3,7,5.9,0.0,1,0,0,0
CUST_000993,3,Standard,46-55,West,23.6,46.4,8,1.4,1.0,0,0,0,0
CUST_000994,10,Basic,18-25,West,9.9,27.8,10,4.4,0.0,0,0,0,0
CUST_000995,5,Premium,36-45,West,7.8,,9,0.1,2.0,0,0,1,0
CUST_000996,1,Basic,26-35,West,1.5,4.4,3,1.6,0.0,4,0,0,1
CUST_000997,29,Premium,46-55,West,32.5,21.7,11,0.1,1.0,0,0,0,0
CUST_000998,1,Standard,26-35,South,12.2,18.2,8,4.1,4.0,0,0,0,0
CUST_000999,36,Basic,36-45,East,4.5,19.9,6,0.9,1.0,0,0,0,0
CUST_001000,7,Standard,26-35,West,4.9,13.5,6,1.0,1.0,0,0,1,0
CUST_001001,2,Standard,46-55,South,9.6,21.7,7,5.0,0.0,0,0,1,0
CUST_001002,9,Basic,36-45,North,0.9,10.2,3,6.9,0.0,4,1,0,1
CUST_001003,24,Standard,46-55,West,7.2,48.0,11,9.6,3.0,0,0,1,0
CUST_001004,15,Basic,18-25,East,2.2,13.0,1,8.9,3.0,4,1,1,1
CUST_001005,19,Basic,26-35,West,16.3,34.9,9,3.1,1.0,0,0,0,0
CUST_001006,12,Premium,36-45,North,14.0,21.9,9,0.2,2.0,0,0,4,0
CUST_001007,14,Standard,56+,East,2.7,21.1,4,10.6,4.0,2,1,1,1
CUST_001008,22,Premium,18-25,North,5.8,40.3,7,1.6,1.0,1,0,0,0
CUST_001009,3,Standard,18-25,West,25.6,24.6,8,4.6,1.0,2,0,0,0
CUST_001010,8,Basic,26-35,North,22.5,15.5,11,0.4,1.0,0,0,0,0
CUST_001011,3,Standard,36-45,West,0.3,9.7,10,1.9,1.0,0,1,0,0
CUST_001012,52,Standard,26-35,North,23.7,20.7,7,5.7,1.0,1,1,1,0
CUST_001013,34,Premium,46-55,North,2.6,26.6,9,2.3,1.0,4,0,0,1
CUST_001014,1,Basic,18-25,North,10.8,50.8,7,0.3,1.0,2,1,1,0
CUST_001015,14,Premium,26-35,South,14.5,26.0,9,11.2,0.0,0,0,0,0
CUST_001016,31,Premium,26-35,East,2.2,,2,3.7,3.0,4,0,0,1
CUST_001017,2,Standard,36-45,North,14.6,36.3,11,6.8,3.0,0,0,2,0
CUST_001018,10,Premium,36-45,South,6.0,31.9,9,2.4,2.0,0,0,1,0
CUST_001019,29,Basic,18-25,North,9.6,18.5,8,0.7,1.0,1,0,1,0
CUST_001020,1,Premium,56+,West,45.0,44.4,9,1.7,3.0,0,0,2,0
CUST_001021,14,Standard,26-35,North,3.4,14.7,5,11.5,1.0,2,0,1,1
CUST_001022,4,Basic,46-55,South,8.0,27.1,6,1.3,3.0,0,0,1,0
CUST_001023,30,Premium,36-45,East,11.5,68.1,12,3.2,1.0,0,1,1,0
CUST_001024,42,Basic,26-35,West,2.3,11.5,4,7.5,0.0,2,0,0,1
CUST_001025,34,Basic,46-55,West,1.3,23.8,7,1.8,1.0,0,1,1,0
CUST_001026,7,Standard,46-55,West,3.5,34.2,4,6.4,0.0,4,1,0,1
CUST_001027,23,Basic,26-35,North,1.1,23.9,4,6.0,4.0,2,1,1,1
CUST_001028,22,Basic,36-45,West,13.3,43.2,7,3.6,1.0,1,0,0,0
CUST_001029,4,Standard,26-35,West,7.0,45.3,13,1.3,2.0,1,0,2,0
CUST_001030,21,Basic,36-45,West,22.6,17.3,7,2.1,2.0,0,1,0,0
CUST_001031,1,Basic,26-35,South,2.9,16.0,4,3.2,3.0,2,0,1,1
CUST_001032,10,Basic,46-55,West,8.1,14.5,7,0.0,1.0,0,0,0,0
CUST_001033,3,Basic,26-35,South,8.4,44.9,4,1.9,1.0,0,1,0,0
CUST_001034,1,Standard,18-25,East,8.7,14.4,1,1.1,4.0,4,0,1,1
CUST_001035,1,Standard,26-35,South,3.9,19.1,4,20.7,1.0,2,0,1,1
CUST_001036,14,Premium,26-35,South,9.3,48.6,9,1.3,0.0,1,0,0,0
CUST_001037,4,Standard,36-45,East,5.3,5.4,11,1.6,1.0,0,0,0,0
CUST_001038,15,Basic,26-35,South,2.4,17.9,5,0.8,6.0,2,0,1,1
CUST_001039,1,Premium,46-55,West,3.7,76.3,12,5.1,2.0,1,0,0,0
CUST_001040,4,Standard,26-35,East,2.9,1.6,3,15.5,0.0,0,0,1,1
CUST_001041,9,Standard,46-55,East,6.7,48.2,7,2.0,1.0,0,1,0,0
CUST_001042,18,Standard,36-45,North,17.4,37.0,7,0.3,,0,1,0,0
CUST_001043,4,Premium,56+,West,25.4,42.7,11,0.1,2.0,0,1,0,0
CUST_001044,11,Standard,56+,East,2.7,13.0,4,1.4,1.0,2,0,0,1
CUST_001045,26,Basic,46-55,North,1.1,11.7,3,3.2,1.0,2,0,0,1
CUST_001046,11,Standard,46-55,West,3.8,32.6,10,0.7,1.0,1,0,0,0
CUST_001047,3,Basic,26-35,North,9.9,15.4,5,0.3,0.0,1,0,0,0
CUST_001048,1,Basic,46-55,North,4.3,12.7,7,3.7,2.0,0,0,0,0
CUST_001049,24,Basic,56+,East,8.5,66.9,5,2.5,2.0,0,0,2,0
CUST_001050,1,Basic,18-25,East,1.2,46.7,7,0.0,4.0,0,0,0,0
CUST_001051,24,Basic,36-45,North,19.1,32.7,4,2.2,1.0,2,0,0,0
CUST_001052,9,Basic,26-35,South,3.8,13.6,7,14.9,3.0,2,0,1,1
CUST_001053,33,Standard,36-45,West,6.6,18.6,7,5.5,3.0,0,0,2,0
CUST_001054,19,Standard,36-45,South,13.3,25.8,8,0.5,2.0,0,0,1,0
CUST_001055,60,Premium,36-45,North,8.9,42.0,7,0.5,2.0,1,1,1,0
CUST_001056,5,Basic,36-45,West,1.4,24.8,9,3.6,2.0,0,0,0,0
CUST_001057,17,Standard,56+,South,7.1,11.5,7,2.4,0.0,0,1,0,0
CUST_001058,6,Premium,36-45,East,11.5,33.6,11,0.3,1.0,0,0,0,0
CUST_001059,7,Basic,46-55,North,4.6,4.5,2,3.2,1.0,2,1,0,1
CUST_001060,11,Standard,26-35,East,26.9,43.3,4,6.0,1.0,0,0,0,0
CUST_001061,24,Standard,26-35,South,12.0,35.8,4,4.3,3.0,0,1,0,0
CUST_001062,49,Basic,36-45,West,8.6,44.6,6,3.7,1.0,1,1,0,0
CUST_001063,17,Premium,26-35,South,21.1,123.0,5,1.1,0.0,0,0,2,0
CUST_001064,6,Standard,26-35,East,0.8,7.7,3,6.9,4.0,0,0,0,1
CUST_001065,6,Basic,36-45,West,9.1,19.8,2,7.1,3.0,4,1,0,1
CUST_001066,16,Basic,36-45,West,13.3,19.8,9,3.7,2.0,0,0,0,0
CUST_001067,3,Basic,36-45,North,19.1,36.6,9,0.2,1.0,2,0,0,0
CUST_001068,1,Basic,26-35,West,6.0,35.2,5,4.1,0.0,0,0,0,0
CUST_001069,5,Standard,26-35,South,10.6,52.6,15,1.0,5.0,0,1,1,0
CUST_001070,4,Standard,36-45,East,3.1,21.1,5,14.7,3.0,2,0,0,1
CUST_001071,4,Basic,18-25,South,25.7,20.6,5,8.5,2.0,1,1,1,0
CUST_001072,3,Premium,26-35,South,9.9,,14,1.0,4.0,0,0,0,0
CUST_001073,1,Basic,18-25,North,3.3,73.6,9,0.5,2.0,1,0,0,0
CUST_001074,1,Basic,18-25,East,1.9,28.9,5,7.1,3.0,2,0,0,1
CUST_001075,52,Basic,26-35,East,4.7,28.1,4,0.2,7.0,4,0,1,1
CUST_001076,6,Standard,18-25,North,12.9,23.8,5,5.3,1.0,0,1,0,0
CUST_001077,5,Basic,26-35,East,3.9,56.2,7,3.9,2.0,0,0,0,0
CUST_001078,13,Basic,36-45,West,12.3,59.6,10,1.2,5.0,0,0,0,0
CUST_001079,2,Basic,18-25,East,18.1,4.0,8,1.8,0.0,2,1,1,0
CUST_001080,35,Standard,26-35,South,16.5,25.1,7,10.5,3.0,0,0,0,0
CUST_001081,18,Premium,56+,West,18.2,18.1,14,8.3,1.0,1,1,0,0
CUST_001082,1,Basic,46-55,East,13.1,10.5,9,2.1,0.0,1,0,0,0
CUST_001083,6,Basic,26-35,North,11.3,24.3,6,5.4,2.0,0,1,1,0
CUST_001084,25,Standard,56+,East,1.7,31.2,7,0.3,1.0,0,0,0,0
CUST_001085,34,Standard,26-35,North,14.8,29.9,4,0.6,2.0,0,0,0,0
CUST_001086,7,Basic,18-25,West,5.8,50.1,5,2.1,2.0,0,0,0,0
CUST_001087,11,Premium,56+,West,26.2,93.8,12,3.1,3.0,1,0,0,0
CUST_001088,2,Standard,46-55,South,4.8,42.8,11,2.6,1.0,1,1,0,0
CUST_001089,56,Basic,36-45,South,6.4,84.3,6,0.5,2.0,0,1,0,0
CUST_001090,3,Standard,36-45,South,10.0,37.4,11,10.1,3.0,0,0,0,0
CUST_001091,34,Premium,36-45,South,45.0,59.2,4,5.4,0.0,0,0,1,0
CUST_001092,12,Standard,26-35,West,10.4,28.6,10,2.5,1.0,0,0,0,0
CUST_001093,11,Basic,26-35,East,10.4,15.8,9,0.5,1.0,0,0,2,0
CUST_001094,8,Basic,36-45,North,1.7,44.3,4,16.4,0.0,5,0,0,1
CUST_001095,3,Basic,56+,West,1.4,,2,5.1,4.0,0,0,0,1
CUST_001096,2,Basic,18-25,North,5.6,35.9,8,1.0,1.0,1,1,1,0
CUST_001097,2,Standard,46-55,West,6.4,9.4,1,3.7,1.0,4,0,0,1
CUST_001098,2,Standard,18-25,South,10.4,34.1,5,0.9,0.0,1,0,0,0
CUST_001099,18,Standard,36-45,East,8.2,58.6,10,0.6,0.0,1,0,0,0
CUST_001100,5,Premium,36-45,North,9.1,9.7,9,3.0,4.0,0,0,1,0
CUST_001101,1,Basic,36-45,South,14.8,22.0,11,0.6,3.0,0,1,0,0
CUST_001102,41,Premium,18-25,West,33.4,31.3,7,0.8,0.0,1,0,2,0
CUST_001103,25,Standard,26-35,South,14.1,50.7,8,1.3,2.0,0,0,0,0
CUST_001104,31,Basic,36-45,West,9.7,18.4,2,13.2,4.0,4,1,0,1
CUST_001105,60,Standard,18-25,East,7.6,22.1,9,6.7,1.0,0,0,0,0
CUST_001106,2,Basic,18-25,West,13.0,46.1,7,1.0,3.0,1,0,1,0
CUST_001107,6,Standard,36-45,West,27.4,29.3,9,0.8,0.0,0,1,1,0
CUST_001108,17,Standard,36-45,South,19.2,16.8,12,3.7,1.0,0,1,1,0
CUST_001109,14,Basic,26-35,East,24.6,11.0,9,2.5,3.0,0,0,0,0
CUST_001110,2,Standard,36-45,West,19.6,16.6,9,2.8,2.0,0,0,1,0
CUST_001111,20,Standard,56+,North,22.9,12.5,4,10.2,2.0,0,0,0,0
CUST_001112,3,Basic,18-25,West,5.9,29.8,9,6.2,3.0,0,0,2,0
CUST_001113,3,Basic,36-45,East,4.7,36.5,13,1.9,1.0,1,0,0,0
CUST_001114,9,Basic,18-25,East,7.4,32.6,8,4.0,2.0,0,1,0,0
CUST_001115,10,Standard,18-25,North,3.2,4.1,4,5.4,1.0,2,0,0,1
CUST_001116,10,Premium,26-35,West,8.0,93.5,11,8.2,2.0,0,0,0,0
CUST_001117,1,Premium,26-35,South,34.5,55.6,9,1.4,1.0,0,1,0,0
CUST_001118,25,Standard,46-55,West,1.4,15.7,3,6.4,4.0,4,0,0,1
CUST_001119,3,Standard,26-35,East,19.4,29.0,7,2.4,1.0,0,0,2,0
CUST_001120,1,Basic,36-45,South,13.7,59.1,9,3.4,2.0,1,1,1,0
CUST_001121,26,Standard,26-35,West,0.1,14.5,2,0.3,1.0,2,0,1,1
CUST_001122,37,Basic,26-35,West,6.1,18.4,7,2.4,1.0,0,0,0,0
CUST_001123,23,Basic,36-45,West,2.7,16.8,3,6.1,1.0,2,0,0,1
CUST_001124,19,Standard,46-55,South,4.4,32.7,7,6.6,1.0,0,0,1,0
CUST_001125,12,Basic,46-55,East,2.2,19.0,4,10.0,0.0,4,0,0,1
CUST_001126,9,Standard,46-55,East,4.9,,5,3.1,2.0,0,1,0,0
CUST_001127,1,Standard,26-35,East,2.3,12.4,4,9.7,4.0,2,1,0,1
CUST_001128,6,Basic,46-55,North,6.1,36.8,5,2.7,1.0,0,0,0,0
CUST_001129,5,Basic,26-35,South,4.8,28.6,9,2.8,1.0,0,0,0,0
CUST_001130,3,Premium,46-55,West,8.1,29.0,11,1.3,2.0,0,1,0,0
CUST_001131,15,Standard,56+,South,30.0,68.3,8,2.1,1.0,1,0,0,0
CUST_001132,8,Basic,18-25,West,12.7,12.3,6,0.4,1.0,1,0,1,0
CUST_001133,1,Basic,26-35,North,21.1,12.9,7,2.1,0.0,0,0,1,0
CUST_001134,2,Standard,36-45,West,2.9,41.3,8,1.3,0.0,1,0,1,0
CUST_001135,13,Standard,46-55,East,2.6,8.6,1,1.8,1.0,2,0,0,1
CUST_001136,1,Basic,26-35,West,4.1,36.2,8,4.3,4.0,0,0,0,0
CUST_001137,22,Basic,56+,South,30.0,57.7,12,1.5,3.0,0,0,0,0
CUST_001138,8,Premium,36-45,West,24.2,79.8,14,2.7,2.0,0,1,0,0
CUST_001139,7,Standard,26-35,East,7.7,22.4,7,1.1,2.0,0,1,0,0
CUST_001140,10,Premium,18-25,East,26.8,29.4,7,1.7,2.0,1,0,1,0
CUST_001141,20,Standard,46-55,North,3.8,16.3,4,1.5,4.0,2,1,0,1
CUST_001142,5,Premium,18-25,East,5.7,4.7,7,3.7,6.0,2,1,0,1
CUST_001143,13,Basic,18-25,West,2.4,4.9,5,6.5,6.0,2,0,0,1
CUST_001144,10,Standard,36-45,North,6.8,10.7,8,1.6,1.0,0,0,1,0
CUST_001145,3,Basic,36-45,East,8.2,21.0,14,1.8,3.0,0,1,1,0
CUST_001146,25,Standard,36-45,North,3.9,22.1,8,1.6,3.0,0,1,0,0
CUST_001147,19,Basic,26-35,West,19.8,20.4,9,2.5,2.0,0,1,0,0
CUST_001148,12,Basic,46-55,West,18.7,22.0,8,1.3,2.0,0,1,2,0
CUST_001149,22,Premium,56+,South,4.0,42.1,4,0.3,6.0,4,0,0,1
CUST_001150,24,Premium,26-35,North,0.9,34.8,4,8.7,3.0,2,1,1,1
CUST_001151,14,Basic,46-55,East,7.4,25.8,11,0.9,3.0,0,1,1,0
CUST_001152,21,Standard,56+,North,7.7,20.9,9,2.8,1.0,0,1,0,0
CUST_001153,14,Basic,36-45,South,16.3,,5,5.6,2.0,0,1,0,0
CUST_001154,13,Basic,36-45,South,9.3,41.8,7,3.7,2.0,1,0,1,0
CUST_001155,11,Standard,26-35,South,1.7,14.5,8,1.2,1.0,0,0,1,0
CUST_001156,16,Basic,36-45,North,7.2,52.2,13,2.2,1.0,0,0,1,0
CUST_001157,2,Premium,36-45,North,14.5,104.3,11,1.8,2.0,0,1,1,0
CUST_001158,25,Basic,46-55,North,5.0,67.0,12,0.5,2.0,0,0,1,0
CUST_001159,24,Standard,56+,East,8.5,13.4,4,2.4,,5,0,0,1
CUST_001160,1,Standard,18-25,East,,16.5,6,1.5,2.0,0,0,1,0
CUST_001161,20,Basic,18-25,North,8.9,5.3,9,0.4,1.0,0,1,1,0
CUST_001162,1,Basic,18-25,East,19.5,24.4,5,0.5,2.0,0,0,1,0
CUST_001163,4,Standard,46-55,West,0.9,69.6,12,2.2,2.0,0,1,0,0
CUST_001164,16,Standard,18-25,South,5.6,4.4,5,13.8,3.0,2,0,0,1
CUST_001165,2,Basic,36-45,West,11.7,22.2,9,3.3,1.0,1,1,0,0
CUST_001166,20,Standard,26-35,East,3.2,10.5,4,5.9,1.0,2,1,0,1
CUST_001167,21,Basic,36-45,North,0.5,44.3,5,2.9,3.0,4,0,1,1
CUST_001168,8,Basic,26-35,South,6.9,17.3,8,1.8,1.0,1,1,2,0
CUST_001169,1,Basic,46-55,East,5.6,41.4,14,0.6,4.0,0,0,0,0
CUST_001170,4,Basic,36-45,East,22.0,42.8,15,10.9,1.0,0,0,2,0
CUST_001171,11,Standard,56+,South,14.1,17.2,5,4.3,0.0,0,0,0,0
CUST_001172,47,Standard,36-45,West,8.7,6.9,11,0.2,0.0,0,0,2,0
CUST_001173,11,Premium,18-25,East,11.6,55.3,11,0.6,0.0,1,0,0,0
CUST_001174,3,Standard,26-35,South,23.0,20.9,7,2.7,0.0,1,0,1,0
CUST_001175,12,Premium,56+,North,1.8,72.8,5,10.5,1.0,0,0,0,0
CUST_001176,9,Standard,46-55,North,1.3,37.2,9,2.3,1.0,0,0,1,0
CUST_001177,18,Standard,18-25,South,30.0,23.6,7,6.9,0.0,1,0,0,0
CUST_001178,1,Premium,46-55,South,10.2,37.8,19,1.4,2.0,0,0,1,0
CUST_001179,17,Standard,26-35,West,2.7,20.9,5,1.0,1.0,0,0,1,0
CUST_001180,9,Basic,26-35,East,0.7,8.4,7,18.3,3.0,0,0,0,1
CUST_001181,39,Standard,26-35,North,23.5,37.4,8,0.6,1.0,1,1,1,0
CUST_001182,5,Premium,46-55,East,2.8,38.2,4,8.0,4.0,4,0,1,1
CUST_001183,12,Standard,18-25,North,3.2,35.6,12,1.7,3.0,0,1,0,0
CUST_001184,32,Standard,26-35,South,10.8,44.1,9,0.6,3.0,0,0,1,0
CUST_001185,1,Standard,26-35,West,14.9,22.2,5,1.5,0.0,1,1,0,0
CUST_001186,33,Premium,26-35,South,7.9,11.7,9,22.2,1.0,4,1,0,1
CUST_001187,13,Basic,36-45,West,10.5,14.6,9,0.7,0.0,0,1,0,0
CUST_001188,1,Standard,18-25,West,2.1,19.4,6,24.5,0.0,2,0,0,1
CUST_001189,4,Basic,26-35,East,10.9,21.6,11,6.3,0.0,1,0,1,0
CUST_001190,14,Standard,56+,North,20.7,68.3,11,1.9,0.0,0,0,0,0
CUST_001191,1,Standard,26-35,South,11.5,21.9,4,2.7,0.0,0,0,1,0
CUST_001192,10,Basic,26-35,North,,120.0,5,0.4,4.0,0,1,1,0
CUST_001193,5,Basic,36-45,East,15.4,39.4,12,6.0,4.0,1,0,0,0
CUST_001194,11,Standard,36-45,West,2.4,,4,1.7,1.0,2,0,0,1
CUST_001195,1,Basic,46-55,East,8.9,3.6,9,1.8,3.0,0,0,0,0
CUST_001196,24,Basic,26-35,West,4.6,11.7,4,14.9,0.0,2,0,0,1
CUST_001197,43,Standard,46-55,West,30.0,57.7,7,0.5,2.0,0,0,0,0
CUST_001198,41,Basic,46-55,West,11.8,30.0,7,9.6,2.0,0,0,0,0
CUST_001199,16,Basic,46-55,South,3.6,16.8,5,2.0,4.0,0,0,2,0
CUST_001200,1,Premium,18-25,West,4.9,53.9,12,2.6,1.0,0,0,0,0
CUST_001201,17,Basic,18-25,East,9.2,67.3,8,7.3,2.0,1,0,1,0
CUST_001202,1,Basic,36-45,South,22.6,45.5,10,0.2,3.0,1,1,2,0
CUST_001203,1,Standard,46-55,West,0.9,36.6,5,3.1,1.0,0,1,0,0
CUST_001204,4,Standard,36-45,West,9.3,10.4,9,1.8,2.0,1,1,1,0
CUST_001205,8,Premium,26-35,East,30.9,25.4,8,0.4,2.0,1,0,0,0
CUST_001206,17,Premium,18-25,West,20.5,48.4,16,2.0,0.0,1,1,0,0
CUST_001207,13,Standard,36-45,South,,39.9,4,0.4,0.0,0,0,1,0
CUST_001208,7,Basic,46-55,South,7.1,21.5,21,1.8,1.0,0,0,0,0
CUST_001209,3,Basic,26-35,North,3.3,17.7,10,0.0,0.0,0,1,0,0
CUST_001210,60,Basic,18-25,East,3.5,4.7,4,12.5,1.0,2,0,1,1
CUST_001211,6,Basic,26-35,South,1.9,16.6,2,4.7,3.0,2,0,0,1
CUST_001212,7,Standard,36-45,North,29.5,42.2,12,9.3,2.0,1,0,1,0
CUST_001213,2,Standard,46-55,East,9.8,41.2,8,1.6,3.0,0,0,0,0
CUST_001214,19,Basic,46-55,North,11.4,6.3,10,7.9,0.0,0,0,2,0
CUST_001215,14,Standard,36-45,North,3.4,41.2,14,2.3,0.0,0,1,0,0
CUST_001216,2,Basic,18-25,South,5.2,63.7,11,0.0,4.0,0,0,0,0
CUST_001217,1,Basic,36-45,South,16.8,26.0,6,2.4,0.0,0,0,0,0
CUST_001218,13,Standard,56+,South,8.3,45.1,8,1.4,3.0,1,0,0,0
CUST_001219,12,Basic,56+,South,3.1,15.5,4,15.0,4.0,2,0,1,1
CUST_001220,3,Basic,46-55,South,4.8,7.4,1,12.8,3.0,2,0,0,1
CUST_001221,36,Basic,26-35,North,3.2,11.5,3,6.2,3.0,2,1,1,1
CUST_001222,1,Basic,46-55,South,0.3,22.8,3,3.2,3.0,2,0,1,1
CUST_001223,6,Standard,46-55,West,1.2,25.7,4,14.1,3.0,4,1,2,1
CUST_001224,34,Premium,36-45,North,13.6,18.7,14,0.5,0.0,0,0,1,0
CUST_001225,6,Basic,26-35,East,16.9,65.9,11,0.2,1.0,2,0,0,0
CUST_001226,12,Basic,56+,North,5.7,68.4,7,2.5,1.0,0,1,0,0
CUST_001227,6,Standard,36-45,South,11.5,8.5,7,4.3,3.0,5,0,0,1
CUST_001228,3,Premium,18-25,South,24.8,67.4,18,7.0,1.0,1,0,0,0
CUST_001229,49,Basic,18-25,West,18.2,37.2,10,0.8,1.0,0,1,1,0
CUST_001230,6,Basic,36-45,South,2.0,22.0,5,0.2,2.0,0,1,0,0
CUST_001231,26,Standard,26-35,East,16.0,10.9,8,3.4,0.0,1,0,0,0
CUST_001232,3,Standard,18-25,East,5.4,68.8,4,0.3,1.0,0,0,0,0
CUST_001233,2,Basic,46-55,North,24.0,26.7,12,1.7,1.0,0,0,0,0
CUST_001234,1,Standard,46-55,West,3.6,4.7,3,8.3,0.0,2,0,0,1
CUST_001235,12,Basic,46-55,South,5.2,61.4,8,7.0,1.0,0,0,0,0
CUST_001236,5,Standard,26-35,North,5.3,35.0,7,3.1,1.0,1,0,2,0
CUST_001237,23,Standard,36-45,South,14.2,16.6,8,0.1,1.0,0,1,0,0
CUST_001238,7,Premium,18-25,South,2.8,37.5,16,1.1,1.0,0,0,2,0
CUST_001239,41,Basic,26-35,North,10.1,45.6,3,0.2,1.0,0,1,0,0
CUST_001240,2,Basic,26-35,East,8.0,21.1,11,0.0,2.0,0,1,3,0
CUST_001241,24,Basic,46-55,South,2.1,11.9,3,35.7,3.0,0,1,0,1
CUST_001242,17,Premium,26-35,East,27.0,22.7,9,0.4,0.0,0,1,1,0
CUST_001243,17,Basic,18-25,North,13.4,16.1,6,3.2,1.0,0,0,0,0
CUST_001244,22,Basic,26-35,West,4.4,31.4,4,1.0,0.0,0,1,2,0
CUST_001245,17,Basic,36-45,North,1.5,3.4,3,7.3,6.0,0,0,0,1
CUST_001246,11,Standard,56+,East,7.5,21.8,8,0.6,1.0,1,0,0,0
CUST_001247,1,Basic,56+,East,,37.0,8,1.0,0.0,1,0,2,0
CUST_001248,1,Basic,26-35,North,11.7,8.7,5,7.1,0.0,0,0,0,0
CUST_001249,30,Basic,26-35,North,7.0,26.6,3,9.7,3.0,4,0,0,1
CUST_001250,11,Premium,26-35,North,0.9,41.0,2,6.4,1.0,5,0,0,1
CUST_001251,19,Standard,46-55,North,3.9,46.3,4,1.9,1.0,0,0,0,0
CUST_001252,7,Standard,18-25,North,5.5,35.6,1,6.1,0.0,4,0,2,1
CUST_001253,1,Premium,18-25,East,6.6,37.3,11,2.6,5.0,0,1,2,0
CUST_001254,1,Premium,36-45,South,27.4,21.5,8,0.6,2.0,1,0,0,0
CUST_001255,13,Basic,26-35,East,7.0,59.6,11,11.3,2.0,0,0,1,0
CUST_001256,6,Premium,18-25,North,4.6,29.7,12,1.0,0.0,0,1,0,0
CUST_001257,2,Basic,26-35,West,1.4,11.4,3,0.3,3.0,2,0,1,1
CUST_001258,8,Basic,26-35,North,9.6,24.0,6,1.3,0.0,1,0,0,0
CUST_001259,1,Premium,36-45,South,2.5,10.1,2,4.7,1.0,2,0,1,1
CUST_001260,10,Basic,56+,North,1.3,18.4,7,0.2,2.0,0,0,1,0
CUST_001261,3,Basic,18-25,North,2.2,16.8,4,5.3,3.0,4,1,1,1
CUST_001262,19,Basic,26-35,East,30.0,61.5,12,1.0,3.0,1,0,0,0
CUST_001263,4,Standard,56+,East,0.4,15.6,3,0.5,3.0,2,1,0,1
CUST_001264,7,Basic,46-55,East,5.4,42.1,7,1.9,2.0,0,0,0,0
CUST_001265,1,Standard,26-35,East,5.3,15.7,5,3.3,1.0,0,0,0,0
CUST_001266,1,Premium,36-45,West,6.8,75.3,5,3.1,3.0,0,1,2,0
CUST_001267,5,Standard,18-25,East,7.6,87.8,10,1.0,3.0,1,1,0,0
CUST_001268,7,Basic,46-55,South,10.6,62.3,14,1.3,2.0,0,0,0,0
CUST_001269,10,Premium,56+,North,23.5,59.3,7,5.6,2.0,0,0,0,0
CUST_001270,4,Basic,36-45,North,30.0,12.1,8,0.5,2.0,0,1,0,0
CUST_001271,14,Basic,36-45,East,14.0,22.4,8,5.0,2.0,1,0,0,0
CUST_001272,23,Basic,26-35,South,18.2,6.5,7,0.4,2.0,1,1,1,0
CUST_001273,18,Standard,36-45,East,5.6,21.2,11,0.8,0.0,1,0,0,0
CUST_001274,1,Basic,36-45,North,7.8,33.9,10,0.9,1.0,1,1,2,0
CUST_001275,7,Basic,36-45,West,7.1,44.8,8,3.5,2.0,0,0,1,0
CUST_001276,1,Basic,18-25,West,4.7,25.0,3,3.0,1.0,0,1,0,0
CUST_001277,3,Basic,36-45,South,8.7,40.5,12,1.1,0.0,0,0,1,0
CUST_001278,51,Standard,36-45,West,2.2,33.9,10,1.2,0.0,0,0,1,0
CUST_001279,1,Standard,26-35,West,5.3,17.6,14,0.3,0.0,1,0,1,0
CUST_001280,8,Standard,26-35,West,20.0,16.0,11,2.5,3.0,2,0,1,0
CUST_001281,11,Basic,26-35,South,9.7,45.4,7,1.4,3.0,0,0,1,0
CUST_001282,14,Basic,46-55,West,20.3,36.4,9,3.3,2.0,0,0,1,0
CUST_001283,9,Premium,36-45,North,14.7,33.3,12,11.2,0.0,0,0,1,0
CUST_001284,1,Basic,46-55,East,3.6,5.4,4,18.3,3.0,0,0,0,1
CUST_001285,4,Premium,26-35,East,5.2,66.0,5,0.6,2.0,1,0,0,0
CUST_001286,8,Basic,56+,East,8.3,15.7,11,2.0,4.0,0,0,0,0
CUST_001287,1,Premium,46-55,North,7.2,49.5,9,1.4,3.0,0,1,0,0
CUST_001288,5,Basic,26-35,West,1.3,13.0,2,0.4,3.0,2,0,0,1
CUST_001289,1,Basic,18-25,South,3.8,27.2,13,1.8,1.0,0,0,1,0
CUST_001290,1,Standard,26-35,North,12.1,37.6,6,1.4,2.0,0,0,1,0
CUST_001291,6,Standard,56+,East,19.6,5.4,9,0.2,2.0,0,0,0,0
CUST_001292,1,Basic,26-35,West,12.9,17.3,12,1.4,1.0,0,0,0,0
CUST_001293,10,Standard,26-35,West,3.6,35.5,8,0.1,5.0,0,1,0,0
CUST_001294,14,Standard,26-35,East,9.7,17.9,6,3.1,2.0,0,0,1,0
CUST_001295,19,Basic,46-55,North,6.6,67.2,7,8.8,1.0,0,1,3,0
CUST_001296,2,Basic,26-35,North,10.9,43.0,4,0.8,2.0,0,1,1,0
CUST_001297,2,Basic,26-35,North,5.3,22.8,3,2.2,1.0,0,0,0,0
CUST_001298,1,Basic,26-35,North,14.9,40.4,4,2.8,1.0,1,0,0,0
CUST_001299,12,Standard,26-35,South,14.9,33.5,6,0.8,0.0,1,1,0,0
CUST_001300,14,Basic,26-35,South,13.6,44.9,9,1.1,,0,0,0,0
CUST_001301,1,Basic,36-45,North,9.2,19.8,5,1.0,3.0,0,0,1,0
CUST_001302,33,Basic,46-55,West,15.3,5.0,5,3.5,2.0,0,0,2,0
CUST_001303,1,Standard,46-55,East,1.1,6.3,5,7.7,3.0,4,0,1,1
CUST_001304,9,Basic,46-55,West,6.3,26.9,12,2.8,2.0,0,0,0,0
CUST_001305,14,Basic,18-25,South,18.4,34.9,9,3.5,2.0,0,0,0,0
CUST_001306,24,Basic,46-55,South,1.8,14.9,2,29.2,3.0,2,1,0,1
CUST_001307,15,Premium,18-25,South,23.6,25.6,9,4.5,0.0,1,1,1,0
CUST_001308,19,Basic,18-25,South,10.1,53.2,9,3.7,3.0,0,0,0,0
CUST_001309,4,Standard,56+,East,3.9,10.7,6,11.2,0.0,2,1,0,1
CUST_001310,20,Basic,46-55,South,3.2,6.8,4,9.3,7.0,2,0,2,1
CUST_001311,1,Basic,36-45,West,3.6,21.1,8,2.9,1.0,0,1,0,0
CUST_001312,27,Standard,46-55,West,15.8,30.5,5,1.6,2.0,0,0,0,0
CUST_001313,9,Basic,56+,South,9.6,54.8,4,1.7,3.0,1,0,0,0
CUST_001314,20,Premium,36-45,North,27.7,101.0,12,3.0,2.0,0,0,0,0
CUST_001315,7,Premium,36-45,West,9.8,20.3,4,13.6,0.0,4,1,0,1
CUST_001316,12,Standard,46-55,East,8.6,23.4,9,2.6,0.0,0,1,0,0
CUST_001317,8,Standard,26-35,East,5.8,53.5,8,3.6,1.0,0,0,0,0
CUST_001318,15,Basic,26-35,East,1.7,12.8,4,5.2,1.0,2,1,1,1
CUST_001319,1,Basic,46-55,North,1.3,7.2,4,7.2,3.0,2,0,0,1
CUST_001320,1,Premium,26-35,North,26.9,69.0,4,5.8,2.0,2,0,2,0
CUST_001321,3,Standard,18-25,North,3.4,32.1,4,24.0,3.0,2,1,1,1
CUST_001322,2,Standard,26-35,North,12.2,15.9,8,2.9,1.0,0,1,1,0
CUST_001323,24,Basic,26-35,South,1.8,,4,7.4,4.0,2,0,0,1
CUST_001324,2,Basic,56+,North,2.3,13.2,4,8.9,4.0,4,0,0,1
CUST_001325,44,Premium,36-45,West,9.6,63.1,12,4.0,0.0,0,0,0,0
CUST_001326,4,Basic,36-45,East,7.8,10.9,8,9.1,0.0,0,0,0,0
CUST_001327,2,Basic,56+,South,1.7,30.2,5,4.5,2.0,0,0,1,0
CUST_001328,18,Basic,56+,North,2.0,33.6,12,0.3,2.0,0,0,1,0
CUST_001329,12,Standard,36-45,East,4.3,19.9,7,0.1,0.0,1,0,0,0
CUST_001330,8,Basic,56+,North,9.7,64.6,10,1.7,2.0,0,0,0,0
CUST_001331,9,Standard,26-35,East,11.6,20.3,10,6.5,2.0,0,0,0,0
CUST_001332,15,Basic,26-35,West,12.0,15.6,11,0.1,1.0,0,0,0,0
CUST_001333,3,Premium,26-35,East,24.2,60.1,7,0.7,1.0,3,1,0,0
CUST_001334,60,Standard,36-45,North,1.1,13.6,3,17.5,3.0,2,1,0,1
CUST_001335,44,Basic,36-45,West,4.3,5.0,5,3.4,3.0,2,1,0,1
CUST_001336,12,Standard,36-45,South,10.2,28.4,11,0.9,2.0,0,0,0,0
CUST_001337,2,Basic,36-45,North,26.5,23.7,3,3.5,2.0,1,1,0,0
CUST_001338,13,Basic,18-25,South,17.0,41.3,6,7.3,3.0,0,0,0,0
CUST_001339,1,Premium,18-25,West,10.7,7.1,9,3.6,3.0,0,0,2,0
CUST_001340,1,Basic,36-45,South,3.3,21.0,4,9.8,1.0,2,0,1,1
CUST_001341,3,Basic,26-35,West,3.2,44.1,13,0.1,0.0,0,0,0,0
CUST_001342,7,Basic,36-45,North,2.6,7.1,4,12.9,0.0,2,0,1,1
CUST_001343,24,Basic,36-45,North,11.5,40.0,4,1.8,2.0,1,0,1,0
CUST_001344,15,Premium,36-45,East,14.9,40.4,11,3.4,3.0,0,1,1,0
CUST_001345,16,Basic,26-35,North,4.2,20.9,5,1.4,2.0,0,0,1,0
CUST_001346,6,Premium,36-45,South,5.1,35.1,7,2.0,2.0,0,1,1,0
CUST_001347,5,Premium,46-55,North,9.8,10.5,2,7.1,3.0,4,1,2,1
CUST_001348,5,Basic,56+,South,10.7,23.4,13,0.3,1.0,1,1,1,0
CUST_001349,52,Basic,46-55,South,4.6,26.0,10,1.5,1.0,0,0,2,0
CUST_001350,1,Premium,36-45,East,19.9,30.5,16,8.0,1.0,1,0,1,0
CUST_001351,24,Basic,26-35,East,3.9,29.4,2,14.8,1.0,2,1,0,1
CUST_001352,10,Basic,36-45,West,,31.1,8,0.4,2.0,1,0,0,0
CUST_001353,6,Basic,56+,East,1.4,48.1,8,3.2,0.0,0,0,0,0
CUST_001354,15,Standard,26-35,East,9.1,23.4,8,1.7,3.0,0,1,0,0
CUST_001355,8,Standard,26-35,East,4.6,37.2,13,1.2,1.0,0,1,0,0
CUST_001356,24,Basic,18-25,West,7.4,30.4,11,1.8,2.0,1,0,0,0
CUST_001357,27,Basic,46-55,South,10.9,30.7,9,5.5,4.0,0,0,1,0
CUST_001358,6,Premium,26-35,South,6.9,65.0,15,0.2,2.0,0,0,0,0
CUST_001359,3,Standard,18-25,East,3.6,14.6,10,2.7,2.0,0,0,0,0
CUST_001360,10,Standard,46-55,North,3.0,7.6,6,1.5,,0,1,0,0
CUST_001361,29,Standard,36-45,West,22.2,31.9,4,4.2,0.0,0,0,0,0
CUST_001362,2,Basic,26-35,East,2.6,17.0,2,10.4,6.0,2,0,0,1
CUST_001363,11,Standard,26-35,South,5.9,45.5,3,1.3,0.0,1,0,0,0
CUST_001364,11,Basic,26-35,West,9.7,36.3,5,1.8,1.0,0,0,0,0
CUST_001365,15,Basic,36-45,South,14.8,35.1,10,1.6,3.0,1,0,1,0
CUST_001366,1,Standard,26-35,West,10.6,29.7,7,1.8,1.0,1,1,0,0
CUST_001367,15,Basic,36-45,West,4.2,47.9,6,5.4,0.0,0,0,1,0
CUST_001368,28,Premium,46-55,East,3.0,42.4,2,4.0,4.0,5,0,2,1
CUST_001369,2,Basic,36-45,North,3.0,13.9,3,0.5,3.0,2,0,0,1
CUST_001370,3,Premium,26-35,South,27.5,38.1,11,5.6,1.0,0,0,0,0
CUST_001371,42,Premium,36-45,East,14.3,88.7,9,2.3,2.0,0,1,0,0
CUST_001372,2,Basic,46-55,West,8.0,12.7,7,0.4,2.0,0,0,1,0
CUST_001373,23,Standard,18-25,North,6.1,25.9,4,1.0,1.0,0,0,0,0
CUST_001374,8,Basic,18-25,North,11.7,10.1,7,2.9,3.0,0,0,0,0
CUST_001375,3,Premium,36-45,North,14.9,,11,3.4,1.0,0,0,0,0
CUST_001376,24,Basic,36-45,East,16.8,17.8,12,7.6,2.0,1,0,0,0
CUST_001377,7,Standard,26-35,West,1.1,17.8,12,4.2,0.0,0,0,0,0
CUST_001378,8,Basic,46-55,North,10.1,6.3,0,3.2,3.0,4,0,0,1
CUST_001379,5,Basic,36-45,North,5.5,16.8,2,9.0,4.0,2,1,0,1
CUST_001380,10,Basic,56+,East,9.1,37.7,6,4.3,3.0,0,1,0,0
CUST_001381,2,Basic,26-35,West,3.3,7.8,3,11.3,0.0,2,0,0,1
CUST_001382,5,Standard,46-55,West,0.9,10.9,9,1.8,2.0,0,0,0,0
CUST_001383,41,Standard,18-25,West,9.1,36.0,5,1.9,0.0,0,0,0,0
CUST_001384,3,Standard,36-45,North,9.1,6.6,6,1.1,1.0,0,0,1,0
CUST_001385,12,Basic,36-45,South,27.8,39.3,12,0.4,0.0,0,1,0,0
CUST_001386,4,Basic,26-35,West,1.7,25.1,4,1.6,3.0,2,0,0,1
CUST_001387,17,Basic,46-55,West,2.7,12.9,2,9.2,1.0,4,1,0,1
CUST_001388,1,Standard,18-25,East,10.3,19.3,9,0.9,3.0,1,1,0,0
CUST_001389,42,Premium,36-45,East,29.5,29.0,5,1.8,2.0,1,1,0,0
CUST_001390,7,Basic,26-35,West,9.9,14.9,5,0.1,2.0,1,1,0,0
CUST_001391,3,Basic,46-55,South,7.3,18.8,11,2.1,2.0,0,1,0,0
CUST_001392,1,Basic,18-25,North,2.7,31.8,9,2.6,1.0,0,1,0,0
CUST_001393,2,Standard,46-55,East,8.8,35.5,15,0.5,1.0,1,1,2,0
CUST_001394,8,Standard,46-55,West,2.0,10.8,5,1.9,4.0,2,0,0,1
CUST_001395,4,Standard,46-55,East,4.5,16.9,5,0.4,2.0,0,0,1,0
CUST_001396,21,Basic,26-35,West,9.3,23.1,4,0.6,0.0,1,0,0,0
CUST_001397,6,Standard,36-45,South,3.6,9.2,4,23.2,3.0,0,0,0,1
CUST_001398,3,Standard,18-25,North,10.1,30.9,6,3.4,1.0,0,0,1,0
CUST_001399,11,Basic,46-55,North,2.9,13.5,4,4.4,1.0,2,1,0,1
CUST_001400,14,Standard,46-55,West,8.8,15.2,7,3.6,1.0,0,0,2,0
CUST_001401,2,Basic,36-45,South,1.9,8.1,3,5.9,3.0,2,0,1,1
CUST_001402,2,Basic,46-55,North,2.1,15.5,2,3.9,,2,0,0,1
CUST_001403,1,Premium,18-25,West,25.2,41.3,7,0.9,2.0,0,1,1,0
CUST_001404,15,Basic,36-45,South,27.4,37.2,10,1.5,3.0,0,1,0,0
CUST_001405,13,Standard,26-35,West,25.2,56.8,11,1.0,2.0,1,1,0,0
CUST_001406,7,Standard,56+,East,4.9,17.3,9,1.7,0.0,0,0,1,0
CUST_001407,22,Basic,46-55,North,11.4,22.7,9,1.7,0.0,1,0,0,0
CUST_001408,19,Standard,46-55,East,2.8,6.4,3,23.6,3.0,0,1,0,1
CUST_001409,10,Standard,56+,West,8.9,51.8,4,0.4,2.0,1,1,0,0
CUST_001410,24,Basic,26-35,North,8.9,13.0,10,4.4,3.0,0,1,0,0
CUST_001411,2,Basic,56+,West,3.6,9.9,3,8.6,6.0,2,0,0,1
CUST_001412,1,Basic,26-35,North,6.9,40.6,9,2.3,2.0,0,1,1,0
CUST_001413,3,Basic,46-55,South,1.0,47.8,10,4.3,0.0,0,0,1,0
CUST_001414,1,Basic,46-55,South,5.3,65.8,9,3.7,2.0,0,1,0,0
CUST_001415,9,Basic,18-25,West,11.6,61.4,6,3.9,0.0,0,1,0,0
CUST_001416,33,Basic,26-35,East,14.9,3.7,12,2.7,3.0,0,1,1,0
CUST_001417,1,Premium,18-25,South,10.8,35.6,14,0.7,3.0,1,0,1,0
CUST_001418,1,Basic,56+,West,21.5,34.1,9,10.0,1.0,0,0,1,0
CUST_001419,7,Standard,18-25,North,9.2,29.6,13,3.1,1.0,0,0,1,0
CUST_001420,32,Standard,36-45,North,18.9,45.8,8,10.9,1.0,1,0,0,0
CUST_001421,4,Standard,46-55,North,9.3,14.3,5,0.2,0.0,0,1,3,0
CUST_001422,8,Basic,26-35,East,0.1,15.9,3,4.1,3.0,2,0,0,1
CUST_001423,1,Premium,36-45,East,29.2,54.5,12,4.8,1.0,2,0,0,0
CUST_001424,1,Standard,36-45,West,6.8,13.6,10,1.9,2.0,0,0,0,0
CUST_001425,51,Standard,26-35,South,,16.8,11,1.9,1.0,1,0,1,0
CUST_001426,40,Basic,46-55,North,2.6,33.2,9,0.2,0.0,0,1,1,0
CUST_001427,1,Basic,26-35,West,7.7,19.9,3,3.8,3.0,4,1,2,1
CUST_001428,36,Standard,26-35,South,1.4,40.6,7,13.7,0.0,4,0,1,1
CUST_001429,12,Basic,36-45,West,19.3,22.9,10,9.2,1.0,0,1,1,0
CUST_001430,24,Basic,26-35,South,6.6,21.7,11,1.3,2.0,0,0,0,0
CUST_001431,7,Basic,56+,North,14.8,47.2,5,1.0,2.0,0,1,0,0
CUST_001432,8,Standard,46-55,South,3.6,20.1,4,2.9,0.0,0,0,0,0
CUST_001433,8,Premium,36-45,North,30.6,46.9,9,6.3,3.0,0,0,1,0
CUST_001434,13,Basic,26-35,North,6.3,20.5,3,28.2,4.0,0,0,0,1
CUST_001435,1,Standard,26-35,South,6.4,42.1,6,2.6,1.0,0,1,1,0
CUST_001436,1,Standard,26-35,North,17.6,40.4,8,6.5,0.0,0,1,0,0
CUST_001437,4,Basic,36-45,North,4.6,24.5,1,5.3,3.0,4,0,2,1
CUST_001438,14,Premium,46-55,South,38.3,42.3,9,0.9,1.0,1,0,1,0
CUST_001439,2,Premium,26-35,South,7.2,52.9,9,2.0,0.0,0,0,1,0
CUST_001440,13,Standard,26-35,South,16.4,22.0,10,6.3,1.0,1,1,0,0
CUST_001441,42,Basic,36-45,North,13.6,21.1,5,4.6,3.0,0,0,1,0
CUST_001442,1,Standard,18-25,East,1.0,30.5,2,11.9,6.0,2,0,0,1
CUST_001443,13,Basic,46-55,East,1.3,29.4,1,6.4,0.0,2,1,1,1
CUST_001444,7,Basic,36-45,East,6.2,30.4,8,4.3,2.0,0,0,0,0
CUST_001445,24,Basic,36-45,South,10.9,29.2,9,0.7,0.0,0,0,1,0
CUST_001446,2,Standard,26-35,North,14.6,20.8,8,1.7,1.0,1,1,2,0
CUST_001447,14,Premium,56+,South,,79.2,7,4.0,0.0,1,1,1,0
CUST_001448,21,Basic,18-25,West,16.2,5.6,8,0.8,,1,1,0,0
CUST_001449,34,Basic,46-55,South,7.0,61.6,3,7.5,2.0,0,0,0,0
CUST_001450,13,Premium,26-35,North,22.3,23.5,8,0.0,0.0,0,0,0,0
CUST_001451,8,Basic,46-55,North,9.1,35.7,6,0.8,3.0,1,0,0,0
CUST_001452,11,Standard,46-55,West,6.1,28.9,15,3.4,3.0,0,0,1,0
CUST_001453,24,Basic,18-25,East,,32.2,7,1.2,3.0,0,1,0,0
CUST_001454,10,Basic,46-55,South,1.2,61.4,9,0.4,2.0,0,1,0,0
CUST_001455,1,Premium,36-45,South,10.3,28.6,15,0.3,1.0,0,0,0,0
CUST_001456,32,Basic,18-25,West,9.5,18.1,5,0.1,3.0,1,0,1,0
CUST_001457,14,Basic,18-25,North,4.6,24.8,11,1.5,3.0,0,1,1,0
CUST_001458,13,Basic,36-45,East,2.9,10.7,5,8.7,1.0,2,0,0,1
CUST_001459,2,Premium,36-45,East,9.4,40.1,5,3.3,3.0,0,0,2,0
CUST_001460,12,Premium,46-55,South,5.0,43.8,7,1.4,3.0,0,0,0,0
CUST_001461,6,Basic,46-55,North,4.4,31.4,6,0.2,3.0,0,1,0,0
CUST_001462,12,Basic,36-45,North,13.0,62.4,4,1.0,1.0,0,0,2,0
CUST_001463,1,Standard,46-55,West,7.5,18.9,11,0.5,4.0,0,1,0,0
CUST_001464,12,Basic,36-45,East,10.7,92.1,13,0.9,1.0,1,1,1,0
CUST_001465,60,Standard,26-35,West,0.8,,3,1.7,1.0,2,0,1,1
CUST_001466,1,Basic,56+,East,18.4,9.5,8,7.1,5.0,0,0,0,0
CUST_001467,45,Basic,18-25,West,4.3,9.4,5,1.9,4.0,4,0,0,1
CUST_001468,6,Standard,26-35,West,14.5,39.0,7,0.8,3.0,0,0,0,0
CUST_001469,24,Basic,46-55,South,2.9,51.9,10,4.0,4.0,0,0,0,0
CUST_001470,18,Premium,26-35,South,17.8,41.6,16,3.7,2.0,0,0,0,0
CUST_001471,10,Basic,18-25,East,6.3,13.4,7,2.4,3.0,0,1,2,0
CUST_001472,16,Basic,18-25,East,29.3,13.1,9,0.1,1.0,0,1,0,0
CUST_001473,25,Premium,36-45,South,7.4,45.2,8,1.8,1.0,1,0,0,0
CUST_001474,6,Basic,56+,West,4.5,9.9,4,21.7,3.0,0,0,0,1
CUST_001475,4,Standard,36-45,North,1.6,5.9,6,4.6,1.0,2,0,1,1
CUST_001476,13,Basic,36-45,South,8.9,37.4,5,0.0,2.0,0,0,0,0
CUST_001477,19,Standard,26-35,East,4.0,12.1,3,2.4,3.0,2,0,1,1
CUST_001478,17,Standard,26-35,North,17.2,,7,5.3,0.0,1,1,0,0
CUST_001479,19,Basic,18-25,South,9.3,19.1,7,4.8,2.0,0,1,0,0
CUST_001480,6,Standard,26-35,West,6.4,61.9,16,1.8,2.0,0,1,1,0
CUST_001481,20,Standard,26-35,East,3.9,8.0,4,9.8,6.0,2,1,0,1
CUST_001482,1,Basic,26-35,West,1.5,12.9,7,3.1,2.0,0,0,1,0
CUST_001483,9,Standard,18-25,East,9.8,46.7,8,6.7,1.0,0,0,2,0
CUST_001484,1,Standard,46-55,East,7.8,2.6,5,5.0,6.0,4,0,0,1
CUST_001485,4,Basic,46-55,East,4.6,45.7,4,20.0,0.0,4,0,0,1
CUST_001486,5,Basic,56+,North,0.9,20.5,5,20.4,1.0,2,1,0,1
CUST_001487,6,Basic,36-45,East,10.6,44.1,8,2.2,0.0,1,1,0,0
CUST_001488,14,Basic,18-25,South,11.0,28.2,15,2.7,1.0,0,0,0,0
CUST_001489,5,Standard,46-55,West,11.7,12.7,12,1.2,1.0,0,0,2,0
CUST_001490,7,Basic,18-25,South,7.8,36.2,9,0.9,1.0,1,0,1,0
CUST_001491,3,Premium,36-45,North,14.4,70.9,12,1.1,0.0,1,0,1,0
CUST_001492,5,Basic,46-55,East,5.5,8.8,4,19.3,0.0,4,0,0,1
CUST_001493,3,Basic,46-55,East,1.9,14.8,1,8.4,,4,0,0,1
CUST_001494,1,Standard,56+,North,2.2,9.8,6,40.6,3.0,0,0,0,1
CUST_001495,11,Standard,46-55,North,11.8,38.7,8,1.0,2.0,0,0,0,0
CUST_001496,13,Standard,36-45,West,4.3,35.3,11,2.8,1.0,0,0,0,0
CUST_001497,11,Basic,26-35,South,7.4,70.3,6,0.8,2.0,1,1,1,0
CUST_001498,7,Basic,56+,North,11.7,17.5,8,8.4,2.0,0,1,0,0
CUST_001499,5,Basic,26-35,South,8.1,25.1,4,4.1,7.0,4,1,0,1
CUST_001500,23,Premium,56+,South,7.6,43.9,12,0.4,1.0,0,0,1,0
CUST_001501,8,Basic,26-35,North,4.2,43.1,10,0.5,1.0,0,0,0,0
CUST_001502,7,Premium,18-25,West,17.6,22.7,14,2.0,0.0,1,1,0,0
CUST_001503,1,Standard,46-55,South,16.8,7.6,11,2.4,2.0,0,0,1,0
CUST_001504,5,Basic,18-25,North,0.9,15.0,7,7.0,0.0,2,0,1,1
CUST_001505,5,Standard,46-55,West,4.2,16.1,5,13.0,1.0,5,1,2,1
CUST_001506,6,Standard,26-35,West,22.0,67.6,2,1.4,1.0,0,1,0,0
CUST_001507,10,Premium,46-55,South,5.9,21.2,15,2.9,2.0,0,1,0,0
CUST_001508,9,Basic,36-45,South,12.1,37.5,5,1.9,0.0,1,0,0,0
CUST_001509,11,Basic,36-45,West,7.7,10.1,5,1.1,1.0,0,0,0,0
CUST_001510,17,Basic,26-35,South,7.8,20.1,6,0.3,1.0,1,0,0,0
CUST_001511,20,Basic,18-25,East,7.0,15.1,7,1.7,2.0,0,1,0,0
CUST_001512,15,Standard,46-55,East,10.1,34.4,12,3.5,1.0,1,1,0,0
CUST_001513,37,Premium,26-35,South,26.0,34.1,14,0.3,3.0,0,1,0,0
CUST_001514,1,Basic,26-35,East,4.1,29.7,12,0.8,1.0,0,1,0,0
CUST_001515,2,Standard,36-45,South,2.2,9.8,3,12.0,3.0,0,1,0,1
CUST_001516,1,Standard,36-45,North,4.9,4.2,3,0.2,1.0,4,1,0,1
CUST_001517,12,Basic,26-35,West,10.2,18.2,6,2.6,1.0,1,0,2,0
CUST_001518,27,Basic,18-25,North,7.0,37.3,9,0.8,2.0,0,1,0,0
CUST_001519,3,Standard,18-25,South,15.6,40.4,9,3.9,1.0,0,0,1,0
CUST_001520,31,Premium,46-55,East,3.6,23.8,4,9.7,1.0,2,0,1,1
CUST_001521,1,Standard,18-25,East,4.5,39.8,8,1.3,2.0,0,0,0,0
CUST_001522,32,Basic,56+,South,9.0,14.5,8,2.1,4.0,0,1,0,0
CUST_001523,5,Basic,26-35,East,4.0,32.4,9,0.5,1.0,0,0,2,0
CUST_001524,1,Basic,18-25,North,30.0,45.7,6,4.0,1.0,0,0,0,0
CUST_001525,7,Standard,36-45,East,2.4,11.0,11,2.6,2.0,0,0,0,0
CUST_001526,3,Standard,18-25,West,20.4,19.0,6,0.4,1.0,0,1,1,0
CUST_001527,4,Basic,36-45,West,4.6,20.8,11,0.5,2.0,0,1,0,0
CUST_001528,4,Standard,46-55,East,1.2,8.8,1,1.9,1.0,2,1,0,1
CUST_001529,19,Standard,18-25,South,4.8,6.0,3,3.6,1.0,4,0,1,1
CUST_001530,9,Standard,46-55,North,6.9,52.4,9,5.3,0.0,0,0,0,0
CUST_001531,4,Premium,26-35,South,42.4,47.6,11,0.4,3.0,1,1,1,0
CUST_001532,11,Basic,26-35,East,10.7,24.8,4,6.8,0.0,0,1,0,0
CUST_001533,15,Premium,26-35,North,10.1,21.9,7,6.0,1.0,0,0,0,0
CUST_001534,3,Basic,56+,West,7.7,10.2,7,1.1,0.0,1,1,0,0
CUST_001535,6,Basic,18-25,West,0.5,10.6,4,18.1,1.0,0,0,2,1
CUST_001536,1,Premium,46-55,North,1.1,57.6,8,1.6,2.0,0,0,0,0
CUST_001537,2,Premium,36-45,East,2.7,76.6,15,1.8,2.0,1,0,0,0
CUST_001538,13,Standard,18-25,West,7.0,53.6,7,1.8,3.0,0,0,0,0
CUST_001539,2,Standard,36-45,North,8.2,17.6,3,1.6,2.0,0,0,0,0
CUST_001540,8,Standard,46-55,East,11.0,,8,0.4,1.0,1,0,0,0
CUST_001541,14,Standard,46-55,South,13.2,21.9,8,1.2,2.0,0,0,0,0
CUST_001542,1,Basic,36-45,North,1.0,27.2,5,2.9,0.0,0,0,2,0
CUST_001543,10,Standard,46-55,East,10.0,29.9,7,3.1,1.0,1,0,0,0
CUST_001544,3,Basic,18-25,West,18.3,21.2,8,1.1,2.0,0,0,1,0
CUST_001545,39,Basic,56+,South,5.9,15.0,9,1.0,1.0,0,1,1,0
CUST_001546,7,Basic,46-55,East,30.0,51.9,15,1.1,3.0,1,0,2,0
CUST_001547,19,Standard,46-55,South,7.8,34.4,8,1.8,2.0,0,0,0,0
CUST_001548,9,Premium,46-55,West,7.3,31.4,7,2.2,2.0,0,0,0,0
CUST_001549,1,Standard,36-45,West,14.6,18.5,5,5.4,0.0,1,0,0,0
CUST_001550,12,Premium,36-45,North,16.4,21.6,14,2.9,1.0,1,0,2,0
CUST_001551,36,Basic,36-45,West,18.9,62.6,11,0.1,0.0,0,0,1,0
CUST_001552,11,Standard,26-35,North,13.1,5.3,6,1.3,2.0,0,0,1,0
CUST_001553,20,Standard,36-45,North,8.3,25.3,9,3.1,1.0,1,0,0,0
CUST_001554,25,Standard,26-35,East,6.8,32.6,2,13.4,1.0,4,0,0,1
CUST_001555,3,Standard,26-35,South,1.6,30.3,9,1.1,2.0,0,0,0,0
CUST_001556,2,Standard,26-35,East,11.6,44.5,7,12.0,2.0,0,0,0,0
CUST_001557,11,Premium,18-25,East,11.3,54.9,11,0.1,0.0,1,0,0,0
CUST_001558,6,Standard,26-35,North,2.6,46.3,6,0.3,1.0,0,0,0,0
CUST_001559,21,Basic,46-55,South,12.9,100.5,8,1.9,0.0,0,0,2,0
CUST_001560,27,Standard,26-35,South,17.1,42.8,12,1.9,2.0,0,0,0,0
CUST_001561,5,Basic,46-55,South,6.3,8.6,6,0.6,1.0,0,0,0,0
CUST_001562,3,Basic,26-35,North,3.9,71.1,5,3.1,0.0,1,0,1,0
CUST_001563,18,Premium,26-35,North,23.2,50.4,12,5.8,1.0,0,1,0,0
CUST_001564,3,Basic,18-25,West,3.8,43.0,6,6.5,3.0,0,0,1,0
CUST_001565,20,Standard,18-25,West,4.1,7.4,3,14.9,7.0,0,0,0,1
CUST_001566,6,Basic,36-45,North,8.0,24.7,15,3.7,1.0,1,0,0,0
CUST_001567,13,Basic,36-45,North,1.8,34.7,5,5.7,0.0,5,0,0,1
CUST_001568,1,Basic,26-35,East,2.4,27.7,10,0.0,1.0,0,0,0,0
CUST_001569,11,Basic,36-45,West,14.3,28.4,8,0.4,4.0,1,0,0,0
CUST_001570,7,Standard,46-55,South,10.4,,6,2.5,0.0,0,0,0,0
CUST_001571,10,Basic,26-35,West,5.7,6.1,9,0.4,1.0,0,0,0,0
CUST_001572,2,Basic,18-25,East,5.8,9.8,10,1.9,0.0,0,0,0,0
CUST_001573,16,Basic,36-45,West,11.0,10.6,2,0.2,0.0,1,1,1,0
CUST_001574,23,Basic,18-25,North,5.2,27.4,8,0.9,1.0,1,1,0,0
CUST_001575,2,Standard,56+,West,,14.8,3,9.2,1.0,2,1,1,1
CUST_001576,1,Basic,36-45,South,2.4,19.5,3,1.4,3.0,2,1,1,1
CUST_001577,1,Standard,36-45,West,6.4,8.8,9,2.3,1.0,0,1,0,0
CUST_001578,12,Premium,26-35,South,10.2,30.7,12,4.1,6.0,0,0,1,0
CUST_001579,11,Standard,36-45,East,11.3,19.5,8,1.0,3.0,1,0,0,0
CUST_001580,9,Standard,18-25,West,4.6,52.8,7,0.9,1.0,0,1,1,0
CUST_001581,3,Basic,56+,East,16.1,13.9,6,2.4,0.0,1,1,0,0
CUST_001582,5,Basic,36-45,East,11.1,22.5,7,0.3,3.0,1,0,0,0
CUST_001583,10,Premium,26-35,South,11.4,44.1,14,3.5,1.0,1,0,0,0
CUST_001584,8,Standard,36-45,West,6.5,18.3,13,0.5,1.0,0,0,0,0
CUST_001585,52,Standard,18-25,West,5.7,72.9,12,0.1,2.0,0,0,0,0
CUST_001586,1,Standard,18-25,North,7.1,25.2,4,3.1,6.0,4,0,0,1
CUST_001587,14,Basic,36-45,East,5.2,36.3,5,1.2,2.0,0,0,1,0
CUST_001588,6,Basic,36-45,West,0.5,20.6,7,9.6,1.0,4,1,1,1
CUST_001589,6,Standard,36-45,East,5.1,19.6,9,0.9,0.0,1,0,0,0
CUST_001590,15,Standard,26-35,West,19.3,5.2,6,1.3,2.0,1,0,0,0
CUST_001591,14,Basic,36-45,West,3.1,29.8,7,0.0,1.0,0,0,0,0
CUST_001592,56,Premium,18-25,West,34.0,35.1,11,0.3,2.0,0,0,0,0
CUST_001593,1,Basic,36-45,East,5.5,17.7,6,2.1,0.0,0,1,1,0
CUST_001594,1,Basic,36-45,West,5.2,49.1,9,2.4,1.0,1,1,1,0
CUST_001595,15,Premium,36-45,West,38.2,41.8,9,1.8,2.0,0,0,0,0
CUST_001596,10,Standard,46-55,West,9.1,5.5,9,5.4,1.0,0,1,0,0
CUST_001597,3,Standard,46-55,North,,28.2,7,0.7,0.0,0,0,3,0
CUST_001598,1,Basic,56+,North,3.6,27.8,8,0.4,2.0,0,1,1,0
CUST_001599,1,Basic,56+,East,6.0,28.3,5,0.5,1.0,0,0,0,0
CUST_001600,26,Standard,46-55,East,0.4,6.2,3,0.2,4.0,4,0,1,1
CUST_001601,2,Basic,56+,South,2.4,16.4,6,33.5,3.0,2,0,0,1
CUST_001602,4,Standard,46-55,North,6.1,,14,1.6,2.0,0,1,1,0
CUST_001603,3,Premium,46-55,South,8.6,20.4,9,1.3,0.0,0,1,2,0
CUST_001604,5,Standard,18-25,West,3.4,6.0,3,0.3,6.0,2,1,0,1
CUST_001605,1,Basic,18-25,West,3.0,27.6,3,9.6,1.0,2,1,0,1
CUST_001606,8,Standard,46-55,West,1.0,79.0,14,2.0,2.0,1,1,0,0
CUST_001607,1,Basic,36-45,South,4.7,60.9,6,0.2,0.0,0,0,1,0
CUST_001608,19,Basic,46-55,South,4.2,8.8,5,28.0,1.0,0,0,0,1
CUST_001609,3,Basic,26-35,South,9.9,49.7,4,5.7,2.0,0,0,0,0
CUST_001610,9,Basic,26-35,South,18.5,,6,4.0,0.0,0,1,0,0
CUST_001611,25,Premium,46-55,East,1.2,7.2,11,1.4,2.0,0,0,0,0
CUST_001612,12,Basic,56+,South,4.9,20.5,10,2.8,1.0,0,1,0,0
CUST_001613,9,Basic,18-25,North,14.0,28.2,9,5.4,2.0,0,1,0,0
CUST_001614,4,Premium,46-55,South,12.0,40.7,18,1.4,1.0,1,0,0,0
CUST_001615,4,Basic,46-55,North,5.1,30.9,8,0.0,1.0,0,0,0,0
CUST_001616,13,Standard,26-35,North,,12.5,10,0.4,1.0,0,0,0,0
CUST_001617,60,Basic,26-35,South,7.8,18.7,6,1.0,0.0,0,0,0,0
CUST_001618,13,Basic,18-25,North,12.7,32.7,7,1.4,2.0,1,0,0,0
CUST_001619,9,Premium,18-25,South,10.7,,8,3.3,2.0,0,0,0,0
CUST_001620,15,Basic,36-45,South,,9.2,7,2.0,4.0,2,0,2,1
CUST_001621,7,Standard,18-25,East,18.8,14.7,11,1.9,1.0,0,0,1,0
CUST_001622,1,Basic,26-35,West,6.5,10.0,5,5.1,1.0,0,1,0,0
CUST_001623,9,Basic,46-55,East,0.9,8.4,3,16.6,3.0,0,0,0,1
CUST_001624,37,Basic,36-45,East,2.4,20.9,3,10.2,0.0,4,0,0,1
CUST_001625,2,Basic,36-45,West,3.3,21.0,9,1.7,2.0,0,1,2,0
CUST_001626,14,Basic,26-35,South,0.2,15.7,2,22.8,3.0,0,0,1,1
CUST_001627,2,Standard,46-55,North,5.8,29.7,9,0.3,1.0,1,1,0,0
CUST_001628,9,Basic,46-55,South,0.9,13.7,11,2.7,0.0,0,0,2,0
CUST_001629,1,Basic,36-45,South,5.8,79.0,7,1.9,1.0,0,0,1,0
CUST_001630,7,Basic,56+,East,4.5,11.6,3,2.8,3.0,2,0,0,1
CUST_001631,16,Premium,46-55,North,13.3,29.8,4,3.6,2.0,0,0,3,0
CUST_001632,5,Premium,46-55,West,3.2,12.9,4,6.4,3.0,2,0,0,1
CUST_001633,13,Standard,46-55,North,2.4,68.4,9,0.0,0.0,0,1,1,0
CUST_001634,19,Premium,18-25,West,20.3,82.0,12,1.3,2.0,1,0,0,0
CUST_001635,31,Basic,26-35,West,10.2,5.2,5,0.9,3.0,0,1,0,0
CUST_001636,3,Basic,18-25,West,5.0,13.7,4,0.6,1.0,0,0,1,0
CUST_001637,6,Standard,18-25,West,0.7,12.3,5,3.0,6.0,2,0,0,1
CUST_001638,1,Standard,26-35,North,2.9,43.7,11,0.0,1.0,0,0,0,0
CUST_001639,58,Basic,46-55,East,23.1,24.7,6,3.3,2.0,0,1,2,0
CUST_001640,31,Basic,26-35,North,12.8,46.3,8,2.3,1.0,0,0,1,0
CUST_001641,9,Premium,56+,West,13.7,47.1,7,3.6,2.0,0,0,0,0
CUST_001642,22,Standard,36-45,South,3.3,18.3,11,3.4,2.0,0,0,0,0
CUST_001643,8,Basic,26-35,South,1.7,39.4,2,22.3,3.0,0,0,0,1
CUST_001644,11,Standard,36-45,West,7.0,3.3,3,18.1,7.0,0,0,1,1
CUST_001645,1,Basic,26-35,North,20.2,78.8,9,3.0,0.0,0,0,0,0
CUST_001646,16,Basic,56+,North,14.1,4.8,7,1.5,2.0,0,1,0,0
CUST_001647,1,Basic,46-55,South,5.7,36.1,9,0.7,2.0,0,0,0,0
CUST_001648,20,Basic,18-25,East,3.8,33.9,5,0.7,0.0,0,0,1,0
CUST_001649,18,Basic,56+,East,1.5,8.2,3,7.7,4.0,0,0,0,1
CUST_001650,14,Standard,46-55,East,2.6,16.8,3,8.9,1.0,2,0,0,1
CUST_001651,1,Basic,18-25,West,3.3,26.6,5,4.9,2.0,0,0,0,0
CUST_001652,4,Standard,36-45,North,7.8,44.8,10,3.9,1.0,0,1,3,0
CUST_001653,3,Basic,36-45,East,7.1,,8,6.0,2.0,0,0,0,0
CUST_001654,5,Basic,26-35,East,27.3,22.7,6,1.8,1.0,0,1,1,0
CUST_001655,1,Premium,46-55,East,21.2,38.9,7,18.3,0.0,0,0,0,0
CUST_001656,33,Standard,18-25,South,,16.0,4,10.1,1.0,2,0,0,1
CUST_001657,9,Premium,36-45,North,40.7,18.1,9,3.2,2.0,2,0,1,0
CUST_001658,4,Premium,18-25,North,15.3,44.7,11,2.9,2.0,0,1,2,0
CUST_001659,6,Basic,56+,North,3.2,82.5,7,1.2,1.0,1,0,1,0
CUST_001660,7,Basic,46-55,South,13.4,26.7,9,2.9,1.0,0,0,1,0
CUST_001661,11,Premium,26-35,North,3.6,6.9,14,0.8,0.0,0,0,0,0
CUST_001662,8,Premium,26-35,South,1.6,49.5,18,0.3,2.0,0,1,0,0
CUST_001663,30,Standard,26-35,North,5.0,13.3,6,15.3,3.0,4,1,0,1
CUST_001664,8,Standard,46-55,West,11.3,49.7,5,14.2,0.0,0,0,0,0
CUST_001665,58,Standard,18-25,West,13.5,27.6,10,8.1,2.0,0,1,1,0
CUST_001666,22,Basic,46-55,South,11.2,22.5,5,3.3,1.0,0,1,0,0
CUST_001667,2,Standard,56+,East,9.6,12.4,11,8.9,0.0,0,0,0,0
CUST_001668,32,Standard,36-45,West,2.2,6.6,4,3.1,1.0,2,0,1,1
CUST_001669,1,Standard,26-35,East,8.7,25.1,8,0.5,0.0,1,0,1,0
CUST_001670,20,Basic,26-35,West,13.5,25.8,5,2.4,1.0,0,0,2,0
CUST_001671,5,Basic,36-45,North,9.6,23.3,9,6.5,1.0,0,0,0,0
CUST_001672,25,Basic,36-45,West,11.9,13.8,7,6.8,1.0,0,0,0,0
CUST_001673,24,Basic,36-45,South,11.7,9.6,10,1.5,3.0,0,0,0,0
CUST_001674,19,Premium,36-45,North,22.2,30.3,9,1.3,1.0,2,1,0,0
CUST_001675,18,Basic,26-35,West,0.8,31.5,4,20.5,7.0,0,0,1,1
CUST_001676,4,Basic,46-55,West,9.7,31.4,6,0.2,1.0,0,0,1,0
CUST_001677,1,Basic,18-25,South,26.3,52.2,7,0.6,1.0,0,1,0,0
CUST_001678,6,Standard,36-45,West,4.2,10.7,3,0.6,1.0,5,0,0,1
CUST_001679,2,Standard,46-55,North,8.4,27.9,5,1.5,2.0,0,0,1,0
CUST_001680,14,Basic,18-25,East,6.0,30.4,18,1.7,3.0,1,0,0,0
CUST_001681,5,Basic,46-55,North,2.8,36.0,2,0.2,3.0,4,1,0,1
CUST_001682,44,Basic,46-55,North,22.0,35.9,6,4.0,2.0,0,0,0,0
CUST_001683,12,Standard,36-45,West,0.8,71.4,7,3.7,2.0,0,1,1,0
CUST_001684,20,Basic,18-25,South,9.3,35.4,6,2.8,1.0,1,1,1,0
CUST_001685,1,Premium,26-35,North,4.6,4.6,4,1.0,6.0,2,0,0,1
CUST_001686,23,Basic,26-35,South,1.2,36.3,8,0.2,1.0,0,0,0,0
CUST_001687,30,Basic,26-35,North,13.4,52.5,8,4.8,1.0,1,0,0,0
CUST_001688,8,Standard,56+,East,7.0,20.2,7,0.6,1.0,1,0,0,0
CUST_001689,11,Basic,36-45,North,9.1,37.9,9,2.6,2.0,0,0,2,0
CUST_001690,17,Standard,26-35,West,5.3,31.2,11,3.8,2.0,0,0,0,0
CUST_001691,2,Basic,56+,South,10.3,25.3,9,1.9,3.0,0,1,1,0
CUST_001692,8,Standard,46-55,South,11.4,20.2,4,0.3,5.0,0,1,1,0
CUST_001693,6,Standard,26-35,South,,10.1,3,2.5,3.0,2,1,0,1
CUST_001694,1,Premium,26-35,East,4.3,41.9,8,1.0,2.0,0,0,0,0
CUST_001695,5,Basic,26-35,North,5.3,18.9,10,0.3,1.0,0,0,0,0
CUST_001696,1,Basic,56+,South,20.1,61.1,9,5.2,0.0,1,0,0,0
CUST_001697,1,Basic,36-45,South,5.5,52.6,6,1.5,1.0,0,0,1,0
CUST_001698,1,Premium,46-55,West,8.1,8.7,4,1.9,1.0,0,0,0,0
CUST_001699,39,Premium,26-35,North,3.4,13.8,7,1.7,6.0,2,1,0,1
CUST_001700,9,Basic,46-55,West,23.0,21.2,9,10.1,1.0,1,1,1,0
CUST_001701,40,Basic,18-25,North,4.2,4.9,0,1.9,3.0,4,0,0,1
CUST_001702,6,Basic,56+,North,15.7,25.0,9,2.1,3.0,1,1,1,0
CUST_001703,4,Basic,56+,North,16.8,,10,3.8,2.0,0,0,0,0
CUST_001704,8,Basic,26-35,North,1.6,19.2,6,34.0,7.0,2,1,1,1
CUST_001705,6,Basic,46-55,East,2.0,7.1,5,20.5,0.0,0,0,3,1
CUST_001706,1,Standard,46-55,West,9.1,13.5,9,1.4,0.0,1,0,0,0
CUST_001707,12,Premium,56+,North,4.6,40.3,14,3.4,2.0,0,0,0,0
CUST_001708,2,Premium,26-35,South,5.9,46.2,12,8.1,2.0,0,0,0,0
CUST_001709,11,Basic,36-45,South,5.7,29.1,7,4.4,1.0,0,1,0,0
CUST_001710,12,Standard,46-55,South,2.0,17.7,4,5.3,3.0,2,0,1,1
CUST_001711,1,Premium,46-55,South,3.7,55.7,15,1.7,3.0,0,0,2,0
CUST_001712,1,Basic,26-35,West,4.6,72.0,14,5.1,1.0,1,0,0,0
CUST_001713,18,Standard,46-55,North,3.9,17.5,3,6.4,1.0,4,0,0,1
CUST_001714,7,Basic,18-25,West,1.7,17.3,5,3.5,1.0,2,0,0,1
CUST_001715,1,Basic,46-55,South,2.4,4.0,3,0.3,3.0,2,0,2,1
CUST_001716,60,Basic,26-35,South,6.1,12.5,5,1.2,2.0,0,1,0,0
CUST_001717,1,Basic,26-35,South,23.5,44.3,9,3.2,2.0,0,1,0,0
CUST_001718,14,Standard,36-45,South,1.9,21.3,3,9.7,4.0,2,1,0,1
CUST_001719,49,Basic,26-35,North,18.4,20.9,7,2.6,1.0,1,0,2,0
CUST_001720,3,Basic,36-45,North,0.8,51.4,11,5.4,1.0,0,0,0,0
CUST_001721,1,Basic,36-45,South,6.5,7.5,2,3.0,4.0,2,0,0,1
CUST_001722,1,Premium,26-35,West,17.0,28.2,11,4.6,1.0,0,1,0,0
CUST_001723,4,Basic,26-35,North,13.0,24.0,8,0.8,1.0,0,0,0,0
CUST_001724,1,Standard,46-55,East,11.9,49.5,8,1.2,0.0,1,1,0,0
CUST_001725,14,Standard,26-35,South,14.9,24.2,10,1.7,1.0,1,0,0,0
CUST_001726,1,Basic,36-45,West,5.6,63.4,8,2.9,2.0,0,1,0,0
CUST_001727,8,Basic,36-45,South,18.6,38.0,6,4.3,1.0,0,0,0,0
CUST_001728,60,Standard,56+,North,4.0,19.4,6,0.4,0.0,0,1,1,0
CUST_001729,20,Basic,46-55,West,0.9,30.5,8,0.2,2.0,0,0,1,0
CUST_001730,11,Basic,18-25,North,0.6,9.4,3,9.3,3.0,2,0,2,1
CUST_001731,4,Standard,46-55,East,4.2,11.4,4,8.4,0.0,2,1,0,1
CUST_001732,11,Basic,56+,East,5.3,19.1,7,5.6,6.0,4,0,1,1
CUST_001733,8,Basic,36-45,South,6.8,10.7,2,14.8,3.0,4,0,1,1
CUST_001734,6,Basic,56+,West,4.1,9.7,4,0.4,4.0,4,0,0,1
CUST_001735,1,Basic,36-45,West,4.3,57.5,12,1.5,3.0,1,1,1,0
CUST_001736,26,Standard,36-45,West,13.3,71.7,11,1.8,1.0,0,0,3,0
CUST_001737,7,Standard,26-35,West,7.5,32.2,13,2.9,2.0,0,1,1,0
CUST_001738,2,Standard,36-45,South,4.1,22.8,10,2.2,1.0,0,1,1,0
CUST_001739,5,Standard,26-35,North,10.1,15.3,7,0.4,3.0,0,0,1,0
CUST_001740,6,Basic,18-25,West,3.7,9.9,4,9.8,3.0,4,1,1,1
CUST_001741,21,Basic,18-25,South,30.0,8.4,12,8.8,1.0,1,0,2,0
CUST_001742,15,Basic,26-35,North,15.0,3.2,1,14.5,6.0,4,1,1,1
CUST_001743,17,Basic,26-35,South,3.8,27.9,8,2.4,0.0,0,0,0,0
CUST_001744,1,Premium,36-45,West,0.9,26.1,4,7.9,4.0,2,0,1,1
CUST_001745,6,Standard,26-35,North,1.5,16.0,6,2.3,3.0,2,0,1,1
CUST_001746,7,Basic,56+,West,1.4,24.9,6,1.5,0.0,0,0,0,0
CUST_001747,1,Basic,26-35,South,11.3,13.5,5,1.9,3.0,0,0,0,0
CUST_001748,3,Basic,26-35,North,17.3,32.4,5,1.6,1.0,0,1,1,0
CUST_001749,17,Basic,18-25,West,3.1,23.7,6,4.1,0.0,0,0,0,0
CUST_001750,1,Basic,26-35,West,16.3,14.6,6,7.1,2.0,0,1,1,0
CUST_001751,9,Standard,18-25,South,2.2,13.6,12,2.3,0.0,0,1,2,0
CUST_001752,2,Premium,36-45,South,23.9,66.4,8,0.9,1.0,1,0,0,0
CUST_001753,1,Standard,46-55,South,3.6,24.3,11,2.7,1.0,0,0,0,0
CUST_001754,3,Basic,26-35,West,7.9,30.8,5,2.0,0.0,0,1,2,0
CUST_001755,44,Basic,26-35,North,13.6,26.5,9,1.3,2.0,0,0,1,0
CUST_001756,19,Standard,18-25,North,2.8,7.1,3,3.7,3.0,2,1,1,1
CUST_001757,38,Standard,46-55,East,1.0,31.1,2,5.6,7.0,2,0,2,1
CUST_001758,8,Standard,46-55,South,29.0,34.5,6,4.1,1.0,0,0,1,0
CUST_001759,1,Premium,18-25,South,3.1,27.6,9,1.7,2.0,0,0,0,0
CUST_001760,9,Standard,26-35,West,23.3,42.1,5,4.5,3.0,1,0,1,0
CUST_001761,7,Standard,56+,West,,10.9,7,2.2,1.0,1,0,0,0
CUST_001762,22,Basic,26-35,West,17.5,32.6,7,3.1,2.0,0,0,1,0
CUST_001763,1,Standard,36-45,South,12.0,31.8,8,4.1,3.0,0,0,0,0
CUST_001764,8,Basic,26-35,West,2.2,38.4,6,0.5,3.0,0,0,2,0
CUST_001765,1,Basic,36-45,East,1.5,35.6,5,1.1,2.0,0,1,0,0
CUST_001766,4,Standard,56+,North,4.3,10.2,8,0.7,1.0,0,0,2,0
CUST_001767,16,Basic,56+,East,0.7,5.2,10,1.6,0.0,0,0,0,0
CUST_001768,7,Basic,46-55,North,8.2,16.3,3,0.8,2.0,0,0,0,0
CUST_001769,5,Basic,26-35,East,8.6,20.7,3,1.2,1.0,0,0,1,0
CUST_001770,6,Basic,36-45,East,3.1,17.8,3,12.3,3.0,4,0,0,1
CUST_001771,7,Basic,26-35,West,1.5,12.2,4,10.0,1.0,2,0,0,1
CUST_001772,18,Basic,56+,North,9.5,48.8,11,4.6,3.0,0,0,0,0
CUST_001773,26,Basic,46-55,East,3.6,42.0,4,0.4,1.0,0,0,0,0
CUST_001774,37,Basic,26-35,North,3.8,13.8,4,7.9,4.0,4,1,0,1
CUST_001775,18,Premium,18-25,West,5.2,72.9,7,1.5,1.0,0,0,0,0
CUST_001776,4,Basic,36-45,East,5.4,62.5,2,0.3,3.0,1,1,0,0
CUST_001777,13,Basic,56+,North,30.0,46.1,8,0.4,1.0,1,0,1,0
CUST_001778,6,Standard,36-45,North,14.5,59.2,6,0.2,2.0,1,0,0,0
CUST_001779,3,Premium,26-35,East,3.4,30.9,8,2.9,0.0,0,1,0,0
CUST_001780,22,Standard,18-25,South,23.7,13.1,7,3.1,1.0,1,1,1,0
CUST_001781,1,Basic,26-35,East,11.9,119.7,14,0.7,0.0,1,0,0,0
CUST_001782,27,Standard,56+,South,5.9,28.2,8,3.7,3.0,0,0,0,0
CUST_001783,7,Standard,56+,East,3.4,13.5,4,10.4,1.0,2,0,0,1
CUST_001784,12,Standard,56+,North,9.5,27.7,9,2.0,2.0,1,0,1,0
CUST_001785,12,Standard,46-55,East,23.4,13.1,6,6.7,1.0,1,0,2,0
CUST_001786,27,Premium,36-45,West,16.5,44.0,9,2.1,1.0,0,1,0,0
CUST_001787,12,Premium,36-45,East,6.3,42.4,12,8.5,2.0,0,0,0,0
CUST_001788,11,Standard,36-45,North,5.9,42.0,8,0.1,2.0,0,0,1,0
CUST_001789,1,Basic,46-55,West,4.3,77.3,8,1.0,0.0,1,1,0,0
CUST_001790,8,Standard,26-35,North,9.7,22.1,6,1.1,1.0,1,0,1,0
CUST_001791,1,Standard,36-45,East,11.7,9.6,5,1.2,1.0,0,0,0,0
CUST_001792,16,Basic,18-25,East,11.8,19.9,9,1.5,1.0,0,1,1,0
CUST_001793,8,Premium,26-35,South,28.3,41.7,18,1.8,1.0,2,0,2,0
CUST_001794,13,Basic,46-55,North,11.3,44.8,7,0.3,3.0,1,1,0,0
CUST_001795,1,Basic,56+,North,1.4,5.1,1,0.5,4.0,2,0,0,1
CUST_001796,1,Premium,36-45,West,29.4,16.0,12,2.1,0.0,1,1,0,0
CUST_001797,15,Basic,18-25,West,6.8,5.8,14,0.9,3.0,0,0,0,0
CUST_001798,1,Basic,56+,South,7.6,14.7,10,1.8,1.0,0,1,1,0
CUST_001799,1,Basic,46-55,North,2.8,5.8,2,3.0,1.0,5,0,1,1
CUST_001800,1,Basic,26-35,West,3.8,25.0,6,5.6,1.0,0,0,0,0
CUST_001801,37,Basic,36-45,South,4.1,54.1,8,0.9,1.0,1,0,0,0
CUST_001802,16,Basic,26-35,South,15.0,49.3,7,2.0,0.0,1,0,0,0
CUST_001803,5,Basic,36-45,South,8.2,14.1,7,3.1,1.0,0,0,0,0
CUST_001804,4,Premium,46-55,South,8.6,18.2,9,7.1,2.0,0,0,0,0
CUST_001805,5,Premium,26-35,East,28.7,36.2,11,0.3,2.0,1,1,1,0
CUST_001806,17,Basic,18-25,East,11.3,17.9,10,1.4,3.0,1,0,0,0
CUST_001807,12,Standard,18-25,South,6.3,55.9,7,0.5,3.0,0,1,0,0
CUST_001808,2,Basic,26-35,West,20.8,39.2,4,3.1,2.0,1,1,0,0
CUST_001809,2,Basic,18-25,South,17.8,14.4,9,3.4,1.0,1,0,1,0
CUST_001810,1,Basic,26-35,East,2.9,18.3,3,6.2,3.0,2,0,2,1
CUST_001811,12,Premium,18-25,South,7.0,19.8,9,3.1,1.0,0,0,0,0
CUST_001812,17,Premium,26-35,West,18.7,9.4,15,0.5,2.0,1,0,0,0
CUST_001813,3,Basic,26-35,North,5.5,37.0,6,0.1,1.0,0,0,0,0
CUST_001814,1,Basic,18-25,North,8.3,25.0,10,1.1,2.0,0,0,0,0
CUST_001815,1,Basic,36-45,West,7.1,101.3,11,1.2,5.0,1,0,0,0
CUST_001816,41,Standard,36-45,North,8.5,39.7,6,1.6,3.0,1,1,0,0
CUST_001817,4,Standard,18-25,East,22.0,48.8,11,0.9,0.0,0,0,0,0
CUST_001818,17,Basic,36-45,West,4.2,,3,25.8,,2,0,0,1
CUST_001819,11,Standard,56+,East,13.6,7.8,11,0.2,5.0,0,1,1,0
CUST_001820,5,Basic,56+,North,4.4,36.1,4,13.6,3.0,2,0,0,1
CUST_001821,2,Premium,18-25,South,12.3,36.2,11,1.1,1.0,0,0,0,0
CUST_001822,1,Standard,46-55,West,3.1,10.7,7,0.3,2.0,0,0,1,0
CUST_001823,11,Basic,26-35,South,1.4,27.0,8,2.6,1.0,0,0,0,0
CUST_001824,17,Standard,18-25,East,4.1,10.3,6,0.5,0.0,0,0,1,0
CUST_001825,12,Standard,26-35,West,1.0,33.4,5,4.3,1.0,0,1,1,0
CUST_001826,9,Basic,26-35,East,4.3,53.5,6,2.4,0.0,0,0,0,0
CUST_001827,1,Basic,36-45,West,8.3,22.3,8,4.5,0.0,0,1,0,0
CUST_001828,41,Premium,36-45,South,3.9,16.3,2,6.1,0.0,2,0,0,1
CUST_001829,19,Basic,46-55,East,0.6,20.6,3,15.3,1.0,2,0,0,1
CUST_001830,4,Basic,26-35,East,30.0,48.5,7,1.1,1.0,1,0,0,0
CUST_001831,46,Basic,26-35,North,3.7,4.0,4,0.9,3.0,2,0,0,1
CUST_001832,11,Standard,26-35,South,,68.4,7,3.3,1.0,1,0,1,0
CUST_001833,10,Standard,26-35,East,18.1,44.4,9,7.9,3.0,0,0,0,0
CUST_001834,16,Premium,56+,East,24.2,49.9,16,2.9,6.0,1,1,0,0
CUST_001835,20,Standard,46-55,South,7.2,30.3,4,6.6,3.0,0,1,1,0
CUST_001836,12,Basic,56+,West,7.8,39.9,7,0.1,0.0,0,0,0,0
CUST_001837,1,Standard,36-45,South,26.2,15.3,3,5.2,1.0,1,1,0,0
CUST_001838,4,Standard,26-35,West,7.3,27.6,8,6.3,4.0,0,1,2,0
CUST_001839,31,Basic,26-35,East,15.5,17.4,10,3.1,1.0,0,0,0,0
CUST_001840,3,Basic,36-45,South,4.8,22.8,5,1.7,1.0,0,0,1,0
CUST_001841,5,Basic,26-35,South,3.4,26.7,8,1.0,2.0,0,0,0,0
CUST_001842,6,Standard,46-55,East,11.4,33.5,7,0.4,0.0,0,1,0,0
CUST_001843,6,Premium,36-45,West,22.9,24.9,8,9.9,1.0,0,1,0,0
CUST_001844,11,Standard,26-35,North,2.5,11.8,16,0.6,2.0,0,0,2,0
CUST_001845,34,Premium,46-55,East,16.6,53.1,15,3.3,0.0,0,0,1,0
CUST_001846,3,Basic,46-55,North,4.9,15.7,8,0.1,0.0,0,1,0,0
CUST_001847,1,Premium,26-35,South,0.9,68.2,2,0.8,2.0,0,0,0,0
CUST_001848,2,Standard,36-45,East,1.3,8.5,5,21.5,1.0,0,1,1,1
CUST_001849,26,Basic,18-25,North,5.6,21.9,6,3.0,1.0,0,0,1,0
CUST_001850,12,Premium,36-45,East,22.8,52.8,22,2.9,1.0,0,0,1,0
CUST_001851,4,Basic,18-25,West,12.5,12.4,5,1.4,3.0,1,0,0,0
CUST_001852,20,Premium,18-25,West,3.5,26.0,12,0.1,1.0,1,0,1,0
CUST_001853,23,Premium,36-45,North,17.4,43.5,16,3.6,1.0,0,0,0,0
CUST_001854,22,Standard,26-35,East,1.9,19.8,4,7.2,4.0,2,0,1,1
CUST_001855,30,Standard,46-55,West,10.8,45.1,7,6.3,1.0,1,1,0,0
CUST_001856,3,Basic,46-55,North,2.0,24.0,2,7.4,0.0,2,0,1,1
CUST_001857,16,Standard,18-25,South,24.8,30.7,12,1.4,1.0,1,0,0,0
CUST_001858,7,Basic,46-55,West,2.2,16.4,3,4.3,0.0,2,0,0,1
CUST_001859,22,Standard,36-45,North,5.9,53.6,5,1.0,0.0,0,1,0,0
CUST_001860,15,Standard,18-25,West,3.7,44.8,11,3.1,1.0,1,0,1,0
CUST_001861,17,Premium,36-45,East,17.5,82.9,9,1.6,2.0,3,0,1,0
CUST_001862,12,Basic,36-45,North,3.6,53.2,4,0.4,2.0,1,0,0,0
CUST_001863,2,Standard,36-45,South,0.6,4.0,3,16.5,1.0,0,0,0,1
CUST_001864,9,Premium,56+,South,15.3,45.2,11,0.9,1.0,1,1,0,0
CUST_001865,50,Standard,36-45,South,9.9,13.6,10,8.3,1.0,0,1,0,0
CUST_001866,33,Basic,56+,East,1.5,7.0,5,10.1,4.0,0,0,1,1
CUST_001867,1,Basic,36-45,South,1.9,6.6,4,1.3,6.0,4,1,0,1
CUST_001868,2,Basic,18-25,South,6.5,34.1,8,0.7,3.0,0,0,0,0
CUST_001869,1,Standard,36-45,North,12.1,15.0,8,0.8,2.0,0,0,0,0
CUST_001870,15,Standard,26-35,West,,24.6,4,0.0,0.0,0,1,0,0
CUST_001871,20,Premium,36-45,South,18.1,37.6,4,2.5,2.0,0,0,0,0
CUST_001872,2,Basic,36-45,West,13.1,49.3,6,2.8,0.0,1,1,1,0
CUST_001873,8,Basic,36-45,West,22.0,9.4,9,5.6,2.0,0,0,0,0
CUST_001874,22,Standard,18-25,South,13.7,55.0,6,3.0,3.0,0,0,1,0
CUST_001875,15,Standard,36-45,North,24.1,11.5,9,1.6,1.0,1,0,1,0
CUST_001876,9,Premium,18-25,West,12.8,14.3,7,3.3,2.0,1,1,1,0
CUST_001877,10,Standard,36-45,West,10.0,29.7,5,5.2,0.0,0,1,0,0
CUST_001878,8,Basic,46-55,North,3.8,21.0,6,0.6,2.0,0,0,0,0
CUST_001879,4,Standard,56+,East,1.5,6.1,3,0.1,0.0,2,0,1,1
CUST_001880,9,Premium,18-25,North,3.8,5.6,6,4.9,4.0,2,0,0,1
CUST_001881,14,Basic,36-45,North,7.0,19.4,4,3.2,3.0,4,0,0,1
CUST_001882,24,Basic,36-45,East,14.6,80.4,10,6.1,0.0,1,0,2,0
CUST_001883,12,Basic,56+,North,7.9,28.4,10,3.1,1.0,0,0,1,0
CUST_001884,17,Basic,36-45,West,17.1,18.4,4,1.4,1.0,0,0,1,0
CUST_001885,2,Standard,18-25,West,5.6,26.7,10,2.6,1.0,0,0,0,0
CUST_001886,7,Basic,26-35,East,2.7,8.3,11,2.5,2.0,0,0,1,0
CUST_001887,1,Basic,36-45,North,12.2,48.7,6,1.9,4.0,0,0,1,0
CUST_001888,3,Basic,46-55,South,9.6,26.6,10,3.5,2.0,1,1,2,0
CUST_001889,15,Standard,46-55,South,9.8,14.6,8,1.1,1.0,0,0,1,0
CUST_001890,57,Basic,26-35,South,24.8,18.6,11,1.9,1.0,2,0,0,0
CUST_001891,1,Standard,56+,North,4.9,18.0,4,21.7,0.0,2,0,0,1
CUST_001892,6,Basic,18-25,East,15.7,26.2,8,1.1,1.0,1,0,0,0
CUST_001893,19,Basic,56+,South,0.1,21.8,4,1.0,1.0,2,1,2,1
CUST_001894,2,Basic,46-55,West,9.6,22.9,9,0.0,1.0,0,0,2,0
CUST_001895,9,Basic,36-45,West,2.1,15.1,11,0.8,2.0,0,0,0,0
CUST_001896,15,Basic,46-55,East,6.8,18.6,4,0.2,2.0,0,0,1,0
CUST_001897,11,Basic,18-25,East,2.6,25.6,2,6.1,1.0,2,0,0,1
CUST_001898,2,Premium,18-25,North,32.1,57.1,7,0.5,0.0,2,0,0,0
CUST_001899,5,Standard,18-25,North,22.3,32.7,9,2.7,0.0,0,0,0,0
CUST_001900,18,Basic,18-25,West,23.7,,14,0.9,,0,0,1,0
CUST_001901,9,Basic,36-45,East,9.1,36.2,8,0.5,3.0,0,0,0,0
CUST_001902,1,Premium,26-35,North,1.1,46.9,15,3.7,1.0,0,0,0,0
CUST_001903,17,Standard,46-55,East,11.1,36.3,9,13.0,2.0,0,0,1,0
CUST_001904,1,Basic,26-35,West,2.9,10.1,2,12.0,1.0,2,1,0,1
CUST_001905,16,Standard,36-45,South,4.4,12.2,5,9.9,0.0,2,1,0,1
CUST_001906,2,Standard,36-45,North,3.3,35.3,11,4.5,1.0,0,0,1,0
CUST_001907,38,Standard,26-35,West,21.1,15.1,2,1.3,1.0,1,0,1,0
CUST_001908,5,Basic,26-35,South,13.8,15.2,7,0.6,1.0,0,1,0,0
CUST_001909,4,Basic,26-35,South,6.7,40.2,9,0.4,2.0,0,0,0,0
CUST_001910,1,Basic,46-55,South,4.1,33.1,7,2.8,1.0,0,1,0,0
CUST_001911,4,Premium,36-45,West,22.6,36.2,14,4.4,3.0,0,0,0,0
CUST_001912,25,Standard,26-35,West,8.6,12.0,2,26.5,1.0,2,0,0,1
CUST_001913,60,Basic,46-55,South,5.8,42.7,7,2.1,0.0,0,0,0,0
CUST_001914,5,Premium,18-25,North,3.2,24.5,7,3.5,1.0,4,0,0,1
CUST_001915,7,Premium,36-45,South,13.8,25.7,9,1.1,0.0,1,1,1,0
CUST_001916,15,Premium,26-35,North,16.1,67.9,11,1.5,2.0,0,0,1,0
CUST_001917,26,Premium,46-55,North,4.2,63.7,16,1.2,1.0,1,1,1,0
CUST_001918,10,Premium,56+,South,24.1,29.6,7,1.4,1.0,0,0,0,0
CUST_001919,5,Basic,46-55,North,3.5,9.2,2,8.2,3.0,2,0,0,1
CUST_001920,6,Standard,26-35,West,18.9,54.8,10,1.8,4.0,1,0,1,0
CUST_001921,14,Standard,26-35,North,19.1,23.5,6,2.8,0.0,0,0,0,0
CUST_001922,1,Basic,46-55,South,18.0,26.8,8,5.9,2.0,1,0,0,0
CUST_001923,11,Basic,36-45,North,1.0,32.5,3,7.5,1.0,2,0,0,1
CUST_001924,5,Premium,18-25,East,3.9,34.0,12,0.3,2.0,0,1,2,0
CUST_001925,18,Basic,46-55,North,14.5,42.8,8,4.3,0.0,1,0,0,0
CUST_001926,1,Premium,26-35,East,21.7,8.6,11,10.9,0.0,0,1,0,0
CUST_001927,10,Basic,18-25,West,3.0,16.9,8,4.3,1.0,0,0,0,0
CUST_001928,7,Basic,56+,West,7.7,14.0,6,3.3,2.0,0,1,1,0
CUST_001929,12,Basic,36-45,East,16.7,41.4,7,1.3,2.0,0,0,1,0
CUST_001930,1,Basic,26-35,North,12.0,44.4,9,1.8,1.0,1,0,0,0
CUST_001931,10,Standard,46-55,North,14.3,16.1,11,2.6,0.0,0,0,0,0
CUST_001932,9,Standard,46-55,East,10.7,41.7,10,2.8,1.0,0,1,0,0
CUST_001933,9,Basic,18-25,North,12.4,34.4,5,0.3,2.0,0,0,0,0
CUST_001934,11,Basic,36-45,South,8.0,26.7,6,0.4,0.0,1,0,1,0
CUST_001935,13,Basic,46-55,West,6.8,18.2,11,0.1,1.0,1,1,0,0
CUST_001936,19,Basic,26-35,West,9.0,7.3,5,2.1,0.0,0,0,0,0
CUST_001937,3,Standard,36-45,West,16.1,87.3,6,0.6,1.0,1,0,0,0
CUST_001938,20,Basic,18-25,West,5.3,4.7,10,0.8,1.0,0,0,0,0
CUST_001939,8,Basic,46-55,East,6.2,13.7,7,1.8,1.0,0,0,0,0
CUST_001940,1,Basic,46-55,East,1.4,12.4,1,1.8,0.0,4,0,0,1
CUST_001941,1,Basic,18-25,South,6.9,74.1,13,15.4,0.0,0,0,0,0
CUST_001942,4,Basic,46-55,West,1.4,12.2,5,5.5,1.0,2,0,0,1
CUST_001943,18,Basic,46-55,South,17.9,15.1,13,0.5,1.0,1,1,0,0
CUST_001944,14,Premium,26-35,East,11.2,37.7,12,1.8,2.0,1,0,1,0
CUST_001945,18,Premium,36-45,South,5.1,36.3,9,6.5,1.0,0,0,1,0
CUST_001946,8,Standard,18-25,North,16.2,24.3,4,2.1,,1,0,0,0
CUST_001947,6,Basic,56+,East,1.8,11.8,3,9.6,1.0,2,1,1,1
CUST_001948,1,Basic,36-45,South,1.2,31.6,6,2.6,0.0,4,1,1,1
CUST_001949,4,Standard,36-45,East,1.1,33.3,5,0.2,2.0,0,0,0,0
CUST_001950,6,Standard,36-45,East,1.4,23.0,12,3.9,1.0,0,0,0,0
CUST_001951,1,Premium,36-45,East,5.5,13.6,6,9.8,4.0,2,0,0,1
CUST_001952,2,Basic,46-55,North,,3.3,4,12.1,1.0,5,0,2,1
CUST_001953,10,Basic,36-45,South,12.5,18.6,6,3.6,1.0,0,1,0,0
CUST_001954,15,Standard,56+,West,9.1,30.7,11,1.4,0.0,0,0,1,0
CUST_001955,60,Standard,36-45,South,4.4,14.2,1,12.3,0.0,2,0,0,1
CUST_001956,32,Standard,26-35,South,1.6,5.2,1,8.8,4.0,2,1,0,1
CUST_001957,12,Standard,56+,South,16.7,39.1,6,1.0,3.0,1,0,0,0
CUST_001958,6,Premium,36-45,West,15.4,27.6,16,3.9,0.0,0,0,2,0
CUST_001959,12,Standard,36-45,East,7.0,31.4,7,1.1,1.0,0,0,0,0
CUST_001960,18,Premium,56+,North,14.2,60.0,9,5.8,1.0,0,0,0,0
CUST_001961,1,Premium,18-25,West,20.2,13.4,11,2.5,1.0,1,0,1,0
CUST_001962,6,Standard,26-35,West,,12.1,3,0.2,3.0,2,1,0,1
CUST_001963,21,Basic,26-35,West,2.2,16.3,6,10.2,1.0,2,0,0,1
CUST_001964,5,Basic,36-45,South,0.8,14.4,10,0.2,0.0,0,0,0,0
CUST_001965,10,Standard,46-55,West,7.8,48.1,6,0.0,2.0,1,0,3,0
CUST_001966,10,Basic,56+,South,5.7,8.4,4,2.9,6.0,2,0,1,1
CUST_001967,2,Premium,36-45,East,15.7,7.7,7,0.5,1.0,0,0,0,0
CUST_001968,5,Basic,46-55,West,13.5,34.7,8,0.8,1.0,0,1,0,0
CUST_001969,4,Basic,56+,West,12.8,52.0,6,1.5,0.0,1,1,0,0
CUST_001970,1,Standard,36-45,South,8.1,83.9,6,0.2,0.0,1,1,1,0
CUST_001971,1,Basic,26-35,West,12.1,28.5,3,1.4,1.0,0,1,0,0
CUST_001972,21,Basic,36-45,North,22.5,24.6,9,0.9,0.0,2,1,2,0
CUST_001973,3,Basic,56+,North,15.8,21.0,9,0.5,0.0,0,0,1,0
CUST_001974,8,Standard,56+,East,15.0,25.7,6,3.1,1.0,1,0,1,0
CUST_001975,4,Basic,36-45,East,2.9,13.1,6,7.9,3.0,4,0,0,1
CUST_001976,33,Premium,46-55,North,4.7,3.6,9,4.9,6.0,2,0,1,1
CUST_001977,3,Basic,26-35,South,,13.1,6,1.6,1.0,1,0,2,0
CUST_001978,6,Premium,26-35,North,4.1,,16,2.6,0.0,0,0,1,0
CUST_001979,24,Basic,56+,East,8.7,60.5,15,0.4,5.0,1,0,0,0
CUST_001980,22,Basic,18-25,West,15.7,18.8,5,2.6,1.0,0,0,1,0
CUST_001981,2,Basic,26-35,East,8.9,24.8,7,2.2,3.0,0,1,1,0
CUST_001982,19,Basic,26-35,South,7.4,68.4,8,0.5,2.0,0,0,0,0
CUST_001983,7,Standard,36-45,West,13.5,18.8,6,3.6,0.0,0,0,1,0
CUST_001984,7,Basic,36-45,East,11.3,14.1,5,3.9,0.0,0,0,0,0
CUST_001985,1,Basic,26-35,West,14.9,39.1,7,2.4,2.0,0,0,1,0
CUST_001986,1,Standard,56+,East,29.3,45.9,9,0.9,1.0,0,0,3,0
CUST_001987,15,Basic,56+,West,3.3,5.3,2,18.8,0.0,2,1,3,1
CUST_001988,8,Basic,26-35,West,6.3,39.9,2,9.8,0.0,4,0,1,1
CUST_001989,6,Standard,26-35,East,3.4,12.4,2,1.7,3.0,2,1,1,1
CUST_001990,15,Premium,46-55,South,2.2,17.2,7,3.6,0.0,4,0,1,1
CUST_001991,17,Basic,36-45,East,7.5,16.3,3,0.9,1.0,0,1,0,0
CUST_001992,2,Basic,26-35,East,1.0,7.5,3,5.6,0.0,2,0,1,1
CUST_001993,11,Premium,26-35,East,5.1,49.2,9,7.5,0.0,0,1,1,0
CUST_001994,1,Basic,26-35,South,12.3,16.4,8,2.0,3.0,0,0,0,0
CUST_001995,16,Premium,26-35,South,17.1,41.3,19,0.3,0.0,1,0,0,0
CUST_001996,12,Basic,36-45,East,19.5,18.6,8,4.4,3.0,0,0,0,0
CUST_001997,37,Premium,36-45,West,25.9,8.1,12,4.6,2.0,1,1,2,0
CUST_001998,1,Basic,46-55,West,2.2,13.4,2,11.6,3.0,0,1,1,1
CUST_001999,1,Premium,46-55,North,20.4,43.1,14,2.7,2.0,0,0,0,0
CUST_002000,3,Basic,26-35,North,11.3,5.0,9,6.7,1.0,0,1,1,0
CUST_002001,3,Standard,46-55,North,5.6,41.6,8,4.0,3.0,0,0,0,0
CUST_002002,3,Basic,18-25,North,4.8,11.0,3,8.4,0.0,2,0,0,1
CUST_002003,28,Basic,36-45,North,2.0,5.4,3,2.7,1.0,2,0,1,1
CUST_002004,3,Standard,46-55,West,18.5,10.2,9,2.5,2.0,0,0,0,0
CUST_002005,3,Standard,36-45,West,11.8,18.3,7,5.0,4.0,0,1,0,0
CUST_002006,17,Premium,36-45,South,29.7,39.0,8,1.1,3.0,0,1,0,0
CUST_002007,7,Basic,36-45,East,8.4,48.9,12,3.1,1.0,1,0,0,0
CUST_002008,17,Premium,56+,East,6.2,41.6,21,8.4,3.0,0,0,0,0
CUST_002009,1,Basic,36-45,West,0.7,13.4,2,10.2,1.0,0,0,0,1
CUST_002010,8,Premium,46-55,West,7.2,9.8,8,3.8,3.0,0,1,0,0
CUST_002011,1,Premium,56+,North,7.0,54.5,7,0.7,3.0,0,0,0,0
CUST_002012,1,Basic,46-55,North,13.6,39.8,6,2.0,0.0,0,0,0,0
CUST_002013,28,Premium,36-45,North,14.9,36.2,11,2.0,1.0,0,1,0,0
CUST_002014,1,Standard,18-25,East,15.4,51.5,11,3.3,1.0,0,0,0,0
CUST_002015,9,Basic,26-35,East,2.7,6.8,5,2.4,1.0,2,0,0,1
CUST_002016,6,Standard,36-45,South,16.5,56.9,9,2.2,1.0,0,0,1,0
CUST_002017,5,Basic,46-55,West,7.2,37.4,11,0.2,2.0,1,0,0,0
CUST_002018,27,Standard,26-35,South,4.4,46.9,4,0.2,,1,0,0,0
CUST_002019,1,Basic,56+,West,0.7,11.1,4,1.4,1.0,2,0,0,1
CUST_002020,13,Basic,26-35,North,1.3,21.0,2,7.9,3.0,4,0,0,1
CUST_002021,39,Basic,46-55,North,4.9,8.3,11,1.2,0.0,0,0,0,0
CUST_002022,9,Standard,26-35,South,9.4,54.9,9,0.2,2.0,0,0,0,0
CUST_002023,33,Premium,36-45,North,6.3,82.8,15,2.8,7.0,1,0,0,0
CUST_002024,1,Premium,46-55,West,45.0,24.9,7,2.6,1.0,0,0,1,0
CUST_002025,6,Basic,26-35,North,13.1,46.3,7,6.5,3.0,1,1,0,0
CUST_002026,3,Basic,18-25,East,3.2,29.9,7,3.8,1.0,0,0,1,0
CUST_002027,15,Standard,36-45,North,5.6,25.6,13,0.4,1.0,1,0,0,0
CUST_002028,47,Standard,36-45,South,3.1,14.4,2,8.5,3.0,2,1,0,1
CUST_002029,3,Basic,46-55,West,10.4,22.7,8,2.7,2.0,0,0,0,0
CUST_002030,12,Basic,56+,West,1.5,38.1,9,1.4,2.0,0,0,0,0
CUST_002031,2,Standard,18-25,South,24.0,28.7,8,4.7,1.0,0,0,2,0
CUST_002032,9,Basic,36-45,West,29.2,8.7,7,6.2,1.0,0,1,0,0
CUST_002033,7,Standard,36-45,East,11.4,12.1,10,1.2,1.0,0,0,1,0
CUST_002034,42,Standard,56+,South,19.4,52.2,5,3.6,2.0,0,0,1,0
CUST_002035,11,Premium,56+,West,14.6,21.6,19,2.4,3.0,1,1,1,0
CUST_002036,5,Standard,46-55,South,6.4,43.9,9,0.3,1.0,0,1,0,0
CUST_002037,1,Basic,36-45,South,3.4,76.5,3,4.3,1.0,1,0,1,0
CUST_002038,1,Premium,26-35,East,16.7,24.0,11,5.3,3.0,0,0,1,0
CUST_002039,3,Standard,26-35,South,4.2,3.2,5,7.8,1.0,4,1,2,1
CUST_002040,3,Basic,36-45,North,7.0,4.0,3,6.6,6.0,2,1,0,1
CUST_002041,22,Standard,46-55,North,3.8,13.6,10,2.5,,0,0,2,0
CUST_002042,9,Basic,36-45,West,6.4,7.9,1,4.0,1.0,4,1,1,1
CUST_002043,8,Standard,46-55,East,5.4,22.5,9,3.8,0.0,0,1,0,0
CUST_002044,1,Basic,26-35,South,3.7,11.1,10,0.4,3.0,0,0,1,0
CUST_002045,23,Standard,46-55,West,5.0,80.2,7,0.0,2.0,0,1,0,0
CUST_002046,15,Basic,18-25,South,4.4,36.4,7,0.8,2.0,0,0,0,0
CUST_002047,1,Basic,26-35,East,10.6,14.9,15,0.0,1.0,0,1,0,0
CUST_002048,14,Premium,26-35,West,20.5,34.1,16,1.8,2.0,1,0,0,0
CUST_002049,9,Standard,46-55,West,1.1,24.0,5,5.0,3.0,2,0,0,1
CUST_002050,1,Basic,18-25,East,4.7,61.7,9,2.6,1.0,0,1,0,0
CUST_002051,7,Basic,46-55,East,12.6,24.6,10,4.8,,0,0,2,0
CUST_002052,7,Basic,26-35,South,14.2,28.3,9,6.5,0.0,0,0,0,0
CUST_002053,2,Standard,36-45,East,5.0,14.0,1,14.1,3.0,2,0,1,1
CUST_002054,34,Standard,56+,South,7.8,63.2,11,0.0,1.0,0,0,0,0
CUST_002055,22,Standard,36-45,South,4.0,31.0,11,1.9,2.0,0,0,0,0
CUST_002056,13,Standard,26-35,North,1.2,16.9,1,2.7,3.0,2,1,0,1
CUST_002057,7,Standard,26-35,North,6.4,31.3,8,0.2,0.0,0,0,0,0
CUST_002058,6,Basic,56+,East,6.5,15.7,5,1.1,2.0,0,0,0,0
CUST_002059,12,Basic,26-35,West,7.6,27.2,10,0.5,3.0,0,0,2,0
CUST_002060,9,Standard,36-45,North,10.8,26.7,6,5.7,1.0,0,0,0,0
CUST_002061,1,Premium,36-45,North,15.5,62.6,9,6.9,0.0,1,0,0,0
CUST_002062,8,Standard,26-35,South,12.3,24.9,11,6.1,4.0,0,0,1,0
CUST_002063,19,Standard,26-35,East,8.1,17.0,5,0.1,1.0,0,0,2,0
CUST_002064,7,Standard,36-45,North,1.9,12.7,3,10.3,3.0,2,0,1,1
CUST_002065,1,Premium,46-55,North,37.8,25.8,18,8.5,0.0,0,0,2,0
CUST_002066,18,Basic,26-35,East,1.5,7.2,3,11.1,3.0,0,1,0,1
CUST_002067,2,Basic,46-55,West,3.9,35.2,11,3.1,1.0,0,1,1,0
CUST_002068,3,Premium,46-55,North,15.3,72.0,14,10.2,0.0,0,1,0,0
CUST_002069,2,Premium,56+,South,4.0,24.4,4,6.8,4.0,2,0,0,1
CUST_002070,4,Basic,26-35,East,19.7,58.4,9,6.8,2.0,0,1,0,0
CUST_002071,16,Basic,26-35,North,4.1,45.9,5,4.1,0.0,5,0,0,1
CUST_002072,8,Basic,46-55,North,12.1,3.3,3,3.9,0.0,0,1,0,0
CUST_002073,2,Basic,26-35,East,7.1,10.6,13,1.2,3.0,0,1,1,0
CUST_002074,25,Premium,18-25,West,1.4,6.8,4,6.6,4.0,0,0,1,1
CUST_002075,25,Basic,46-55,South,30.0,60.1,4,4.8,0.0,1,0,0,0
CUST_002076,24,Premium,26-35,South,14.7,22.3,11,0.1,4.0,1,1,1,0
CUST_002077,3,Basic,26-35,South,3.9,9.1,14,0.8,2.0,0,1,0,0
CUST_002078,7,Standard,26-35,West,7.7,10.2,4,1.4,3.0,0,0,0,0
CUST_002079,50,Basic,46-55,North,14.0,22.1,13,2.1,1.0,0,0,0,0
CUST_002080,17,Standard,26-35,East,1.5,32.8,7,3.7,3.0,0,1,1,0
CUST_002081,1,Standard,46-55,West,8.2,21.8,9,0.2,0.0,0,0,0,0
CUST_002082,1,Standard,36-45,West,3.2,18.4,4,0.8,0.0,4,0,1,1
CUST_002083,7,Basic,36-45,East,1.5,8.4,4,3.1,4.0,2,0,1,1
CUST_002084,28,Basic,26-35,South,14.2,,16,1.2,2.0,1,1,0,0
CUST_002085,9,Basic,26-35,South,2.0,18.4,3,1.0,3.0,2,0,1,1
CUST_002086,8,Basic,36-45,South,18.6,61.1,11,4.7,3.0,0,0,0,0
CUST_002087,1,Standard,26-35,East,2.7,14.1,4,1.6,3.0,2,0,1,1
CUST_002088,12,Standard,56+,East,12.7,32.1,8,1.4,1.0,0,1,0,0
CUST_002089,20,Standard,36-45,West,10.1,21.0,6,3.2,6.0,0,1,3,0
CUST_002090,5,Standard,36-45,South,4.6,5.7,6,6.0,7.0,2,0,1,1
CUST_002091,17,Basic,26-35,East,7.8,32.4,6,0.1,2.0,0,0,0,0
CUST_002092,40,Basic,46-55,West,8.9,29.8,6,3.4,2.0,0,0,0,0
CUST_002093,2,Basic,26-35,West,6.3,31.6,2,35.2,0.0,2,0,0,1
CUST_002094,8,Standard,26-35,East,19.1,33.7,6,0.3,3.0,0,0,0,0
CUST_002095,4,Standard,46-55,East,5.3,59.2,8,3.3,0.0,1,0,1,0
CUST_002096,18,Basic,36-45,East,29.8,41.9,9,3.0,0.0,0,0,0,0
CUST_002097,10,Basic,36-45,North,15.4,28.2,2,0.5,0.0,2,0,2,0
CUST_002098,12,Premium,36-45,North,8.5,26.7,2,11.0,1.0,4,1,0,1
CUST_002099,19,Standard,46-55,South,10.7,18.6,8,1.8,1.0,0,1,1,0
CUST_002100,6,Standard,26-35,North,0.9,45.5,7,1.3,0.0,1,1,1,0
CUST_002101,29,Basic,18-25,East,29.0,41.2,10,9.9,1.0,0,0,0,0
CUST_002102,9,Basic,46-55,East,13.3,20.4,7,1.8,2.0,0,0,0,0
CUST_002103,2,Premium,18-25,East,5.5,47.4,12,1.5,2.0,0,0,0,0
CUST_002104,14,Standard,46-55,North,2.0,34.9,7,0.1,2.0,0,0,1,0
CUST_002105,18,Basic,18-25,North,13.5,23.5,6,4.6,0.0,0,0,0,0
CUST_002106,4,Standard,26-35,North,2.8,26.1,5,27.6,3.0,0,1,0,1
CUST_002107,23,Standard,18-25,North,7.6,24.9,7,3.2,1.0,0,1,0,0
CUST_002108,28,Basic,36-45,West,3.7,9.5,4,2.8,4.0,4,1,0,1
CUST_002109,3,Basic,36-45,South,7.6,,8,0.1,0.0,1,0,2,0
CUST_002110,49,Basic,26-35,South,,88.1,6,2.1,4.0,0,0,1,0
CUST_002111,1,Basic,26-35,North,8.6,62.8,2,6.0,7.0,5,0,0,1
CUST_002112,2,Standard,56+,East,5.4,12.7,9,1.5,1.0,0,0,1,0
CUST_002113,2,Basic,26-35,East,3.3,4.6,2,22.0,3.0,0,0,1,1
CUST_002114,26,Standard,46-55,North,4.4,36.4,10,0.3,2.0,1,0,1,0
CUST_002115,12,Premium,56+,West,21.8,56.9,7,2.2,2.0,0,0,1,0
CUST_002116,1,Basic,56+,West,4.3,67.0,6,1.2,1.0,0,0,0,0
CUST_002117,6,Basic,46-55,North,3.3,27.4,10,1.9,1.0,0,1,0,0
CUST_002118,11,Standard,26-35,South,6.4,19.0,7,0.3,1.0,5,0,1,1
CUST_002119,1,Standard,56+,South,3.2,8.1,5,19.7,4.0,0,0,1,1
CUST_002120,25,Standard,46-55,South,10.6,22.9,11,1.6,0.0,0,0,1,0
CUST_002121,19,Basic,46-55,West,5.1,21.1,10,0.2,1.0,1,1,0,0
CUST_002122,8,Basic,18-25,North,1.7,28.7,5,25.8,1.0,2,1,0,1
CUST_002123,40,Standard,56+,South,2.9,13.5,4,24.7,1.0,0,0,0,1
CUST_002124,6,Premium,46-55,South,23.2,22.4,7,2.3,1.0,0,0,1,0
CUST_002125,49,Basic,46-55,South,5.8,32.7,7,3.6,1.0,0,0,0,0
CUST_002126,13,Premium,18-25,West,24.6,34.2,11,0.1,2.0,0,1,2,0
CUST_002127,12,Basic,26-35,North,5.5,29.3,8,0.7,1.0,0,1,1,0
CUST_002128,2,Premium,56+,North,16.9,12.7,11,0.4,1.0,2,0,0,0
CUST_002129,25,Standard,36-45,East,7.3,18.6,11,2.9,2.0,0,1,0,0
CUST_002130,6,Basic,26-35,North,2.8,14.8,3,13.0,4.0,4,0,1,1
CUST_002131,2,Standard,46-55,North,1.8,22.7,3,1.9,0.0,4,1,1,1
CUST_002132,1,Basic,18-25,South,5.3,48.6,7,4.3,0.0,0,1,0,0
CUST_002133,9,Basic,26-35,North,8.7,29.6,7,0.2,2.0,1,0,1,0
CUST_002134,8,Basic,26-35,South,1.8,20.5,7,1.7,0.0,0,0,2,0
CUST_002135,15,Basic,26-35,South,1.7,14.7,3,0.6,4.0,4,0,0,1
CUST_002136,26,Basic,26-35,North,5.5,9.9,5,3.6,3.0,4,0,0,1
CUST_002137,1,Standard,26-35,East,,13.6,5,9.0,4.0,0,0,0,1
CUST_002138,15,Standard,26-35,North,8.0,26.4,11,0.8,2.0,0,0,0,0
CUST_002139,2,Basic,36-45,West,13.3,28.9,14,2.6,1.0,0,0,0,0
CUST_002140,23,Premium,56+,South,28.7,29.9,9,0.4,1.0,0,0,1,0
CUST_002141,20,Standard,36-45,East,,17.0,13,1.2,5.0,0,0,0,0
CUST_002142,9,Premium,26-35,West,12.5,35.4,9,3.9,1.0,0,0,0,0
CUST_002143,14,Standard,26-35,South,24.3,38.5,5,4.4,1.0,2,1,1,0
CUST_002144,4,Basic,46-55,East,9.9,8.1,3,19.8,1.0,2,0,0,1
CUST_002145,7,Basic,56+,West,2.0,45.2,4,0.9,1.0,0,0,0,0
CUST_002146,20,Standard,26-35,North,4.8,31.2,5,8.6,3.0,4,0,0,1
CUST_002147,7,Basic,26-35,West,4.7,46.7,10,6.2,1.0,0,1,1,0
CUST_002148,5,Basic,36-45,North,4.8,111.0,7,1.6,0.0,0,0,0,0
CUST_002149,8,Basic,46-55,North,5.2,14.3,8,2.5,0.0,0,0,0,0
CUST_002150,21,Basic,36-45,West,13.1,9.3,7,1.9,2.0,0,0,0,0
CUST_002151,4,Basic,36-45,North,5.2,8.6,2,6.3,4.0,2,1,0,1
CUST_002152,2,Basic,46-55,East,10.3,12.7,4,2.0,1.0,0,1,0,0
CUST_002153,14,Basic,56+,West,10.0,23.6,8,2.4,0.0,0,0,0,0
CUST_002154,20,Standard,26-35,West,3.8,24.7,8,4.0,1.0,0,1,1,0
CUST_002155,1,Standard,56+,South,3.4,48.7,13,3.0,,0,0,1,0
CUST_002156,3,Basic,26-35,West,2.8,24.3,11,0.9,0.0,1,0,1,0
CUST_002157,1,Basic,46-55,South,7.4,12.9,7,2.1,3.0,0,0,0,0
CUST_002158,5,Basic,36-45,North,0.7,23.3,5,0.8,3.0,2,0,0,1
CUST_002159,7,Basic,36-45,East,10.2,30.4,8,0.0,1.0,0,1,0,0
CUST_002160,16,Basic,36-45,East,21.5,26.7,7,1.6,2.0,0,0,0,0
CUST_002161,12,Basic,26-35,South,10.7,24.4,9,0.2,4.0,1,0,0,0
CUST_002162,11,Standard,18-25,East,11.6,49.6,10,1.5,3.0,0,0,0,0
CUST_002163,5,Standard,36-45,South,2.2,18.5,3,1.8,6.0,2,1,0,1
CUST_002164,22,Basic,36-45,East,5.7,,13,0.6,,0,1,0,0
CUST_002165,7,Basic,26-35,West,7.2,34.6,7,1.1,1.0,0,0,1,0
CUST_002166,46,Standard,56+,South,6.9,14.0,4,3.1,0.0,0,0,1,0
CUST_002167,12,Premium,26-35,South,15.3,,5,7.0,2.0,0,1,1,0
CUST_002168,1,Standard,26-35,West,10.1,14.9,3,16.0,3.0,4,1,1,1
CUST_002169,13,Standard,26-35,South,7.1,17.5,8,3.2,1.0,0,1,2,0
CUST_002170,4,Basic,36-45,West,17.2,13.3,9,1.8,1.0,0,1,1,0
CUST_002171,13,Basic,26-35,North,4.0,16.5,7,15.3,1.0,4,0,0,1
CUST_002172,1,Premium,36-45,South,1.8,27.3,4,2.8,3.0,4,0,0,1
CUST_002173,2,Basic,26-35,North,8.6,47.7,9,0.9,2.0,1,0,1,0
CUST_002174,23,Premium,18-25,North,13.7,33.8,14,1.3,0.0,1,0,0,0
CUST_002175,3,Standard,46-55,East,1.3,9.1,5,1.3,3.0,2,0,0,1
CUST_002176,21,Standard,36-45,South,18.7,87.3,4,5.6,1.0,0,0,1,0
CUST_002177,3,Basic,26-35,West,11.9,26.5,6,1.2,1.0,0,0,0,0
CUST_002178,12,Standard,18-25,East,15.1,23.5,4,4.9,0.0,0,0,1,0
CUST_002179,14,Basic,46-55,South,15.7,10.8,7,4.7,3.0,0,1,3,0
CUST_002180,8,Basic,26-35,East,1.8,21.9,4,4.2,4.0,2,0,1,1
CUST_002181,4,Basic,56+,East,15.7,45.4,6,1.9,1.0,0,0,0,0
CUST_002182,2,Premium,36-45,West,1.3,1.9,2,15.9,0.0,2,0,2,1
CUST_002183,1,Standard,26-35,East,4.1,40.5,3,36.9,3.0,4,0,0,1
CUST_002184,4,Basic,46-55,North,2.8,31.5,2,22.6,1.0,0,1,0,1
CUST_002185,12,Basic,46-55,East,1.3,13.1,4,12.9,1.0,4,1,0,1
CUST_002186,33,Standard,26-35,South,11.6,11.1,6,3.0,1.0,0,0,2,0
CUST_002187,24,Standard,26-35,South,6.4,7.5,4,1.7,3.0,4,0,0,1
CUST_002188,17,Standard,26-35,West,3.5,17.7,7,1.9,2.0,0,1,0,0
CUST_002189,18,Standard,56+,South,7.9,17.6,10,2.1,0.0,0,0,0,0
CUST_002190,13,Basic,36-45,East,11.2,44.1,12,0.9,1.0,1,0,0,0
CUST_002191,3,Standard,26-35,South,0.4,19.1,2,12.4,0.0,5,1,0,1
CUST_002192,28,Basic,26-35,North,12.5,18.9,6,1.6,1.0,0,0,0,0
CUST_002193,13,Premium,26-35,South,4.6,48.7,19,2.9,0.0,0,0,1,0
CUST_002194,9,Standard,26-35,East,3.2,54.8,5,4.3,0.0,0,0,1,0
CUST_002195,1,Basic,26-35,South,12.3,29.7,6,3.8,3.0,0,0,1,0
CUST_002196,7,Basic,36-45,South,3.0,64.3,7,2.7,0.0,1,0,0,0
CUST_002197,7,Standard,18-25,West,7.9,31.5,4,3.3,0.0,5,0,0,1
CUST_002198,23,Basic,26-35,North,6.5,29.1,5,1.6,0.0,0,1,0,0
CUST_002199,9,Basic,36-45,South,5.1,28.3,23,1.1,1.0,0,0,0,0
CUST_002200,5,Standard,26-35,West,13.9,14.7,9,1.3,0.0,1,0,0,0
CUST_002201,45,Basic,18-25,West,4.0,3.3,5,15.8,3.0,4,0,0,1
CUST_002202,1,Standard,18-25,South,8.8,11.0,8,0.9,0.0,0,0,1,0
CUST_002203,6,Basic,18-25,West,1.3,15.9,3,14.4,0.0,0,0,0,1
CUST_002204,1,Standard,46-55,North,27.3,4.3,9,3.7,2.0,1,0,0,0
CUST_002205,16,Basic,36-45,North,22.4,13.9,4,1.1,3.0,0,1,0,0
CUST_002206,30,Basic,18-25,West,4.1,12.9,4,17.7,3.0,4,0,0,1
CUST_002207,3,Premium,26-35,West,4.3,24.7,5,26.0,0.0,2,1,0,1
CUST_002208,23,Standard,26-35,North,10.7,45.6,7,2.9,2.0,1,0,0,0
CUST_002209,4,Basic,36-45,North,1.8,16.3,6,0.8,1.0,0,0,0,0
CUST_002210,28,Basic,36-45,North,9.8,37.6,15,1.5,0.0,0,0,0,0
CUST_002211,16,Standard,36-45,South,0.2,9.0,3,18.8,3.0,2,0,1,1
CUST_002212,19,Standard,26-35,West,6.2,82.2,7,1.7,3.0,0,0,1,0
CUST_002213,1,Premium,18-25,East,4.2,89.9,7,1.1,2.0,0,0,0,0
CUST_002214,39,Premium,46-55,South,18.8,49.8,11,4.2,1.0,0,0,0,0
CUST_002215,15,Standard,46-55,East,2.4,20.6,6,4.7,3.0,2,1,0,1
CUST_002216,4,Basic,56+,West,1.2,9.6,5,5.6,4.0,2,1,2,1
CUST_002217,21,Basic,18-25,North,16.1,14.1,6,3.0,2.0,0,1,0,0
CUST_002218,3,Standard,46-55,East,30.0,17.6,7,7.5,1.0,0,0,0,0
CUST_002219,24,Basic,46-55,West,7.3,34.1,8,2.1,2.0,0,1,0,0
CUST_002220,1,Basic,56+,North,10.6,94.3,4,1.7,3.0,2,0,0,0
CUST_002221,14,Basic,26-35,West,2.1,14.5,7,18.3,7.0,0,0,0,1
CUST_002222,9,Basic,46-55,East,5.0,22.8,14,0.1,0.0,1,0,1,0
CUST_002223,1,Basic,18-25,North,20.3,44.9,12,5.2,0.0,0,0,1,0
CUST_002224,3,Basic,36-45,North,11.9,21.6,7,1.7,1.0,0,0,0,0
CUST_002225,1,Standard,26-35,East,6.0,11.8,6,11.3,3.0,2,0,0,1
CUST_002226,7,Basic,46-55,East,4.5,60.4,6,2.0,1.0,1,0,0,0
CUST_002227,4,Basic,46-55,East,3.5,11.4,14,0.2,1.0,0,0,1,0
CUST_002228,10,Basic,26-35,North,23.0,21.6,5,0.5,3.0,0,0,0,0
CUST_002229,4,Standard,36-45,East,3.6,5.5,4,2.2,4.0,2,0,0,1
CUST_002230,4,Basic,18-25,South,5.7,20.8,3,0.7,4.0,4,0,1,1
CUST_002231,16,Standard,26-35,South,1.9,16.7,5,12.2,3.0,2,0,0,1
CUST_002232,1,Premium,26-35,South,1.9,69.1,12,0.8,0.0,0,0,1,0
CUST_002233,27,Basic,26-35,East,3.1,11.6,3,30.5,3.0,2,0,1,1
CUST_002234,22,Basic,46-55,North,23.3,23.4,11,1.1,1.0,0,0,0,0
CUST_002235,13,Basic,18-25,North,,21.8,10,1.8,2.0,0,0,1,0
CUST_002236,10,Premium,36-45,North,15.9,83.1,8,6.8,0.0,2,0,0,0
CUST_002237,26,Standard,46-55,North,2.9,18.3,4,5.8,3.0,2,0,0,1
CUST_002238,2,Premium,56+,North,5.6,25.5,4,13.2,4.0,2,0,2,1
CUST_002239,1,Basic,46-55,East,8.5,22.7,7,2.9,3.0,0,0,3,0
CUST_002240,3,Premium,26-35,East,14.3,26.5,11,1.1,0.0,0,0,0,0
CUST_002241,18,Basic,46-55,East,1.3,13.7,7,3.1,4.0,2,1,0,1
CUST_002242,1,Basic,26-35,South,,1.4,3,3.4,0.0,4,0,0,1
CUST_002243,10,Premium,56+,North,18.2,69.4,12,0.7,0.0,0,0,2,0
CUST_002244,60,Premium,46-55,West,13.2,37.9,8,1.3,0.0,1,1,0,0
CUST_002245,23,Basic,46-55,North,14.2,55.1,4,10.3,1.0,0,0,1,0
CUST_002246,8,Basic,18-25,East,16.5,32.2,10,0.3,3.0,2,0,0,0
CUST_002247,1,Basic,36-45,West,14.2,19.0,9,6.0,1.0,0,0,0,0
CUST_002248,21,Basic,46-55,East,14.8,22.2,8,4.3,1.0,0,0,0,0
CUST_002249,10,Basic,46-55,North,5.0,38.6,12,7.6,2.0,0,1,0,0
CUST_002250,1,Premium,18-25,South,5.7,27.4,6,9.8,3.0,4,0,0,1
CUST_002251,1,Standard,56+,North,15.9,27.1,5,7.0,3.0,0,0,3,0
CUST_002252,28,Standard,18-25,East,6.5,73.3,13,0.3,1.0,0,0,1,0
CUST_002253,13,Standard,36-45,East,13.6,19.8,8,1.6,3.0,0,1,0,0
CUST_002254,21,Standard,36-45,East,2.3,7.5,5,15.9,4.0,2,0,1,1
CUST_002255,25,Standard,18-25,North,,9.6,1,1.4,0.0,5,0,0,1
CUST_002256,10,Standard,18-25,West,9.6,25.0,8,0.7,3.0,0,0,0,0
CUST_002257,8,Basic,46-55,East,20.1,34.8,10,9.9,1.0,1,1,0,0
CUST_002258,6,Standard,26-35,North,12.2,27.2,9,1.2,1.0,1,0,1,0
CUST_002259,4,Standard,18-25,South,9.0,10.9,13,1.2,1.0,0,0,0,0
CUST_002260,6,Standard,46-55,East,12.1,25.0,10,2.9,3.0,0,1,0,0
CUST_002261,17,Premium,46-55,South,15.6,52.7,7,3.0,4.0,0,0,0,0
CUST_002262,11,Basic,36-45,North,4.2,46.4,3,6.9,2.0,0,1,0,0
CUST_002263,26,Standard,26-35,North,6.7,10.0,8,0.1,1.0,1,0,2,0
CUST_002264,7,Basic,18-25,West,2.5,17.9,9,4.2,1.0,0,1,0,0
CUST_002265,11,Standard,46-55,North,10.7,18.5,11,2.2,2.0,0,0,0,0
CUST_002266,11,Basic,36-45,North,16.5,66.5,12,3.3,3.0,0,1,2,0
CUST_002267,10,Basic,36-45,West,18.3,,3,2.1,1.0,0,0,2,0
CUST_002268,14,Basic,46-55,East,6.3,25.4,11,4.5,2.0,0,0,0,0
CUST_002269,3,Standard,26-35,East,4.0,23.0,6,4.4,1.0,0,0,0,0
CUST_002270,8,Basic,18-25,South,11.2,86.7,11,6.9,3.0,0,0,0,0
CUST_002271,1,Premium,56+,East,3.6,62.4,21,8.4,1.0,0,0,0,0
CUST_002272,5,Basic,36-45,East,1.8,14.9,7,0.8,1.0,0,0,0,0
CUST_002273,8,Premium,36-45,West,19.3,76.9,11,12.6,1.0,0,0,0,0
CUST_002274,12,Standard,56+,North,4.4,12.1,2,5.4,1.0,2,0,0,1
CUST_002275,36,Basic,56+,North,5.8,7.2,6,7.3,3.0,4,0,0,1
CUST_002276,11,Basic,36-45,North,1.1,12.8,4,6.6,4.0,0,0,0,1
CUST_002277,16,Standard,26-35,East,25.1,26.9,11,5.9,1.0,0,1,1,0
CUST_002278,8,Standard,56+,East,1.1,16.9,4,6.6,4.0,2,1,0,1
CUST_002279,12,Standard,36-45,North,19.8,59.8,6,5.1,1.0,0,0,0,0
CUST_002280,1,Basic,26-35,South,20.0,43.5,7,1.4,0.0,0,0,0,0
CUST_002281,3,Basic,36-45,North,7.8,11.8,2,12.3,6.0,2,1,0,1
CUST_002282,5,Premium,26-35,South,18.3,22.7,4,2.2,3.0,1,1,1,0
CUST_002283,7,Basic,46-55,West,10.9,20.0,9,0.9,1.0,0,0,0,0
CUST_002284,1,Basic,36-45,East,1.5,32.1,3,8.1,6.0,4,0,4,1
CUST_002285,1,Basic,46-55,North,4.1,22.1,6,0.5,1.0,0,0,1,0
CUST_002286,3,Standard,46-55,South,3.0,23.6,4,20.0,6.0,0,0,0,1
CUST_002287,42,Standard,46-55,North,8.7,10.2,11,6.4,1.0,0,1,1,0
CUST_002288,4,Basic,46-55,East,3.1,28.4,2,1.3,4.0,4,0,0,1
CUST_002289,7,Basic,46-55,South,7.1,35.5,8,1.5,0.0,1,1,1,0
CUST_002290,2,Basic,26-35,West,3.0,43.3,9,1.5,1.0,0,0,1,0
CUST_002291,11,Basic,18-25,East,21.4,15.3,6,0.4,3.0,1,0,0,0
CUST_002292,3,Basic,46-55,East,5.0,22.4,3,7.1,4.0,4,1,1,1
CUST_002293,2,Premium,36-45,West,37.4,15.2,11,4.2,2.0,1,0,0,0
CUST_002294,8,Basic,18-25,East,2.3,29.5,7,1.1,1.0,0,0,1,0
CUST_002295,1,Basic,18-25,North,1.3,14.8,4,4.4,1.0,2,0,0,1
CUST_002296,1,Premium,26-35,East,24.3,11.4,9,3.5,2.0,0,1,0,0
CUST_002297,2,Basic,46-55,East,5.8,36.3,12,3.9,2.0,0,0,1,0
CUST_002298,1,Standard,46-55,South,17.9,9.4,9,9.2,1.0,0,0,1,0
CUST_002299,1,Basic,26-35,North,14.7,8.8,10,3.6,0.0,0,0,0,0
CUST_002300,4,Basic,46-55,North,3.7,,3,6.3,3.0,2,0,1,1
CUST_002301,19,Premium,26-35,South,2.5,35.7,9,4.9,1.0,4,0,0,1
CUST_002302,10,Standard,46-55,North,3.6,,7,0.9,1.0,0,0,0,0
CUST_002303,8,Basic,36-45,West,4.7,10.2,11,3.1,0.0,0,0,0,0
CUST_002304,4,Standard,46-55,East,8.4,29.6,4,3.5,3.0,0,0,0,0
CUST_002305,32,Premium,26-35,East,18.5,36.0,9,2.9,1.0,0,1,0,0
CUST_002306,6,Basic,26-35,East,1.8,25.7,2,25.9,0.0,0,0,0,1
CUST_002307,1,Standard,46-55,East,4.0,24.4,6,0.5,1.0,0,0,2,0
CUST_002308,11,Premium,18-25,West,5.5,61.2,14,4.7,2.0,1,0,0,0
CUST_002309,1,Basic,56+,South,30.0,25.1,5,2.3,1.0,0,0,1,0
CUST_002310,5,Standard,36-45,East,5.4,16.8,4,6.0,0.0,0,0,0,0
CUST_002311,8,Standard,26-35,South,10.5,15.3,5,1.0,2.0,1,0,0,0
CUST_002312,24,Standard,36-45,West,15.4,7.8,11,2.2,2.0,1,1,0,0
CUST_002313,8,Basic,18-25,West,2.0,7.8,5,10.8,,2,1,1,1
CUST_002314,14,Basic,36-45,West,,7.9,3,0.1,1.0,4,1,2,1
CUST_002315,59,Standard,56+,North,5.8,10.7,5,16.9,1.0,2,1,0,1
CUST_002316,1,Basic,26-35,South,3.5,36.9,5,0.2,2.0,0,0,0,0
CUST_002317,3,Basic,46-55,North,5.4,41.1,10,0.9,0.0,1,0,0,0
CUST_002318,6,Basic,26-35,South,11.7,88.1,10,4.5,2.0,0,0,0,0
CUST_002319,6,Basic,36-45,South,7.0,,6,0.0,2.0,0,0,1,0
CUST_002320,6,Premium,26-35,South,25.1,15.9,12,2.2,1.0,1,1,2,0
CUST_002321,28,Basic,36-45,East,1.2,4.4,3,1.7,4.0,4,1,1,1
CUST_002322,15,Premium,56+,South,26.8,32.5,8,3.4,0.0,1,0,0,0
CUST_002323,11,Basic,26-35,West,7.4,32.3,7,0.8,1.0,1,0,0,0
CUST_002324,4,Standard,36-45,North,6.3,28.0,5,0.3,0.0,1,0,0,0
CUST_002325,20,Basic,36-45,South,12.6,20.5,5,0.3,0.0,0,0,1,0
CUST_002326,37,Standard,36-45,East,6.6,,13,5.7,1.0,0,0,0,0
CUST_002327,20,Standard,36-45,East,8.9,44.5,7,3.2,1.0,1,0,0,0
CUST_002328,1,Basic,36-45,North,14.5,11.8,7,1.3,1.0,0,0,1,0
CUST_002329,12,Premium,18-25,West,15.5,43.8,11,0.8,2.0,1,0,0,0
CUST_002330,1,Basic,56+,East,15.8,53.0,11,2.1,1.0,0,1,0,0
CUST_002331,3,Standard,46-55,West,6.1,25.1,8,8.9,0.0,0,1,2,0
CUST_002332,1,Premium,26-35,West,15.6,50.5,14,5.3,2.0,1,0,0,0
CUST_002333,11,Premium,26-35,East,33.4,65.1,8,2.2,2.0,0,1,2,0
CUST_002334,13,Premium,46-55,West,2.8,37.3,16,1.4,1.0,0,0,0,0
CUST_002335,1,Basic,56+,West,10.9,31.2,12,7.9,0.0,1,0,1,0
CUST_002336,5,Basic,56+,West,13.8,10.2,7,1.2,1.0,0,0,0,0
CUST_002337,7,Basic,46-55,West,20.8,12.3,3,0.4,2.0,2,0,1,0
CUST_002338,5,Standard,26-35,West,10.7,44.9,14,3.7,1.0,0,0,0,0
CUST_002339,1,Standard,56+,South,5.9,5.8,5,6.1,6.0,2,0,0,1
CUST_002340,6,Basic,46-55,North,4.8,17.6,9,1.2,1.0,0,0,3,0
CUST_002341,16,Standard,26-35,West,18.5,22.4,11,0.8,0.0,0,1,2,0
CUST_002342,1,Basic,26-35,East,12.7,37.3,8,2.1,2.0,1,1,0,0
CUST_002343,1,Basic,36-45,South,2.3,8.3,4,4.3,1.0,2,1,0,1
CUST_002344,5,Standard,36-45,South,2.1,36.9,4,7.5,3.0,4,0,0,1
CUST_002345,34,Basic,26-35,East,6.7,,6,1.4,3.0,1,1,0,0
CUST_002346,13,Standard,18-25,South,8.5,83.0,6,1.1,0.0,0,0,0,0
CUST_002347,13,Basic,18-25,North,7.8,3.6,13,0.8,1.0,1,1,0,0
CUST_002348,5,Standard,26-35,North,8.0,41.0,3,2.8,0.0,0,0,2,0
CUST_002349,10,Basic,26-35,East,6.6,52.2,13,1.1,1.0,0,0,0,0
CUST_002350,1,Basic,46-55,South,8.0,19.2,8,0.6,1.0,0,0,0,0
CUST_002351,12,Standard,18-25,East,8.1,15.2,4,38.8,1.0,0,0,0,1
CUST_002352,29,Premium,56+,West,18.9,37.8,14,0.5,3.0,0,1,0,0
CUST_002353,11,Basic,46-55,West,1.1,10.8,3,21.7,0.0,4,0,0,1
CUST_002354,24,Basic,56+,North,17.3,26.0,10,2.0,2.0,1,0,1,0
CUST_002355,15,Standard,46-55,North,10.6,30.6,7,0.9,0.0,0,1,2,0
CUST_002356,1,Basic,18-25,East,3.4,111.6,9,2.1,1.0,1,1,1,0
CUST_002357,27,Standard,26-35,East,4.4,12.1,1,11.9,1.0,2,0,0,1
CUST_002358,1,Standard,18-25,North,4.6,33.2,5,7.7,1.0,0,1,2,0
CUST_002359,9,Basic,56+,South,4.6,35.2,4,2.4,0.0,0,1,0,0
CUST_002360,1,Basic,26-35,West,3.3,15.7,4,12.4,4.0,2,0,1,1
CUST_002361,1,Standard,36-45,West,17.2,12.3,8,3.1,0.0,0,1,0,0
CUST_002362,6,Basic,46-55,South,5.3,34.0,8,1.1,,0,0,0,0
CUST_002363,4,Standard,56+,North,6.6,10.3,1,15.0,3.0,2,1,0,1
CUST_002364,7,Basic,46-55,South,30.0,16.5,7,2.5,2.0,1,0,1,0
CUST_002365,10,Standard,36-45,North,30.0,46.9,5,0.0,0.0,1,0,0,0
CUST_002366,1,Basic,36-45,North,6.8,22.4,8,0.8,0.0,0,1,1,0
CUST_002367,1,Standard,36-45,South,1.5,20.6,4,1.0,1.0,2,0,0,1
CUST_002368,9,Basic,18-25,East,11.2,36.0,7,1.7,2.0,0,0,0,0
CUST_002369,5,Basic,46-55,North,12.6,53.6,12,2.7,3.0,0,1,2,0
CUST_002370,15,Standard,36-45,West,16.4,12.3,4,0.3,1.0,0,0,0,0
CUST_002371,12,Basic,18-25,East,11.2,41.9,6,7.6,0.0,0,1,1,0
CUST_002372,22,Basic,56+,East,1.3,27.4,1,19.4,3.0,0,0,0,1
CUST_002373,14,Basic,36-45,West,0.9,20.6,8,0.5,2.0,0,0,0,0
CUST_002374,6,Basic,46-55,East,18.2,58.3,4,0.8,1.0,0,0,0,0
CUST_002375,13,Premium,46-55,West,22.5,13.6,8,1.8,1.0,0,1,1,0
CUST_002376,3,Standard,46-55,South,3.6,39.0,4,1.6,4.0,0,0,0,0
CUST_002377,4,Basic,18-25,North,3.4,29.3,15,4.6,,0,0,0,0
CUST_002378,18,Standard,26-35,East,26.1,22.1,8,9.7,5.0,1,0,0,0
CUST_002379,7,Standard,46-55,East,16.6,30.1,8,4.1,2.0,1,1,0,0
CUST_002380,19,Premium,46-55,North,10.0,12.3,11,0.6,0.0,0,0,0,0
CUST_002381,20,Basic,36-45,East,2.1,10.3,5,9.7,,2,0,2,1
CUST_002382,23,Standard,26-35,North,6.5,58.1,6,5.6,1.0,0,0,2,0
CUST_002383,29,Standard,26-35,East,5.4,12.3,17,3.8,1.0,0,0,0,0
CUST_002384,6,Basic,56+,South,12.7,24.5,8,5.4,1.0,0,0,1,0
CUST_002385,4,Basic,26-35,East,9.8,13.0,7,1.7,1.0,1,0,0,0
CUST_002386,10,Basic,26-35,South,2.4,11.0,3,1.1,4.0,2,1,0,1
CUST_002387,5,Standard,36-45,West,13.5,28.7,10,7.8,1.0,1,0,0,0
CUST_002388,11,Basic,26-35,South,4.4,61.0,14,2.1,,0,0,2,0
CUST_002389,14,Premium,56+,West,7.5,64.2,15,1.2,3.0,0,1,0,0
CUST_002390,13,Basic,18-25,North,7.1,11.9,10,0.6,0.0,0,0,1,0
CUST_002391,5,Standard,18-25,East,16.8,65.0,4,1.2,1.0,0,1,0,0
CUST_002392,2,Premium,36-45,South,6.8,68.7,15,8.7,1.0,0,0,0,0
CUST_002393,6,Standard,36-45,West,14.7,9.2,8,1.5,2.0,0,0,1,0
CUST_002394,1,Premium,26-35,West,38.9,65.0,4,3.3,1.0,2,0,1,0
CUST_002395,26,Standard,36-45,West,2.8,30.1,5,3.6,1.0,4,1,0,1
CUST_002396,5,Basic,26-35,North,15.6,6.6,6,6.8,0.0,0,0,0,0
CUST_002397,2,Standard,46-55,West,18.0,12.9,13,5.8,1.0,1,0,0,0
CUST_002398,1,Basic,18-25,North,30.0,50.5,11,1.1,2.0,1,1,0,0
CUST_002399,12,Standard,56+,North,11.6,11.5,10,2.0,0.0,0,0,0,0
CUST_002400,12,Basic,36-45,North,7.4,44.4,7,2.2,0.0,0,0,1,0
CUST_002401,4,Standard,26-35,South,22.2,58.8,4,10.9,2.0,1,0,2,0
CUST_002402,1,Standard,18-25,East,13.7,20.6,5,10.0,1.0,0,0,2,0
CUST_002403,6,Basic,36-45,North,12.9,36.8,10,0.9,,0,0,2,0
CUST_002404,4,Basic,26-35,North,11.8,30.2,6,1.5,4.0,0,0,1,0
CUST_002405,13,Premium,26-35,East,40.2,73.7,5,0.2,0.0,0,1,1,0
CUST_002406,11,Basic,26-35,West,5.4,29.7,5,3.1,1.0,0,0,1,0
CUST_002407,5,Basic,36-45,East,15.8,33.0,6,1.0,1.0,1,1,0,0
CUST_002408,2,Basic,36-45,East,11.9,68.7,9,2.6,3.0,0,0,0,0
CUST_002409,53,Premium,18-25,East,,63.9,12,5.2,3.0,0,0,0,0
CUST_002410,7,Premium,36-45,West,3.8,4.7,6,0.3,0.0,4,0,0,1
CUST_002411,13,Standard,46-55,West,1.5,20.8,3,2.7,1.0,2,0,0,1
CUST_002412,1,Premium,18-25,East,40.1,26.8,12,0.7,4.0,2,1,0,0
CUST_002413,7,Basic,46-55,South,1.7,52.8,13,1.5,0.0,0,0,3,0
CUST_002414,1,Premium,36-45,West,7.1,35.8,5,1.8,4.0,0,0,0,0
CUST_002415,8,Basic,56+,West,1.1,15.6,2,15.3,,4,0,1,1
CUST_002416,39,Basic,18-25,North,17.1,19.6,7,1.0,3.0,1,0,0,0
CUST_002417,5,Basic,56+,East,3.7,21.2,9,0.5,1.0,0,0,1,0
CUST_002418,1,Standard,36-45,West,10.8,31.3,8,0.4,2.0,1,0,0,0
CUST_002419,1,Standard,36-45,East,3.7,17.8,11,4.3,1.0,0,1,0,0
CUST_002420,5,Basic,36-45,South,1.4,11.5,4,3.8,0.0,2,0,1,1
CUST_002421,2,Premium,18-25,East,38.2,9.1,8,9.8,0.0,1,0,1,0
CUST_002422,1,Basic,56+,South,13.6,13.3,10,1.7,1.0,1,0,0,0
CUST_002423,16,Basic,36-45,South,3.2,24.5,5,22.1,1.0,4,1,0,1
CUST_002424,7,Basic,18-25,West,9.1,41.8,6,2.8,1.0,0,0,1,0
CUST_002425,4,Standard,18-25,East,1.4,2.6,5,11.6,1.0,2,0,2,1
CUST_002426,27,Standard,18-25,West,30.0,15.2,11,3.1,2.0,0,0,2,0
CUST_002427,1,Basic,36-45,West,4.6,38.7,11,1.3,2.0,0,0,1,0
CUST_002428,37,Standard,36-45,East,14.8,,6,0.2,2.0,0,0,0,0
CUST_002429,4,Basic,36-45,West,2.3,,7,0.2,1.0,0,1,0,0
CUST_002430,26,Standard,26-35,South,9.9,43.5,13,0.8,0.0,1,0,0,0
CUST_002431,11,Premium,36-45,East,17.9,11.1,9,1.9,2.0,1,1,0,0
CUST_002432,21,Basic,36-45,East,8.2,33.2,8,2.0,1.0,0,0,0,0
CUST_002433,49,Premium,18-25,East,21.7,17.1,7,3.0,0.0,1,0,1,0
CUST_002434,4,Standard,26-35,North,6.4,31.0,5,0.8,1.0,1,0,1,0
CUST_002435,38,Basic,18-25,South,4.8,33.5,11,3.4,1.0,0,0,0,0
CUST_002436,5,Premium,56+,South,12.8,51.9,11,8.6,2.0,0,0,0,0
CUST_002437,5,Basic,46-55,East,3.0,8.7,10,4.4,1.0,0,0,0,0
CUST_002438,4,Basic,56+,West,1.5,16.4,5,13.0,6.0,0,0,1,1
CUST_002439,9,Basic,26-35,West,4.6,40.3,6,2.1,1.0,1,0,1,0
CUST_002440,2,Basic,46-55,North,22.8,45.5,5,3.5,2.0,1,0,0,0
CUST_002441,9,Standard,36-45,South,3.8,5.9,2,6.6,3.0,2,0,0,1
CUST_002442,9,Standard,36-45,North,30.0,19.3,11,4.2,1.0,0,0,1,0
CUST_002443,17,Premium,26-35,South,10.8,45.9,7,0.5,0.0,0,0,0,0
CUST_002444,21,Basic,46-55,West,2.4,36.9,0,2.4,1.0,4,0,1,1
CUST_002445,6,Basic,56+,West,24.7,28.5,7,1.3,2.0,1,0,1,0
CUST_002446,4,Basic,26-35,North,4.6,13.5,14,0.1,2.0,0,0,1,0
CUST_002447,3,Standard,26-35,South,7.0,13.5,5,1.5,0.0,0,0,1,0
CUST_002448,2,Premium,36-45,North,2.0,10.9,4,0.2,1.0,2,0,1,1
CUST_002449,1,Standard,56+,South,19.9,18.2,8,1.3,5.0,1,0,1,0
CUST_002450,5,Basic,46-55,West,4.0,16.4,3,0.8,4.0,4,0,1,1
CUST_002451,3,Premium,26-35,East,28.9,58.9,9,0.1,2.0,0,1,1,0
CUST_002452,40,Standard,26-35,West,12.2,76.8,8,3.4,0.0,0,0,1,0
CUST_002453,9,Basic,26-35,East,7.8,30.9,5,0.3,1.0,1,1,0,0
CUST_002454,5,Standard,46-55,South,10.8,48.7,7,3.7,2.0,0,1,0,0
CUST_002455,10,Basic,46-55,North,21.4,19.7,8,4.6,1.0,2,0,0,0
CUST_002456,1,Basic,36-45,North,9.0,37.7,8,10.3,1.0,0,0,0,0
CUST_002457,7,Basic,26-35,West,7.1,48.4,9,0.1,1.0,0,0,0,0
CUST_002458,11,Basic,56+,West,1.2,22.5,7,0.9,3.0,0,1,0,0
CUST_002459,8,Basic,36-45,West,11.8,9.9,14,2.7,4.0,0,0,1,0
CUST_002460,6,Basic,56+,North,,39.8,7,0.1,3.0,1,1,0,0
CUST_002461,60,Basic,36-45,West,23.7,26.3,6,1.9,2.0,0,0,2,0
CUST_002462,25,Standard,46-55,North,1.3,23.6,3,15.4,1.0,2,0,1,1
CUST_002463,11,Premium,46-55,North,,18.0,3,44.9,1.0,2,0,0,1
CUST_002464,10,Standard,26-35,South,0.9,16.0,5,12.9,3.0,0,1,0,1
CUST_002465,11,Basic,56+,South,3.3,23.6,3,11.7,3.0,2,0,2,1
CUST_002466,2,Basic,18-25,West,22.5,63.7,14,5.3,0.0,0,0,0,0
CUST_002467,6,Basic,46-55,East,22.2,13.2,8,8.6,1.0,0,0,0,0
CUST_002468,1,Basic,56+,North,11.6,15.9,12,1.7,0.0,0,1,0,0
CUST_002469,7,Standard,26-35,North,11.7,29.5,8,5.2,2.0,0,1,0,0
CUST_002470,9,Standard,36-45,South,16.0,46.2,14,2.2,0.0,0,0,1,0
CUST_002471,3,Standard,36-45,North,8.0,30.4,5,2.9,2.0,0,0,0,0
CUST_002472,39,Standard,46-55,South,7.3,31.1,8,0.2,2.0,0,0,0,0
CUST_002473,28,Basic,46-55,East,2.7,18.9,12,0.3,2.0,0,1,0,0
CUST_002474,15,Basic,36-45,North,9.1,19.2,8,0.9,5.0,0,0,1,0
CUST_002475,9,Standard,46-55,West,1.5,33.8,7,9.4,3.0,2,1,1,1
CUST_002476,24,Basic,26-35,South,6.2,39.2,5,0.8,1.0,0,0,1,0
CUST_002477,1,Basic,26-35,South,16.8,7.3,8,4.2,4.0,0,0,0,0
CUST_002478,18,Basic,26-35,South,11.1,10.7,7,2.4,0.0,0,0,0,0
CUST_002479,1,Basic,36-45,East,2.2,13.8,3,16.0,4.0,0,1,0,1
CUST_002480,18,Basic,26-35,East,5.9,39.2,12,2.0,1.0,1,0,1,0
CUST_002481,3,Standard,36-45,North,9.5,,6,1.6,1.0,0,1,0,0
CUST_002482,25,Premium,26-35,West,19.5,41.1,8,0.2,1.0,0,0,0,0
CUST_002483,34,Basic,46-55,North,3.9,17.0,7,2.6,3.0,0,0,0,0
CUST_002484,1,Basic,18-25,West,20.4,46.9,10,0.5,1.0,1,1,0,0
CUST_002485,7,Standard,36-45,North,8.7,16.6,8,3.8,2.0,0,0,2,0
CUST_002486,47,Basic,36-45,West,3.8,20.8,7,2.9,0.0,0,1,1,0
CUST_002487,7,Basic,56+,East,4.7,63.1,12,5.5,0.0,1,1,0,0
CUST_002488,23,Basic,46-55,East,19.8,24.5,7,0.4,1.0,2,0,0,0
CUST_002489,10,Basic,46-55,North,13.3,46.3,5,3.5,4.0,0,0,0,0
CUST_002490,5,Standard,56+,North,17.2,32.6,7,3.0,4.0,0,0,1,0
CUST_002491,4,Standard,36-45,West,11.3,36.0,9,5.4,2.0,0,0,1,0
CUST_002492,2,Basic,26-35,West,2.0,26.2,5,2.7,1.0,4,0,0,1
CUST_002493,17,Basic,46-55,East,20.2,16.2,2,4.5,3.0,1,0,2,0
CUST_002494,5,Basic,46-55,South,1.8,24.3,6,12.5,1.0,2,0,0,1
CUST_002495,8,Basic,26-35,North,9.3,45.6,4,0.8,1.0,0,1,0,0
CUST_002496,8,Premium,46-55,East,2.0,27.0,4,0.2,7.0,2,0,1,1
CUST_002497,10,Standard,46-55,South,6.1,47.7,12,1.6,1.0,0,0,1,0
CUST_002498,24,Standard,56+,North,6.5,10.9,8,2.6,2.0,0,0,0,0
CUST_002499,47,Standard,56+,East,1.7,5.2,4,2.0,0.0,2,0,0,1
CUST_002500,6,Standard,26-35,South,2.3,25.8,2,0.9,3.0,2,1,0,1
CUST_002501,21,Standard,26-35,North,5.2,10.5,1,1.2,6.0,2,0,0,1
CUST_002502,17,Basic,18-25,North,2.8,5.5,4,6.9,0.0,2,1,2,1
CUST_002503,10,Basic,26-35,East,30.0,8.5,14,0.7,0.0,1,1,0,0
CUST_002504,37,Standard,46-55,North,13.8,65.6,12,4.6,3.0,0,0,0,0
CUST_002505,2,Basic,26-35,West,14.7,42.1,8,1.7,1.0,0,0,0,0
CUST_002506,1,Premium,36-45,South,26.2,42.3,11,9.1,3.0,0,1,1,0
CUST_002507,23,Standard,36-45,North,11.7,64.7,7,1.6,1.0,0,0,0,0
CUST_002508,6,Premium,46-55,West,7.3,39.6,12,3.1,,0,0,0,0
CUST_002509,22,Basic,26-35,East,14.6,8.4,9,0.0,3.0,0,0,1,0
CUST_002510,26,Premium,26-35,South,10.3,27.0,12,0.9,1.0,1,0,0,0
CUST_002511,1,Basic,26-35,South,2.9,8.2,12,3.5,0.0,0,0,0,0
CUST_002512,25,Premium,26-35,North,18.8,55.7,9,6.6,4.0,0,1,0,0
CUST_002513,7,Basic,56+,East,11.5,20.4,6,6.8,4.0,0,1,0,0
CUST_002514,8,Standard,46-55,South,14.8,98.4,9,0.9,3.0,0,1,0,0
CUST_002515,11,Standard,36-45,East,4.0,13.1,4,5.5,3.0,2,0,2,1
CUST_002516,31,Basic,46-55,East,16.1,15.1,15,0.2,2.0,1,0,1,0
CUST_002517,1,Basic,26-35,East,1.8,25.1,4,6.2,6.0,4,1,1,1
CUST_002518,7,Premium,46-55,West,2.8,15.9,12,0.2,3.0,0,0,0,0
CUST_002519,13,Basic,26-35,East,,10.0,11,1.2,2.0,1,1,0,0
CUST_002520,15,Standard,46-55,South,5.7,32.9,12,9.2,2.0,0,1,1,0
CUST_002521,14,Basic,36-45,South,4.3,29.5,10,1.1,1.0,0,0,1,0
CUST_002522,1,Standard,18-25,North,3.6,8.2,4,13.7,0.0,2,0,1,1
CUST_002523,4,Standard,26-35,West,13.2,12.8,6,10.2,3.0,0,0,1,0
CUST_002524,5,Basic,26-35,West,0.2,21.3,4,17.0,1.0,0,0,0,1
CUST_002525,19,Basic,46-55,North,6.3,56.4,6,0.5,,1,1,1,0
CUST_002526,3,Standard,18-25,West,24.3,28.6,10,2.6,0.0,1,1,0,0
CUST_002527,2,Basic,36-45,East,1.3,18.0,3,2.8,0.0,2,0,1,1
CUST_002528,37,Basic,46-55,South,5.4,29.9,5,0.1,4.0,0,1,0,0
CUST_002529,1,Standard,36-45,North,19.5,36.0,14,2.3,0.0,1,0,0,0
CUST_002530,60,Basic,46-55,South,7.6,16.7,9,4.6,1.0,0,1,0,0
CUST_002531,13,Basic,26-35,East,10.2,35.1,9,7.0,1.0,0,0,0,0
CUST_002532,21,Standard,36-45,North,6.5,61.6,9,2.3,2.0,0,0,0,0
CUST_002533,4,Basic,56+,South,20.6,30.4,9,3.5,1.0,2,1,0,0
CUST_002534,1,Basic,36-45,West,5.1,47.5,6,0.5,1.0,0,0,0,0
CUST_002535,16,Basic,36-45,East,9.0,71.8,7,0.5,0.0,0,1,0,0
CUST_002536,21,Standard,46-55,East,15.0,48.4,10,4.4,3.0,0,0,2,0
CUST_002537,16,Standard,26-35,East,4.4,,9,0.8,1.0,1,0,1,0
CUST_002538,1,Standard,46-55,North,1.2,32.0,3,5.6,4.0,2,0,0,1
CUST_002539,16,Basic,56+,West,0.5,30.8,5,7.5,0.0,2,1,0,1
CUST_002540,17,Basic,18-25,West,13.1,16.5,7,2.5,2.0,1,0,1,0
CUST_002541,12,Basic,46-55,East,1.6,32.3,3,32.1,3.0,0,0,0,1
CUST_002542,17,Basic,26-35,North,11.6,28.6,6,3.4,3.0,0,0,0,0
CUST_002543,22,Premium,36-45,North,16.7,54.8,7,5.1,0.0,0,0,0,0
CUST_002544,11,Basic,46-55,North,1.5,19.2,5,0.6,4.0,2,1,1,1
CUST_002545,1,Basic,46-55,East,9.6,69.3,8,2.3,1.0,0,0,1,0
CUST_002546,8,Basic,46-55,North,30.0,44.8,6,7.8,1.0,1,0,0,0
CUST_002547,1,Standard,56+,East,13.6,46.7,5,3.7,0.0,0,0,2,0
CUST_002548,6,Standard,26-35,East,30.0,49.4,10,1.7,1.0,1,0,0,0
CUST_002549,6,Standard,36-45,North,5.6,31.1,4,1.9,0.0,0,0,0,0
CUST_002550,1,Premium,26-35,East,15.0,64.7,15,1.4,2.0,2,0,0,0
CUST_002551,5,Basic,26-35,North,2.1,9.1,4,0.4,1.0,2,0,0,1
CUST_002552,1,Basic,26-35,West,24.4,33.1,7,1.4,4.0,1,0,0,0
CUST_002553,19,Basic,46-55,South,3.4,25.5,4,10.4,1.0,4,1,0,1
CUST_002554,35,Standard,36-45,South,1.5,16.7,4,2.9,0.0,2,1,1,1
CUST_002555,1,Standard,46-55,North,9.9,92.2,10,5.5,2.0,0,1,1,0
CUST_002556,37,Standard,46-55,West,2.7,11.9,2,1.3,4.0,4,0,0,1
CUST_002557,8,Standard,18-25,East,11.4,9.7,6,0.1,2.0,1,1,0,0
CUST_002558,4,Standard,36-45,South,7.8,67.8,9,1.7,2.0,1,0,0,0
CUST_002559,1,Premium,26-35,North,20.7,44.9,11,1.6,3.0,0,0,0,0
CUST_002560,8,Standard,36-45,East,1.1,14.5,13,4.6,1.0,0,0,1,0
CUST_002561,18,Standard,46-55,South,8.6,22.9,5,6.0,4.0,0,1,1,0
CUST_002562,14,Basic,36-45,West,2.0,4.7,3,0.3,1.0,2,0,1,1
CUST_002563,1,Standard,46-55,West,17.6,15.8,6,3.3,0.0,0,0,0,0
CUST_002564,1,Premium,46-55,East,34.3,41.4,9,0.0,4.0,0,0,1,0
CUST_002565,6,Basic,36-45,West,5.1,47.7,7,3.3,4.0,0,1,0,0
CUST_002566,4,Standard,46-55,North,11.5,21.6,4,3.7,2.0,0,0,0,0
CUST_002567,3,Standard,18-25,South,1.9,10.6,3,3.8,,2,0,0,1
CUST_002568,3,Basic,18-25,South,10.7,19.0,4,0.3,1.0,1,0,1,0
CUST_002569,19,Standard,18-25,North,2.0,12.5,4,3.8,3.0,4,0,0,1
CUST_002570,31,Basic,26-35,West,11.2,34.6,10,3.0,1.0,1,1,1,0
CUST_002571,6,Premium,26-35,North,18.6,90.0,15,4.7,1.0,1,1,2,0
CUST_002572,28,Standard,56+,West,25.9,7.7,11,4.4,1.0,0,1,0,0
CUST_002573,4,Basic,36-45,West,2.3,17.7,7,5.5,2.0,0,0,3,0
CUST_002574,7,Basic,36-45,South,11.8,7.9,5,0.9,0.0,0,1,0,0
CUST_002575,3,Standard,26-35,North,1.5,15.9,9,3.0,1.0,0,1,1,0
CUST_002576,12,Basic,26-35,North,3.9,16.2,2,2.0,3.0,2,0,0,1
CUST_002577,46,Basic,26-35,North,7.6,10.6,4,1.1,1.0,0,0,0,0
CUST_002578,11,Standard,36-45,South,7.5,42.0,4,2.1,1.0,0,0,0,0
CUST_002579,5,Basic,36-45,South,2.1,14.0,8,0.8,2.0,0,1,0,0
CUST_002580,12,Basic,36-45,East,8.2,40.3,9,1.7,1.0,0,0,0,0
CUST_002581,1,Standard,36-45,West,8.0,19.2,3,1.3,2.0,0,0,1,0
CUST_002582,26,Premium,46-55,South,1.4,31.6,12,0.4,1.0,0,0,0,0
CUST_002583,8,Standard,18-25,North,0.7,22.3,2,1.5,0.0,2,1,1,1
CUST_002584,7,Standard,46-55,West,9.6,82.3,11,3.3,1.0,0,1,0,0
CUST_002585,10,Basic,36-45,South,16.7,19.3,12,0.6,2.0,0,1,1,0
CUST_002586,11,Basic,36-45,South,4.6,4.7,3,3.0,4.0,4,0,0,1
CUST_002587,1,Basic,26-35,West,10.1,72.3,7,3.7,2.0,1,0,1,0
CUST_002588,13,Standard,26-35,West,2.3,24.6,3,2.8,6.0,2,0,0,1
CUST_002589,3,Premium,26-35,West,11.2,22.4,9,0.7,2.0,0,1,1,0
CUST_002590,15,Standard,56+,North,2.2,28.5,5,2.4,,0,0,1,0
CUST_002591,20,Premium,36-45,East,18.0,40.1,7,3.4,1.0,0,1,1,0
CUST_002592,19,Standard,56+,North,1.9,12.0,3,7.1,3.0,5,1,1,1
CUST_002593,9,Basic,36-45,West,1.2,7.1,1,19.3,0.0,0,0,0,1
CUST_002594,8,Basic,26-35,North,4.1,14.1,7,0.1,3.0,4,0,0,1
CUST_002595,1,Basic,36-45,North,17.7,11.0,8,6.6,2.0,0,0,0,0
CUST_002596,17,Basic,18-25,West,9.2,81.2,13,1.4,2.0,0,0,1,0
CUST_002597,3,Standard,56+,West,17.6,55.3,11,5.4,4.0,0,0,0,0
CUST_002598,8,Basic,46-55,East,5.6,55.7,6,8.1,3.0,0,0,1,0
CUST_002599,4,Standard,46-55,North,10.0,7.1,6,2.1,3.0,0,1,1,0
CUST_002600,1,Standard,36-45,South,6.8,20.7,8,4.2,2.0,0,0,0,0
CUST_002601,11,Basic,36-45,West,13.1,11.2,7,4.0,2.0,0,0,1,0
CUST_002602,1,Basic,56+,East,11.0,31.8,6,0.8,2.0,0,0,0,0
CUST_002603,16,Basic,26-35,North,4.2,5.0,6,0.1,1.0,0,0,0,0
CUST_002604,4,Basic,46-55,North,26.7,56.3,8,8.4,1.0,0,1,0,0
CUST_002605,1,Standard,36-45,West,1.3,13.9,4,1.4,3.0,2,0,0,1
CUST_002606,8,Basic,56+,East,9.0,23.7,4,0.7,1.0,0,0,1,0
CUST_002607,1,Standard,46-55,East,3.8,25.5,11,5.5,1.0,0,0,2,0
CUST_002608,3,Premium,56+,South,12.0,16.9,12,9.7,2.0,0,1,0,0
CUST_002609,14,Premium,36-45,East,2.6,30.6,5,7.7,4.0,2,0,1,1
CUST_002610,1,Premium,26-35,West,11.9,29.0,8,0.7,1.0,0,0,0,0
CUST_002611,21,Basic,36-45,South,9.7,32.7,8,1.5,0.0,0,1,0,0
CUST_002612,1,Basic,46-55,East,12.9,2.0,9,5.9,2.0,0,0,0,0
CUST_002613,3,Basic,46-55,North,1.5,44.1,11,1.5,1.0,1,0,2,0
CUST_002614,16,Basic,18-25,North,5.4,10.4,3,5.1,0.0,0,0,0,0
CUST_002615,4,Premium,36-45,West,21.5,13.2,9,7.0,0.0,0,0,0,0
CUST_002616,1,Standard,26-35,West,10.6,26.5,8,0.2,5.0,1,0,0,0
CUST_002617,5,Basic,46-55,East,30.0,29.6,6,0.0,0.0,0,0,0,0
CUST_002618,3,Basic,26-35,North,5.3,55.8,7,0.6,0.0,0,1,2,0
CUST_002619,22,Basic,36-45,North,27.2,30.3,8,0.3,3.0,1,0,1,0
CUST_002620,4,Standard,26-35,West,7.0,24.2,5,3.6,4.0,4,0,1,1
CUST_002621,18,Standard,26-35,South,19.6,34.8,2,5.2,2.0,1,0,1,0
CUST_002622,26,Premium,56+,West,3.1,36.1,3,2.5,6.0,4,0,2,1
CUST_002623,6,Premium,26-35,South,16.1,108.8,9,0.6,4.0,1,1,0,0
CUST_002624,28,Basic,18-25,West,9.5,21.1,5,1.0,1.0,0,1,0,0
CUST_002625,5,Basic,18-25,West,5.7,17.2,5,1.3,1.0,0,1,0,0
CUST_002626,39,Basic,36-45,North,17.5,22.3,3,1.6,1.0,0,0,0,0
CUST_002627,1,Basic,36-45,West,7.8,62.7,9,1.1,2.0,0,0,0,0
CUST_002628,13,Premium,26-35,North,20.5,21.7,7,1.4,2.0,0,0,1,0
CUST_002629,8,Standard,36-45,North,2.4,26.1,12,1.3,1.0,0,1,0,0
CUST_002630,5,Standard,18-25,South,9.7,13.7,6,0.3,4.0,0,0,1,0
CUST_002631,12,Basic,46-55,East,14.9,20.1,8,4.5,1.0,1,1,0,0
CUST_002632,14,Basic,46-55,South,4.9,15.2,9,0.3,0.0,0,0,0,0
CUST_002633,1,Basic,56+,East,7.4,22.5,11,0.5,1.0,0,0,1,0
CUST_002634,2,Standard,56+,North,7.9,32.6,10,3.0,2.0,0,1,1,0
CUST_002635,14,Standard,26-35,North,7.9,32.9,8,3.0,1.0,1,0,1,0
CUST_002636,13,Basic,26-35,East,1.7,10.3,5,8.5,4.0,2,0,1,1
CUST_002637,40,Standard,46-55,East,15.2,7.8,5,3.9,2.0,0,0,1,0
CUST_002638,17,Standard,18-25,East,3.1,35.4,2,20.0,3.0,2,0,0,1
CUST_002639,36,Basic,26-35,East,12.7,45.4,8,2.0,2.0,1,1,0,0
CUST_002640,14,Standard,18-25,West,8.9,84.7,7,7.7,2.0,0,0,0,0
CUST_002641,4,Basic,36-45,South,3.8,21.0,6,3.3,2.0,0,0,0,0
CUST_002642,1,Standard,36-45,North,10.5,3.3,4,2.5,,0,0,0,0
CUST_002643,18,Standard,26-35,East,4.8,59.1,3,0.2,0.0,0,0,0,0
CUST_002644,12,Premium,18-25,East,9.2,31.0,11,0.7,5.0,0,0,0,0
CUST_002645,1,Basic,46-55,East,0.8,8.5,3,7.2,0.0,2,1,0,1
CUST_002646,5,Basic,18-25,East,14.9,27.7,13,4.7,2.0,0,0,1,0
CUST_002647,37,Basic,56+,South,1.1,11.6,2,4.6,6.0,2,1,0,1
CUST_002648,8,Basic,26-35,North,15.1,27.4,6,1.4,0.0,1,0,2,0
CUST_002649,6,Standard,36-45,East,7.7,19.3,9,7.7,0.0,0,0,0,0
CUST_002650,7,Premium,26-35,North,6.8,8.2,6,19.1,6.0,4,0,0,1
CUST_002651,2,Basic,18-25,South,5.5,38.0,10,0.3,2.0,0,0,0,0
CUST_002652,5,Basic,36-45,South,1.2,14.5,6,7.8,4.0,4,0,0,1
CUST_002653,5,Basic,36-45,South,18.5,50.9,13,4.8,1.0,1,1,1,0
CUST_002654,1,Basic,46-55,East,4.1,7.6,7,0.9,0.0,0,0,1,0
CUST_002655,17,Basic,46-55,North,21.9,36.4,11,1.9,3.0,1,0,0,0
CUST_002656,6,Basic,18-25,West,26.0,29.8,5,4.5,0.0,2,0,1,0
CUST_002657,20,Standard,26-35,East,12.3,55.7,9,6.5,,0,0,0,0
CUST_002658,22,Basic,26-35,South,7.1,26.4,9,8.0,0.0,0,1,0,0
CUST_002659,2,Standard,18-25,North,2.6,31.8,12,0.1,0.0,0,0,0,0
CUST_002660,12,Standard,36-45,North,13.8,9.3,7,0.2,2.0,1,1,0,0
CUST_002661,7,Basic,56+,East,18.7,3.0,8,0.5,1.0,0,0,0,0
CUST_002662,25,Standard,36-45,South,8.4,45.2,8,1.2,1.0,1,1,0,0
CUST_002663,2,Standard,46-55,North,8.2,48.0,11,2.0,0.0,0,1,1,0
CUST_002664,13,Standard,36-45,South,11.3,8.1,10,0.8,0.0,0,1,0,0
CUST_002665,11,Basic,46-55,East,2.3,7.5,3,8.1,0.0,2,1,2,1
CUST_002666,4,Basic,26-35,East,1.6,35.1,8,5.4,1.0,0,0,0,0
CUST_002667,1,Standard,46-55,East,10.1,59.3,8,3.4,0.0,0,0,1,0
CUST_002668,12,Standard,46-55,West,2.0,20.9,7,0.6,2.0,0,0,1,0
CUST_002669,16,Basic,26-35,North,7.4,28.3,12,0.7,0.0,0,0,1,0
CUST_002670,4,Basic,26-35,East,4.9,28.3,7,1.8,2.0,0,0,0,0
CUST_002671,12,Basic,56+,North,3.0,15.8,5,4.4,3.0,2,0,1,1
CUST_002672,6,Basic,46-55,East,6.5,14.8,9,1.1,4.0,0,0,2,0
CUST_002673,14,Standard,26-35,East,11.6,30.2,7,1.6,2.0,0,1,1,0
CUST_002674,2,Basic,36-45,North,5.3,26.1,6,2.5,3.0,0,0,1,0
CUST_002675,26,Basic,26-35,South,8.7,17.5,6,1.4,3.0,0,1,0,0
CUST_002676,4,Standard,36-45,West,1.6,44.0,5,20.2,0.0,2,0,0,1
CUST_002677,5,Basic,26-35,North,2.0,5.7,4,16.5,1.0,0,0,1,1
CUST_002678,1,Standard,26-35,South,12.2,69.5,8,1.3,1.0,0,0,0,0
CUST_002679,1,Standard,36-45,West,5.3,34.8,14,4.3,3.0,0,1,0,0
CUST_002680,8,Basic,46-55,East,3.3,43.3,9,0.8,0.0,0,1,1,0
CUST_002681,3,Standard,46-55,East,8.8,12.9,6,4.1,0.0,0,0,0,0
CUST_002682,21,Standard,26-35,West,7.6,73.8,4,3.8,2.0,0,1,1,0
CUST_002683,1,Basic,46-55,North,20.3,23.0,6,0.7,2.0,1,0,0,0
CUST_002684,5,Basic,26-35,North,5.5,29.6,3,8.3,1.0,4,0,2,1
CUST_002685,4,Standard,26-35,West,3.4,28.7,7,0.1,0.0,0,0,0,0
CUST_002686,1,Premium,56+,West,1.3,7.9,4,7.3,3.0,2,0,0,1
CUST_002687,1,Standard,36-45,North,7.6,8.6,8,0.4,0.0,0,0,0,0
CUST_002688,6,Basic,26-35,South,14.7,58.3,11,1.5,1.0,0,1,1,0
CUST_002689,8,Standard,26-35,South,7.5,5.3,3,0.6,0.0,0,0,0,0
CUST_002690,6,Basic,36-45,West,7.8,25.0,13,0.6,2.0,0,1,2,0
CUST_002691,9,Standard,46-55,South,2.4,,12,1.9,4.0,0,1,0,0
CUST_002692,10,Standard,56+,West,4.8,39.5,6,8.3,2.0,0,0,1,0
CUST_002693,1,Standard,46-55,West,0.6,11.0,4,4.7,1.0,2,0,1,1
CUST_002694,7,Standard,46-55,West,11.2,21.8,8,0.9,2.0,0,0,0,0
CUST_002695,39,Standard,46-55,East,9.7,62.2,11,6.5,3.0,0,0,0,0
CUST_002696,8,Standard,46-55,South,8.2,21.5,11,1.4,1.0,0,0,0,0
CUST_002697,13,Basic,18-25,North,3.9,24.6,9,0.1,0.0,1,0,2,0
CUST_002698,4,Standard,56+,East,3.0,14.9,7,4.1,0.0,0,1,0,0
CUST_002699,17,Premium,26-35,South,14.5,45.4,9,0.6,3.0,0,0,1,0
CUST_002700,17,Basic,56+,South,9.4,76.1,9,4.4,1.0,1,0,1,0
CUST_002701,8,Basic,18-25,East,13.1,23.3,15,4.4,,1,0,0,0
CUST_002702,44,Basic,46-55,South,9.4,9.3,7,2.3,2.0,0,0,0,0
CUST_002703,1,Standard,46-55,West,12.4,12.1,7,2.5,1.0,0,0,0,0
CUST_002704,1,Standard,56+,South,9.5,30.9,4,1.1,,1,0,2,0
CUST_002705,17,Basic,46-55,North,16.6,16.9,11,0.2,1.0,0,1,0,0
CUST_002706,19,Premium,26-35,South,8.6,60.1,14,0.2,0.0,0,0,1,0
CUST_002707,1,Basic,36-45,West,9.4,23.2,8,0.9,1.0,1,0,0,0
CUST_002708,3,Standard,26-35,West,11.8,41.9,3,1.3,1.0,1,1,1,0
CUST_002709,1,Basic,26-35,North,8.0,30.3,7,9.3,2.0,0,1,0,0
CUST_002710,4,Basic,26-35,South,0.4,6.7,4,29.3,4.0,0,1,1,1
CUST_002711,17,Basic,26-35,West,11.4,18.1,11,0.2,2.0,1,1,1,0
CUST_002712,8,Basic,36-45,North,4.7,24.7,7,0.8,1.0,0,0,2,0
CUST_002713,5,Standard,56+,South,3.6,76.7,10,0.0,0.0,1,1,1,0
CUST_002714,5,Standard,56+,South,2.6,54.6,8,2.9,1.0,1,1,1,0
CUST_002715,1,Basic,18-25,East,6.7,6.6,5,7.5,4.0,2,0,0,1
CUST_002716,4,Basic,18-25,South,4.2,13.8,3,1.6,1.0,4,0,2,1
CUST_002717,12,Basic,26-35,North,2.9,31.0,8,0.5,1.0,0,0,0,0
CUST_002718,43,Standard,26-35,East,3.3,15.5,11,0.1,3.0,0,0,1,0
CUST_002719,22,Standard,18-25,North,7.7,18.2,7,3.5,1.0,0,1,0,0
CUST_002720,1,Basic,26-35,East,1.4,6.1,5,3.7,6.0,2,1,0,1
CUST_002721,27,Standard,36-45,East,4.2,19.5,4,10.1,6.0,2,1,0,1
CUST_002722,18,Basic,36-45,South,15.1,13.7,7,3.6,0.0,0,0,0,0
CUST_002723,18,Premium,36-45,North,25.7,10.1,11,3.6,2.0,0,1,1,0
CUST_002724,7,Premium,26-35,East,20.2,28.9,11,2.2,0.0,0,0,0,0
CUST_002725,6,Standard,46-55,South,21.2,33.4,11,4.1,1.0,0,0,1,0
CUST_002726,4,Premium,46-55,South,13.2,33.9,14,3.1,1.0,1,0,1,0
CUST_002727,1,Standard,26-35,East,28.3,27.3,9,1.1,3.0,0,0,0,0
CUST_002728,3,Standard,18-25,East,24.7,18.6,8,10.2,0.0,1,0,0,0
CUST_002729,3,Standard,26-35,North,9.2,19.0,4,2.9,0.0,0,0,0,0
CUST_002730,7,Basic,18-25,North,2.8,40.7,2,15.5,1.0,2,1,0,1
CUST_002731,16,Basic,36-45,North,3.0,31.5,6,19.6,3.0,2,0,1,1
CUST_002732,7,Basic,26-35,East,1.4,28.3,7,1.2,0.0,0,1,0,0
CUST_002733,1,Standard,36-45,East,2.9,8.3,6,13.5,3.0,2,0,0,1
CUST_002734,37,Basic,26-35,West,2.1,45.4,6,1.8,2.0,0,0,1,0
CUST_002735,34,Basic,46-55,East,14.5,60.9,13,6.7,0.0,0,0,2,0
CUST_002736,18,Basic,18-25,West,0.9,26.0,4,6.1,3.0,2,0,1,1
CUST_002737,56,Basic,36-45,South,11.1,23.2,8,1.0,1.0,0,0,1,0
CUST_002738,9,Standard,26-35,South,5.6,30.4,5,6.7,2.0,0,0,0,0
CUST_002739,39,Premium,18-25,West,21.5,23.1,5,4.7,2.0,0,1,1,0
CUST_002740,1,Standard,46-55,North,6.2,31.4,10,1.0,1.0,0,0,0,0
CUST_002741,5,Standard,36-45,South,11.5,28.8,15,1.0,3.0,0,1,0,0
CUST_002742,3,Standard,18-25,North,11.0,41.9,8,5.7,0.0,1,1,2,0
CUST_002743,2,Basic,36-45,West,5.4,18.7,7,2.4,2.0,0,0,0,0
CUST_002744,1,Basic,36-45,South,9.5,75.3,9,1.3,1.0,0,0,0,0
CUST_002745,11,Premium,36-45,North,17.8,12.8,16,1.2,1.0,0,0,1,0
CUST_002746,18,Basic,26-35,East,14.3,33.2,11,3.9,0.0,0,0,0,0
CUST_002747,10,Basic,46-55,North,1.1,46.5,12,5.0,3.0,0,0,1,0
CUST_002748,1,Standard,26-35,West,2.1,15.0,5,2.8,1.0,0,1,0,0
CUST_002749,19,Basic,26-35,South,12.5,35.2,6,1.2,0.0,1,0,0,0
CUST_002750,12,Basic,26-35,East,5.3,39.8,8,1.7,2.0,0,0,1,0
CUST_002751,5,Basic,46-55,South,4.1,19.6,3,2.7,6.0,2,1,0,1
CUST_002752,13,Basic,56+,West,1.3,59.5,8,2.9,0.0,1,0,0,0
CUST_002753,3,Basic,46-55,West,28.5,43.4,7,8.4,1.0,0,1,0,0
CUST_002754,5,Basic,46-55,West,3.3,11.2,5,3.0,0.0,0,1,1,0
CUST_002755,29,Standard,56+,West,9.7,30.6,9,7.6,1.0,0,0,0,0
CUST_002756,4,Standard,36-45,North,2.0,13.3,5,21.8,6.0,0,0,0,1
CUST_002757,7,Basic,46-55,West,17.4,44.7,6,3.2,1.0,0,0,0,0
CUST_002758,26,Premium,56+,East,21.7,47.3,11,2.0,0.0,0,0,0,0
CUST_002759,14,Basic,18-25,West,15.7,27.6,10,10.0,1.0,1,1,1,0
CUST_002760,1,Basic,36-45,East,5.6,9.2,3,9.2,1.0,2,0,0,1
CUST_002761,1,Basic,46-55,North,13.3,19.3,9,9.3,3.0,0,0,0,0
CUST_002762,1,Standard,56+,East,2.6,7.9,5,5.5,0.0,2,0,0,1
CUST_002763,11,Basic,46-55,North,18.5,33.8,10,5.2,2.0,0,0,1,0
CUST_002764,7,Standard,46-55,East,7.1,17.2,9,0.5,2.0,1,1,1,0
CUST_002765,1,Standard,56+,South,3.4,24.5,10,1.0,0.0,0,0,0,0
CUST_002766,38,Standard,36-45,North,7.1,,9,7.4,2.0,0,0,1,0
CUST_002767,9,Standard,18-25,West,,46.6,8,1.0,2.0,1,1,0,0
CUST_002768,3,Premium,18-25,West,11.3,65.4,16,1.3,2.0,0,0,0,0
CUST_002769,8,Basic,36-45,West,3.4,12.3,10,3.6,1.0,0,1,0,0
CUST_002770,13,Basic,26-35,West,13.9,9.2,8,1.6,0.0,1,0,4,0
CUST_002771,1,Standard,36-45,East,4.1,111.1,11,7.3,0.0,0,0,0,0
CUST_002772,3,Standard,26-35,East,9.5,26.6,9,0.7,3.0,0,1,0,0
CUST_002773,19,Basic,56+,North,10.9,21.3,5,2.6,3.0,0,0,0,0
CUST_002774,7,Basic,26-35,West,10.6,17.6,4,1.6,1.0,0,0,0,0
CUST_002775,9,Basic,46-55,West,11.2,17.7,9,2.1,1.0,1,0,0,0
CUST_002776,6,Basic,56+,East,3.3,44.0,4,3.7,0.0,0,0,2,0
CUST_002777,1,Basic,36-45,West,12.4,19.0,9,2.0,1.0,0,0,1,0
CUST_002778,2,Premium,26-35,East,2.0,11.5,7,9.1,0.0,2,0,0,1
CUST_002779,7,Standard,46-55,South,1.8,34.0,5,0.4,2.0,0,0,0,0
CUST_002780,2,Basic,46-55,West,8.0,16.5,10,1.0,0.0,0,0,0,0
CUST_002781,1,Standard,26-35,South,2.8,13.0,3,12.4,4.0,0,0,1,1
CUST_002782,22,Premium,18-25,East,17.8,4.0,4,0.9,0.0,0,0,0,0
CUST_002783,47,Basic,26-35,South,18.4,48.3,11,0.1,3.0,0,0,0,0
CUST_002784,18,Basic,18-25,East,12.4,38.3,4,1.8,0.0,1,0,0,0
CUST_002785,23,Standard,26-35,East,3.6,33.4,10,1.2,3.0,0,0,0,0
CUST_002786,3,Standard,26-35,East,4.0,42.0,9,1.4,1.0,1,1,0,0
CUST_002787,38,Basic,36-45,East,1.9,13.4,2,2.6,0.0,2,0,0,1
CUST_002788,2,Premium,56+,South,19.2,43.2,14,0.9,3.0,0,0,2,0
CUST_002789,36,Basic,36-45,East,7.4,41.8,6,4.5,4.0,0,1,0,0
CUST_002790,60,Basic,56+,West,10.0,18.9,10,0.2,0.0,1,0,0,0
CUST_002791,14,Basic,46-55,North,2.8,51.2,8,2.1,3.0,0,1,1,0
CUST_002792,47,Basic,46-55,North,10.0,54.3,13,2.2,2.0,0,0,0,0
CUST_002793,10,Standard,26-35,North,5.6,20.4,5,0.2,1.0,0,0,0,0
CUST_002794,3,Premium,26-35,West,33.6,108.9,15,0.0,1.0,1,1,0,0
CUST_002795,6,Basic,46-55,East,1.4,17.5,2,4.4,1.0,4,0,2,1
CUST_002796,10,Premium,56+,West,3.4,51.9,4,5.0,,0,0,0,0
CUST_002797,1,Standard,36-45,East,6.6,33.8,8,0.6,2.0,1,0,0,0
CUST_002798,11,Basic,18-25,South,6.2,54.2,7,0.1,2.0,1,1,0,0
CUST_002799,47,Standard,46-55,West,17.8,36.5,7,1.2,0.0,1,0,0,0
CUST_002800,2,Basic,26-35,North,5.2,36.2,9,1.5,3.0,0,0,1,0
CUST_002801,18,Standard,18-25,South,27.6,42.0,9,1.4,2.0,2,1,0,0
CUST_002802,28,Basic,46-55,South,3.6,12.1,3,18.6,4.0,2,0,0,1
CUST_002803,34,Standard,36-45,South,3.8,46.8,4,0.3,1.0,0,0,0,0
CUST_002804,38,Basic,36-45,South,5.5,37.3,7,1.6,1.0,0,1,0,0
CUST_002805,8,Standard,56+,North,12.0,33.6,7,0.9,3.0,1,0,0,0
CUST_002806,45,Standard,36-45,North,5.4,3.2,4,3.7,4.0,2,1,0,1
CUST_002807,16,Basic,36-45,South,20.9,25.8,12,1.3,1.0,0,0,0,0
CUST_002808,2,Basic,26-35,West,1.0,13.6,4,0.7,3.0,2,0,0,1
CUST_002809,7,Basic,26-35,North,5.6,13.1,8,1.3,2.0,0,0,1,0
CUST_002810,15,Standard,46-55,South,30.0,34.0,11,5.2,3.0,1,1,1,0
CUST_002811,3,Basic,26-35,North,2.2,27.1,5,3.9,4.0,2,1,0,1
CUST_002812,12,Standard,26-35,East,16.2,18.5,5,5.3,1.0,1,0,0,0
CUST_002813,13,Basic,18-25,East,0.3,7.4,3,3.1,0.0,2,0,0,1
CUST_002814,2,Basic,36-45,West,4.2,17.6,5,0.5,0.0,0,0,1,0
CUST_002815,9,Basic,36-45,West,10.7,89.2,9,4.3,1.0,0,0,1,0
CUST_002816,17,Basic,36-45,South,10.9,32.1,6,4.9,2.0,0,1,0,0
CUST_002817,8,Standard,36-45,North,9.7,19.3,11,3.5,1.0,0,1,0,0
CUST_002818,1,Premium,18-25,North,15.7,59.4,21,1.6,2.0,0,1,1,0
CUST_002819,1,Basic,36-45,West,16.0,31.8,10,4.1,2.0,1,0,0,0
CUST_002820,5,Standard,56+,East,7.4,41.2,5,2.8,0.0,0,1,0,0
CUST_002821,31,Basic,26-35,North,20.4,19.6,8,4.9,0.0,1,0,1,0
CUST_002822,3,Standard,36-45,North,8.1,18.1,9,2.5,,0,1,0,0
CUST_002823,12,Basic,36-45,South,7.4,18.0,7,6.4,1.0,0,1,2,0
CUST_002824,3,Standard,46-55,North,1.4,14.7,6,1.2,1.0,0,0,3,0
CUST_002825,4,Premium,26-35,West,26.9,41.6,9,3.9,0.0,1,0,0,0
CUST_002826,22,Basic,56+,East,1.9,58.4,3,1.5,3.0,0,0,0,0
CUST_002827,15,Standard,36-45,East,14.9,33.5,5,2.3,0.0,0,0,0,0
CUST_002828,1,Basic,46-55,South,12.2,50.3,10,1.8,4.0,1,1,0,0
CUST_002829,6,Basic,26-35,South,20.0,17.2,9,6.8,0.0,0,0,0,0
CUST_002830,1,Basic,46-55,East,0.7,22.5,5,14.5,4.0,0,0,0,1
CUST_002831,7,Basic,46-55,East,23.2,29.2,9,1.7,2.0,1,1,1,0
CUST_002832,13,Basic,26-35,South,2.7,,2,3.6,4.0,2,0,0,1
CUST_002833,1,Basic,26-35,East,2.3,10.4,5,4.7,1.0,4,0,2,1
CUST_002834,4,Basic,36-45,West,2.9,22.3,3,0.5,2.0,0,1,0,0
CUST_002835,6,Basic,18-25,North,6.7,14.8,6,6.5,0.0,0,0,3,0
CUST_002836,30,Standard,46-55,East,9.4,58.7,10,3.9,2.0,1,0,0,0
CUST_002837,59,Premium,18-25,South,16.7,83.4,5,1.7,1.0,0,1,2,0
CUST_002838,1,Basic,26-35,East,5.0,25.9,6,0.2,,0,1,1,0
CUST_002839,17,Basic,36-45,North,2.2,9.9,5,3.1,9.0,0,0,0,1
CUST_002840,5,Basic,18-25,East,24.4,34.6,7,0.1,0.0,1,0,2,0
CUST_002841,5,Premium,56+,North,14.5,24.5,16,0.4,0.0,1,1,0,0
CUST_002842,16,Standard,46-55,North,,57.5,10,6.2,4.0,0,0,1,0
CUST_002843,30,Basic,36-45,East,14.8,31.0,11,1.2,0.0,0,1,1,0
CUST_002844,36,Basic,46-55,East,10.5,51.7,12,9.2,1.0,1,0,1,0
CUST_002845,10,Basic,46-55,West,4.8,25.1,6,0.6,0.0,1,0,0,0
CUST_002846,5,Basic,26-35,East,2.9,6.2,9,2.4,2.0,0,1,1,0
CUST_002847,18,Premium,46-55,East,19.0,27.6,14,3.5,0.0,0,0,1,0
CUST_002848,3,Premium,26-35,East,17.6,15.5,9,4.8,0.0,0,1,1,0
CUST_002849,9,Basic,26-35,South,10.9,26.6,7,0.3,2.0,1,0,0,0
CUST_002850,5,Standard,36-45,North,8.2,12.8,7,2.9,2.0,0,0,0,0
CUST_002851,12,Basic,46-55,North,7.9,21.5,6,1.4,0.0,0,1,0,0
CUST_002852,3,Basic,18-25,North,3.1,52.2,5,0.3,1.0,0,0,0,0
CUST_002853,2,Premium,26-35,South,1.7,12.8,14,1.1,1.0,0,1,2,0
CUST_002854,30,Standard,36-45,West,15.5,32.8,5,3.8,1.0,1,0,1,0
CUST_002855,1,Basic,26-35,West,21.9,25.6,12,1.3,1.0,2,1,1,0
CUST_002856,8,Basic,46-55,West,12.0,13.4,10,1.0,1.0,1,0,0,0
CUST_002857,2,Standard,36-45,West,2.6,56.5,7,3.2,1.0,1,1,2,0
CUST_002858,1,Standard,26-35,South,8.0,49.6,10,6.7,1.0,0,0,1,0
CUST_002859,1,Basic,18-25,North,2.0,9.9,6,1.5,6.0,2,0,0,1
CUST_002860,2,Basic,36-45,East,6.2,20.4,4,4.3,2.0,0,0,3,0
CUST_002861,24,Basic,36-45,West,1.6,11.5,1,19.5,3.0,0,1,1,1
CUST_002862,3,Premium,26-35,South,13.2,,14,0.1,0.0,1,0,0,0
CUST_002863,36,Standard,26-35,East,14.3,38.6,5,1.2,1.0,1,0,0,0
CUST_002864,10,Basic,26-35,North,5.4,21.5,4,30.9,3.0,0,0,0,1
CUST_002865,6,Standard,18-25,South,2.8,10.3,2,15.2,0.0,2,0,0,1
CUST_002866,10,Standard,36-45,South,9.4,36.1,11,2.1,1.0,0,0,0,0
CUST_002867,8,Basic,46-55,South,,32.3,3,7.3,1.0,2,1,1,1
CUST_002868,17,Basic,36-45,West,13.9,47.9,12,1.6,2.0,0,0,0,0
CUST_002869,3,Standard,46-55,North,12.2,48.4,7,1.3,,0,1,0,0
CUST_002870,5,Standard,18-25,West,5.3,13.3,1,13.2,0.0,2,0,0,1
CUST_002871,26,Standard,26-35,North,18.2,31.9,5,1.7,2.0,1,0,1,0
CUST_002872,35,Premium,36-45,West,15.4,70.4,12,4.2,0.0,1,1,1,0
CUST_002873,26,Basic,36-45,East,6.0,60.1,9,4.6,1.0,1,0,0,0
CUST_002874,6,Basic,36-45,East,5.8,55.9,8,11.3,2.0,0,1,1,0
CUST_002875,18,Premium,46-55,North,9.4,12.1,15,2.1,2.0,0,0,0,0
CUST_002876,7,Basic,36-45,East,10.6,31.4,4,0.6,1.0,0,0,0,0
CUST_002877,8,Standard,18-25,West,3.7,40.1,9,2.8,,0,0,1,0
CUST_002878,2,Standard,36-45,North,4.4,117.6,6,0.1,1.0,1,0,1,0
CUST_002879,10,Standard,46-55,North,1.4,7.6,3,3.9,0.0,2,0,0,1
CUST_002880,2,Basic,56+,South,1.8,11.5,3,11.8,3.0,0,0,1,1
CUST_002881,4,Standard,36-45,North,3.6,18.9,2,9.2,1.0,2,0,0,1
CUST_002882,23,Standard,36-45,North,24.0,11.3,12,0.2,2.0,0,0,2,0
CUST_002883,2,Standard,36-45,East,2.7,17.4,7,2.2,3.0,0,0,0,0
CUST_002884,1,Basic,46-55,North,17.4,26.1,8,0.1,1.0,0,0,0,0
CUST_002885,1,Basic,56+,East,4.6,19.3,8,4.6,1.0,0,0,1,0
CUST_002886,33,Basic,46-55,West,16.2,64.6,8,8.2,3.0,0,1,1,0
CUST_002887,8,Basic,36-45,East,6.2,16.4,7,0.9,1.0,0,0,1,0
CUST_002888,6,Basic,18-25,North,10.0,51.3,11,3.8,2.0,1,0,0,0
CUST_002889,19,Premium,46-55,East,15.3,15.3,8,1.7,0.0,0,1,0,0
CUST_002890,21,Standard,46-55,South,6.9,,10,1.1,1.0,1,0,1,0
CUST_002891,4,Standard,46-55,South,6.7,42.2,9,1.5,2.0,1,0,2,0
CUST_002892,14,Standard,18-25,South,21.3,25.3,9,0.1,2.0,0,0,0,0
CUST_002893,17,Basic,36-45,West,8.6,1.5,7,0.5,3.0,0,0,1,0
CUST_002894,12,Premium,26-35,East,9.3,31.7,16,0.8,1.0,0,0,1,0
CUST_002895,1,Basic,46-55,North,30.0,53.2,7,1.0,1.0,0,0,0,0
CUST_002896,25,Basic,26-35,South,30.0,33.1,7,0.9,2.0,0,0,1,0
CUST_002897,9,Basic,36-45,South,30.0,52.6,7,1.4,2.0,0,0,0,0
CUST_002898,3,Premium,26-35,West,1.6,32.2,6,9.9,9.0,4,1,1,1
CUST_002899,6,Premium,18-25,West,,30.6,15,1.6,0.0,0,0,1,0
CUST_002900,1,Basic,36-45,South,9.9,42.7,9,1.0,1.0,1,0,0,0
CUST_002901,1,Premium,18-25,South,33.2,62.6,4,4.8,0.0,0,0,0,0
CUST_002902,17,Basic,36-45,East,4.0,7.6,6,15.1,4.0,2,1,0,1
CUST_002903,1,Basic,56+,South,19.8,36.5,7,1.2,0.0,1,0,1,0
CUST_002904,6,Standard,56+,North,20.8,28.5,10,5.2,1.0,2,1,1,0
CUST_002905,8,Premium,26-35,East,3.4,23.8,4,20.2,,0,1,0,1
CUST_002906,1,Standard,46-55,South,7.0,31.9,13,1.2,0.0,0,0,0,0
CUST_002907,43,Standard,26-35,East,1.4,46.1,6,0.3,1.0,0,0,0,0
CUST_002908,3,Standard,56+,South,2.9,31.4,7,1.6,1.0,0,0,0,0
CUST_002909,4,Standard,46-55,East,3.7,34.4,14,0.5,0.0,0,0,0,0
CUST_002910,4,Premium,18-25,East,1.6,10.0,2,1.4,3.0,2,0,0,1
CUST_002911,3,Standard,26-35,East,4.9,20.2,3,6.3,7.0,4,0,0,1
CUST_002912,1,Premium,26-35,East,1.5,17.6,3,4.1,0.0,2,0,2,1
CUST_002913,15,Premium,46-55,South,25.4,75.0,11,3.8,1.0,2,0,0,0
CUST_002914,40,Basic,26-35,North,22.2,,8,1.6,2.0,1,0,0,0
CUST_002915,3,Standard,36-45,North,10.0,27.2,3,55.9,0.0,0,0,1,1
CUST_002916,13,Basic,36-45,North,12.9,22.8,11,2.7,1.0,1,1,0,0
CUST_002917,16,Basic,56+,North,0.2,51.7,7,1.2,2.0,0,1,0,0
CUST_002918,22,Standard,56+,East,15.2,55.5,10,0.7,1.0,0,1,0,0
CUST_002919,6,Basic,26-35,South,16.3,26.2,3,1.1,1.0,1,0,0,0
CUST_002920,4,Standard,46-55,North,3.6,26.2,8,0.8,2.0,0,0,0,0
CUST_002921,4,Premium,46-55,West,20.4,42.6,8,2.1,4.0,0,0,1,0
CUST_002922,14,Basic,46-55,East,5.4,30.6,1,11.0,4.0,2,1,1,1
CUST_002923,20,Basic,18-25,South,6.1,33.7,9,1.6,0.0,0,1,2,0
CUST_002924,2,Premium,26-35,North,16.1,80.9,4,1.2,0.0,0,0,0,0
CUST_002925,5,Basic,26-35,North,19.7,18.3,8,2.0,2.0,0,0,1,0
CUST_002926,27,Basic,26-35,South,2.3,20.8,3,2.8,6.0,2,0,1,1
CUST_002927,19,Basic,26-35,West,4.6,33.7,10,0.1,2.0,1,0,0,0
CUST_002928,50,Standard,36-45,North,10.6,11.8,9,1.2,2.0,0,0,1,0
CUST_002929,16,Standard,36-45,East,6.1,21.7,8,1.2,2.0,0,0,1,0
CUST_002930,5,Standard,36-45,West,1.5,31.8,4,7.4,0.0,2,0,0,1
CUST_002931,10,Basic,36-45,East,16.6,5.6,6,0.6,1.0,0,0,1,0
CUST_002932,12,Standard,18-25,South,11.0,12.7,12,0.2,1.0,1,0,0,0
CUST_002933,1,Standard,46-55,East,1.0,22.3,7,0.1,2.0,0,1,0,0
CUST_002934,9,Basic,56+,West,14.4,15.5,10,0.4,5.0,1,1,0,0
CUST_002935,14,Standard,36-45,East,13.3,54.1,7,0.1,0.0,0,0,0,0
CUST_002936,2,Standard,46-55,West,9.9,98.9,3,4.4,0.0,0,0,1,0
CUST_002937,18,Standard,18-25,East,3.4,9.2,5,18.5,,2,0,0,1
CUST_002938,10,Basic,46-55,West,6.3,53.6,9,0.5,6.0,0,0,0,0
CUST_002939,36,Basic,18-25,West,12.9,16.1,11,0.3,1.0,1,0,0,0
CUST_002940,1,Basic,26-35,East,2.3,6.6,5,2.9,2.0,0,0,2,0
CUST_002941,3,Basic,26-35,East,11.4,26.0,5,1.2,2.0,0,0,0,0
CUST_002942,11,Standard,36-45,East,13.2,8.0,7,2.8,2.0,1,1,0,0
CUST_002943,4,Basic,26-35,West,16.1,55.4,15,3.9,0.0,1,0,0,0
CUST_002944,15,Standard,36-45,West,4.5,49.5,8,9.0,2.0,0,1,1,0
CUST_002945,17,Basic,26-35,North,5.4,37.3,9,6.7,1.0,0,0,0,0
CUST_002946,1,Basic,46-55,East,12.7,12.3,3,0.3,1.0,0,1,0,0
CUST_002947,8,Standard,36-45,West,4.4,47.3,6,0.1,2.0,0,0,0,0
CUST_002948,8,Basic,26-35,East,2.4,92.9,8,0.2,2.0,1,0,0,0
CUST_002949,5,Premium,26-35,East,,58.4,14,3.3,1.0,0,1,0,0
CUST_002950,32,Basic,46-55,North,26.2,12.4,11,1.8,2.0,0,0,2,0
CUST_002951,21,Basic,26-35,South,8.8,19.3,6,0.8,2.0,0,0,0,0
CUST_002952,14,Standard,36-45,West,0.6,13.8,8,3.1,1.0,2,0,1,1
CUST_002953,15,Standard,36-45,West,4.8,12.8,2,9.5,1.0,2,0,1,1
CUST_002954,7,Basic,26-35,North,6.8,15.7,7,2.4,0.0,0,0,1,0
CUST_002955,30,Basic,26-35,East,3.2,34.3,8,4.2,0.0,0,0,0,0
CUST_002956,14,Standard,36-45,West,2.7,27.9,4,13.6,0.0,2,1,0,1
CUST_002957,15,Premium,26-35,West,33.2,30.0,15,3.2,0.0,0,0,1,0
CUST_002958,23,Premium,26-35,East,2.6,,2,1.2,7.0,2,0,0,1
CUST_002959,3,Basic,18-25,North,24.0,46.8,6,0.7,1.0,0,0,0,0
CUST_002960,19,Premium,26-35,East,12.4,5.0,18,0.9,2.0,0,0,0,0
CUST_002961,2,Basic,26-35,West,6.2,20.9,7,0.3,0.0,0,0,0,0
CUST_002962,5,Basic,56+,East,6.5,28.7,12,6.2,2.0,0,0,1,0
CUST_002963,4,Standard,36-45,West,6.9,28.4,11,1.7,1.0,0,0,1,0
CUST_002964,46,Basic,46-55,South,23.3,20.1,4,1.0,5.0,2,0,1,0
CUST_002965,23,Basic,18-25,West,0.4,13.6,3,0.0,3.0,2,0,0,1
CUST_002966,14,Basic,18-25,West,3.1,9.3,4,34.3,0.0,0,0,1,1
CUST_002967,15,Basic,46-55,East,3.4,5.8,3,10.6,4.0,2,0,0,1
CUST_002968,9,Standard,36-45,West,6.6,15.1,6,28.4,0.0,4,1,0,1
CUST_002969,35,Standard,26-35,West,8.0,23.2,8,0.6,2.0,0,0,0,0
CUST_002970,8,Basic,26-35,West,8.6,46.7,8,0.1,1.0,1,1,0,0
CUST_002971,5,Standard,36-45,East,24.8,13.6,4,1.4,1.0,1,0,1,0
CUST_002972,2,Premium,46-55,East,13.1,46.3,8,0.9,2.0,0,1,0,0
CUST_002973,18,Standard,18-25,South,2.9,16.9,3,27.8,1.0,0,0,1,1
CUST_002974,15,Basic,36-45,South,8.5,16.2,5,0.1,4.0,0,0,2,0
CUST_002975,5,Premium,46-55,East,13.4,37.3,23,0.3,1.0,1,0,1,0
CUST_002976,1,Standard,56+,East,2.3,26.2,6,0.2,1.0,0,1,1,0
CUST_002977,21,Basic,46-55,North,17.6,27.2,5,5.5,0.0,0,0,0,0
CUST_002978,1,Basic,26-35,West,11.2,25.5,6,1.7,2.0,0,0,0,0
CUST_002979,14,Basic,46-55,East,3.7,24.7,5,2.1,2.0,0,1,0,0
CUST_002980,42,Standard,46-55,East,5.4,14.6,5,1.8,1.0,4,0,1,1
CUST_002981,6,Basic,46-55,South,0.9,18.8,2,0.9,1.0,2,0,0,1
CUST_002982,3,Standard,46-55,North,11.9,,10,3.5,0.0,1,0,1,0
CUST_002983,14,Basic,56+,West,13.7,24.8,5,7.8,0.0,0,1,0,0
CUST_002984,20,Premium,18-25,South,43.8,55.4,8,5.3,1.0,1,0,0,0
CUST_002985,9,Basic,18-25,East,3.7,20.9,4,4.0,1.0,0,1,1,0
CUST_002986,40,Premium,46-55,East,13.0,54.5,2,1.4,1.0,0,0,0,0
CUST_002987,1,Premium,26-35,East,11.3,25.3,9,7.9,2.0,0,0,0,0
CUST_002988,8,Basic,18-25,East,5.0,61.7,9,7.8,0.0,0,0,0,0
CUST_002989,15,Basic,26-35,North,1.9,8.9,4,6.3,3.0,2,0,0,1
CUST_002990,23,Basic,46-55,South,7.3,36.7,7,1.5,2.0,0,1,0,0
CUST_002991,2,Premium,18-25,East,13.6,12.8,8,3.8,1.0,1,0,0,0
CUST_002992,19,Standard,36-45,West,5.5,36.4,13,2.5,1.0,0,0,0,0
CUST_002993,9,Basic,18-25,South,10.8,18.9,8,1.3,1.0,0,1,1,0
CUST_002994,6,Basic,18-25,North,8.1,39.7,4,2.4,1.0,1,0,0,0
CUST_002995,1,Basic,26-35,North,3.5,39.6,8,0.7,,1,0,0,0
CUST_002996,24,Premium,18-25,East,22.3,47.6,16,3.3,1.0,1,0,0,0
CUST_002997,2,Standard,46-55,South,14.1,29.6,11,7.2,2.0,0,0,2,0
CUST_002998,4,Premium,46-55,North,,26.9,9,2.3,0.0,1,0,1,0
CUST_002999,4,Basic,46-55,East,0.6,33.5,6,1.2,2.0,0,0,1,0
CUST_003000,24,Basic,26-35,North,0.9,34.2,3,19.8,4.0,2,0,0,1
CUST_003001,13,Premium,36-45,East,27.2,17.9,5,3.0,1.0,0,0,0,0
CUST_003002,19,Basic,26-35,South,25.3,15.9,7,2.2,1.0,0,0,0,0
CUST_003003,3,Premium,26-35,West,25.4,20.6,7,1.6,5.0,1,0,0,0
CUST_003004,11,Basic,36-45,North,4.3,9.2,7,2.4,3.0,0,0,1,0
CUST_003005,10,Basic,46-55,South,14.3,38.1,11,2.1,1.0,1,0,1,0
CUST_003006,21,Standard,18-25,West,13.2,16.5,11,5.1,0.0,0,1,1,0
CUST_003007,28,Premium,26-35,South,20.0,54.5,9,6.8,0.0,1,0,0,0
CUST_003008,1,Premium,56+,East,11.7,25.0,18,4.6,,0,0,0,0
CUST_003009,13,Basic,26-35,South,,19.8,9,1.2,2.0,0,0,0,0
CUST_003010,1,Basic,56+,North,2.0,48.3,16,2.8,1.0,1,0,0,0
CUST_003011,9,Standard,56+,East,30.0,15.1,7,7.8,0.0,1,1,2,0
CUST_003012,4,Standard,36-45,West,0.9,8.1,4,16.4,0.0,4,0,1,1
CUST_003013,4,Standard,26-35,South,2.7,45.9,3,14.4,7.0,4,0,0,1
CUST_003014,5,Basic,46-55,East,30.0,22.6,6,1.1,2.0,1,0,2,0
CUST_003015,11,Premium,26-35,East,9.8,25.7,22,3.1,0.0,0,0,0,0
CUST_003016,4,Standard,26-35,South,7.3,27.4,11,2.4,1.0,1,1,0,0
CUST_003017,15,Standard,46-55,East,8.2,11.3,8,1.9,3.0,0,0,0,0
CUST_003018,6,Standard,26-35,South,4.6,6.3,4,28.8,3.0,0,0,0,1
CUST_003019,1,Basic,26-35,South,3.2,47.0,4,1.3,1.0,0,1,1,0
CUST_003020,18,Premium,36-45,South,19.3,17.3,9,0.8,0.0,1,1,1,0
CUST_003021,4,Standard,46-55,West,12.4,31.5,3,2.5,1.0,1,0,1,0
CUST_003022,6,Premium,18-25,South,11.3,45.5,11,0.3,0.0,2,1,1,0
CUST_003023,13,Premium,26-35,East,17.3,25.0,11,4.0,1.0,1,0,0,0
CUST_003024,4,Standard,26-35,North,4.0,3.4,7,0.0,2.0,0,1,1,0
CUST_003025,1,Standard,26-35,South,22.2,26.3,6,0.6,2.0,1,0,1,0
CUST_003026,5,Basic,46-55,East,30.0,17.0,7,12.3,3.0,0,0,0,0
CUST_003027,34,Basic,46-55,West,5.7,68.0,8,0.5,0.0,0,0,1,0
CUST_003028,12,Basic,36-45,South,8.6,16.6,13,0.1,2.0,1,1,1,0
CUST_003029,13,Basic,18-25,South,1.6,20.9,5,1.6,1.0,4,1,0,1
CUST_003030,12,Basic,18-25,West,13.4,10.6,10,0.9,2.0,0,1,0,0
CUST_003031,2,Basic,26-35,North,5.7,33.3,14,0.3,1.0,0,0,2,0
CUST_003032,6,Basic,26-35,East,2.9,16.0,4,2.0,3.0,4,0,0,1
CUST_003033,16,Basic,18-25,East,,48.6,8,2.0,1.0,0,0,0,0
CUST_003034,1,Basic,26-35,East,9.8,25.3,7,1.6,1.0,0,0,0,0
CUST_003035,3,Basic,18-25,West,4.2,11.0,9,0.3,1.0,0,1,1,0
CUST_003036,3,Standard,46-55,East,0.5,9.6,6,2.3,3.0,2,1,1,1
CUST_003037,6,Standard,46-55,South,6.0,71.5,5,3.5,0.0,0,0,0,0
CUST_003038,47,Basic,36-45,South,1.9,20.4,13,1.7,2.0,0,0,1,0
CUST_003039,1,Standard,18-25,South,15.0,2.6,6,1.0,0.0,0,0,0,0
CUST_003040,8,Standard,46-55,North,7.1,22.3,5,0.4,1.0,0,1,0,0
CUST_003041,2,Basic,56+,West,5.4,19.4,13,1.4,1.0,0,0,0,0
CUST_003042,42,Standard,26-35,North,2.1,7.8,2,9.0,4.0,0,0,0,1
CUST_003043,1,Premium,46-55,East,15.0,26.7,9,1.6,1.0,0,0,2,0
CUST_003044,6,Standard,46-55,East,6.6,43.1,12,2.0,1.0,0,1,0,0
CUST_003045,16,Basic,36-45,West,14.8,23.6,8,4.1,2.0,0,0,1,0
CUST_003046,14,Standard,26-35,East,7.0,11.2,6,0.5,0.0,0,0,2,0
CUST_003047,6,Basic,36-45,East,14.5,16.1,7,6.5,3.0,0,0,2,0
CUST_003048,5,Standard,36-45,South,2.7,22.6,2,12.6,4.0,2,0,4,1
CUST_003049,6,Premium,26-35,East,14.7,40.5,15,1.6,1.0,1,1,0,0
CUST_003050,3,Standard,56+,South,1.3,16.3,4,7.5,6.0,0,1,0,1
CUST_003051,2,Premium,46-55,West,11.3,48.3,8,2.0,4.0,1,0,2,0
CUST_003052,7,Basic,26-35,North,22.9,16.3,7,0.3,1.0,1,0,0,0
CUST_003053,3,Premium,36-45,South,4.2,67.0,9,0.4,1.0,1,0,2,0
CUST_003054,4,Standard,36-45,South,12.1,63.7,11,0.1,1.0,1,0,0,0
CUST_003055,12,Basic,18-25,West,23.2,24.7,4,0.1,2.0,0,0,0,0
CUST_003056,41,Standard,26-35,East,2.3,36.0,2,20.7,3.0,4,0,0,1
CUST_003057,11,Basic,56+,North,6.3,36.9,9,0.5,2.0,1,0,1,0
CUST_003058,1,Basic,36-45,North,4.5,18.7,6,0.5,2.0,0,1,0,0
CUST_003059,1,Standard,26-35,South,14.3,8.0,5,4.1,2.0,0,0,2,0
CUST_003060,36,Basic,18-25,South,15.1,28.7,5,2.8,0.0,0,0,0,0
CUST_003061,4,Standard,36-45,East,19.4,15.7,6,5.9,0.0,0,1,1,0
CUST_003062,1,Basic,36-45,South,24.6,38.0,9,4.0,1.0,0,1,0,0
CUST_003063,10,Basic,26-35,East,,17.9,9,3.6,,0,1,1,0
CUST_003064,11,Premium,36-45,South,22.3,25.8,8,3.0,4.0,0,0,0,0
CUST_003065,12,Basic,18-25,West,20.3,40.4,6,0.5,1.0,2,0,1,0
CUST_003066,3,Standard,18-25,South,18.1,21.0,10,3.8,0.0,0,0,1,0
CUST_003067,1,Standard,36-45,East,4.0,6.9,9,3.0,3.0,0,0,0,0
CUST_003068,40,Standard,18-25,East,14.4,30.4,10,2.5,0.0,0,0,0,0
CUST_003069,3,Premium,46-55,South,21.8,83.0,9,4.1,1.0,1,0,0,0
CUST_003070,13,Standard,18-25,South,6.3,17.3,9,0.4,0.0,0,0,3,0
CUST_003071,14,Basic,36-45,South,9.9,22.0,4,4.1,0.0,0,1,0,0
CUST_003072,11,Premium,26-35,North,0.6,26.0,7,12.4,1.0,2,1,3,1
CUST_003073,4,Basic,26-35,South,11.9,27.6,6,0.6,2.0,0,0,0,0
CUST_003074,3,Standard,46-55,South,7.6,48.6,6,3.6,1.0,0,1,0,0
CUST_003075,10,Premium,36-45,North,13.2,71.4,19,6.7,2.0,0,1,2,0
CUST_003076,24,Standard,46-55,South,7.9,32.9,7,0.4,1.0,0,0,1,0
CUST_003077,35,Standard,36-45,South,7.3,24.6,12,3.8,1.0,0,1,0,0
CUST_003078,1,Standard,36-45,North,2.7,21.0,6,3.2,1.0,0,0,1,0
CUST_003079,2,Standard,46-55,North,2.6,14.7,5,1.5,3.0,5,1,0,1
CUST_003080,34,Premium,36-45,East,17.5,68.9,11,1.0,1.0,0,1,2,0
CUST_003081,16,Basic,36-45,East,18.9,14.1,8,10.7,3.0,0,0,1,0
CUST_003082,25,Basic,46-55,West,4.0,51.5,5,1.4,1.0,0,0,1,0
CUST_003083,2,Basic,56+,North,5.2,12.8,5,19.9,1.0,2,0,0,1
CUST_003084,10,Standard,26-35,North,8.4,60.0,7,1.1,1.0,0,0,0,0
CUST_003085,14,Basic,36-45,North,18.0,11.8,6,0.3,3.0,1,0,1,0
CUST_003086,13,Basic,18-25,East,7.6,52.3,4,5.0,2.0,0,0,1,0
CUST_003087,6,Basic,26-35,East,22.7,26.2,7,6.3,0.0,2,0,1,0
CUST_003088,1,Premium,26-35,South,10.4,87.8,15,0.7,0.0,1,0,0,0
CUST_003089,10,Standard,46-55,West,,8.2,3,3.4,3.0,2,0,2,1
CUST_003090,3,Basic,36-45,East,2.2,28.6,4,2.4,4.0,2,0,0,1
CUST_003091,7,Basic,46-55,West,13.7,33.6,4,7.1,1.0,0,0,0,0
CUST_003092,37,Basic,18-25,North,21.1,36.6,8,1.0,1.0,1,0,1,0
CUST_003093,6,Basic,36-45,North,2.9,15.6,4,7.0,0.0,4,0,1,1
CUST_003094,21,Basic,56+,South,3.4,16.4,2,6.4,1.0,2,0,0,1
CUST_003095,2,Premium,26-35,North,6.5,27.3,12,1.1,1.0,0,0,0,0
CUST_003096,13,Premium,18-25,West,1.5,3.7,4,2.9,4.0,2,0,0,1
CUST_003097,45,Basic,26-35,South,4.8,26.7,4,1.3,3.0,0,0,0,0
CUST_003098,1,Basic,46-55,East,6.5,40.5,3,1.2,2.0,1,1,1,0
CUST_003099,1,Basic,36-45,South,,57.6,11,1.4,1.0,0,0,0,0
CUST_003100,6,Basic,36-45,North,4.5,21.4,11,1.1,0.0,0,0,0,0
CUST_003101,1,Basic,36-45,North,6.8,6.8,7,3.7,2.0,0,1,1,0
CUST_003102,16,Basic,26-35,South,4.6,3.2,3,3.8,1.0,4,0,0,1
CUST_003103,29,Basic,46-55,East,3.3,24.9,12,0.4,2.0,0,0,0,0
CUST_003104,6,Standard,26-35,West,12.7,20.3,11,6.1,0.0,1,0,2,0
CUST_003105,3,Standard,26-35,East,3.3,4.2,2,4.3,3.0,2,1,0,1
CUST_003106,6,Standard,36-45,East,5.4,58.5,14,0.8,1.0,1,0,0,0
CUST_003107,15,Basic,46-55,North,20.2,30.9,1,8.5,1.0,0,0,0,0
CUST_003108,1,Premium,46-55,West,32.8,21.1,16,0.3,,2,0,0,0
CUST_003109,10,Premium,46-55,North,5.7,20.0,12,0.9,3.0,0,1,0,0
CUST_003110,11,Basic,26-35,West,14.5,,3,1.3,,1,0,1,0
CUST_003111,12,Basic,18-25,East,26.6,66.5,7,1.7,1.0,0,0,0,0
CUST_003112,3,Standard,26-35,North,3.7,29.2,3,7.7,4.0,2,1,0,1
CUST_003113,15,Basic,46-55,South,10.1,48.1,4,7.7,0.0,0,0,0,0
CUST_003114,1,Basic,46-55,West,8.5,24.4,7,1.7,1.0,1,0,0,0
CUST_003115,2,Standard,56+,South,14.7,4.1,7,0.9,1.0,0,1,0,0
CUST_003116,25,Standard,18-25,South,4.7,18.0,9,1.7,1.0,0,0,1,0
CUST_003117,16,Basic,36-45,North,4.7,62.3,11,1.4,1.0,0,0,3,0
CUST_003118,1,Standard,36-45,East,5.0,19.0,6,4.1,2.0,0,0,0,0
CUST_003119,3,Premium,46-55,North,5.7,18.1,12,0.6,2.0,0,1,0,0
CUST_003120,2,Basic,36-45,West,3.8,16.3,8,5.2,3.0,0,0,2,0
CUST_003121,3,Standard,46-55,West,3.8,14.8,4,22.7,1.0,0,1,0,1
CUST_003122,3,Basic,26-35,West,6.1,22.4,8,1.7,3.0,0,0,1,0
CUST_003123,1,Basic,26-35,North,10.8,10.0,7,4.6,1.0,0,0,1,0
CUST_003124,7,Standard,26-35,East,4.8,35.0,11,6.1,3.0,0,1,0,0
CUST_003125,15,Basic,18-25,North,10.6,27.5,10,0.7,1.0,1,0,1,0
CUST_003126,11,Basic,26-35,East,8.2,21.4,7,1.3,2.0,0,1,0,0
CUST_003127,13,Basic,18-25,West,26.5,29.3,9,2.2,2.0,1,1,1,0
CUST_003128,1,Standard,26-35,East,7.9,53.8,13,0.7,2.0,1,0,1,0
CUST_003129,36,Standard,36-45,West,11.3,23.4,16,0.2,0.0,0,0,0,0
CUST_003130,21,Basic,46-55,West,1.7,22.4,2,8.0,6.0,2,0,1,1
CUST_003131,19,Standard,46-55,South,2.0,11.1,2,0.2,1.0,2,1,0,1
CUST_003132,20,Basic,26-35,East,23.5,14.6,5,1.5,0.0,1,0,1,0
CUST_003133,32,Standard,18-25,North,6.3,19.5,3,22.8,3.0,5,0,0,1
CUST_003134,9,Basic,26-35,South,11.3,7.3,6,1.2,2.0,0,0,0,0
CUST_003135,2,Standard,56+,North,7.8,17.0,5,0.1,,0,0,0,0
CUST_003136,11,Premium,36-45,West,13.2,29.5,12,4.4,2.0,0,0,0,0
CUST_003137,16,Premium,26-35,South,11.1,25.7,8,0.0,5.0,0,0,0,0
CUST_003138,16,Basic,46-55,East,12.5,48.5,5,0.6,4.0,0,1,1,0
CUST_003139,8,Premium,26-35,East,12.6,26.8,8,0.0,1.0,0,0,0,0
CUST_003140,1,Basic,46-55,West,14.3,54.8,8,0.6,0.0,0,0,0,0
CUST_003141,5,Premium,26-35,East,6.2,33.2,14,10.4,2.0,0,0,1,0
CUST_003142,30,Basic,26-35,South,8.1,9.0,8,0.8,0.0,1,0,1,0
CUST_003143,10,Basic,36-45,East,,23.4,7,1.6,1.0,0,0,3,0
CUST_003144,9,Basic,46-55,East,17.2,13.3,7,3.0,1.0,0,0,0,0
CUST_003145,3,Basic,46-55,East,11.9,3.9,6,2.4,0.0,0,1,0,0
CUST_003146,5,Standard,36-45,North,1.1,21.5,4,1.0,1.0,4,0,0,1
CUST_003147,27,Premium,26-35,South,16.8,7.0,12,0.3,5.0,0,0,0,0
CUST_003148,13,Standard,26-35,West,7.4,5.0,9,1.7,1.0,0,0,0,0
CUST_003149,18,Standard,56+,South,8.8,48.2,1,3.5,3.0,5,0,0,1
CUST_003150,7,Standard,36-45,South,16.2,46.3,9,0.3,1.0,1,0,1,0
CUST_003151,11,Basic,46-55,North,20.6,16.0,8,0.8,2.0,0,1,0,0
CUST_003152,3,Basic,26-35,North,14.6,17.3,5,1.7,0.0,1,1,1,0
CUST_003153,14,Basic,36-45,North,7.8,30.1,3,9.1,0.0,0,1,0,0
CUST_003154,6,Basic,26-35,East,10.0,18.2,8,0.3,1.0,0,0,0,0
CUST_003155,7,Basic,46-55,West,2.7,7.5,4,10.6,4.0,0,0,0,1
CUST_003156,12,Basic,46-55,South,3.4,6.6,1,11.9,3.0,2,0,1,1
CUST_003157,33,Basic,36-45,South,13.2,24.3,9,2.4,0.0,0,1,0,0
CUST_003158,1,Basic,36-45,East,1.4,5.7,6,8.2,3.0,4,0,1,1
CUST_003159,20,Premium,26-35,South,16.8,77.1,15,4.7,2.0,0,0,2,0
CUST_003160,4,Basic,26-35,West,12.4,29.9,3,4.9,1.0,0,0,1,0
CUST_003161,7,Standard,56+,South,,61.7,6,1.1,2.0,0,0,0,0
CUST_003162,1,Standard,26-35,South,2.6,27.8,4,7.2,4.0,2,0,2,1
CUST_003163,4,Standard,46-55,East,22.9,,9,0.1,0.0,0,0,0,0
CUST_003164,8,Basic,46-55,West,12.4,6.7,7,1.4,0.0,0,0,2,0
CUST_003165,1,Basic,46-55,East,8.3,7.5,2,17.5,1.0,2,0,0,1
CUST_003166,8,Basic,56+,North,1.4,22.5,7,7.9,1.0,2,0,1,1
CUST_003167,31,Basic,36-45,North,1.9,29.2,9,0.6,1.0,0,0,1,0
CUST_003168,1,Basic,46-55,West,1.3,17.0,3,10.1,1.0,2,1,1,1
CUST_003169,17,Standard,26-35,West,8.9,25.4,14,2.4,1.0,1,0,0,0
CUST_003170,6,Standard,36-45,North,14.0,8.0,7,3.7,2.0,0,0,0,0
CUST_003171,12,Standard,46-55,West,6.5,31.3,6,4.2,2.0,0,0,0,0
CUST_003172,3,Basic,26-35,East,3.4,14.3,3,0.4,3.0,4,1,0,1
CUST_003173,2,Basic,46-55,East,1.1,20.4,11,0.8,1.0,0,1,0,0
CUST_003174,2,Standard,46-55,North,6.8,44.6,8,4.3,0.0,1,0,0,0
CUST_003175,1,Basic,46-55,West,6.6,23.5,9,0.2,2.0,0,0,1,0
CUST_003176,2,Standard,26-35,North,4.1,25.1,10,1.3,0.0,0,0,0,0
CUST_003177,13,Standard,36-45,East,,85.3,6,0.2,1.0,0,0,1,0
CUST_003178,25,Basic,26-35,North,20.6,18.1,10,0.7,4.0,0,1,1,0
CUST_003179,20,Basic,46-55,West,9.5,26.3,16,0.0,2.0,1,0,0,0
CUST_003180,13,Basic,36-45,North,8.5,37.7,7,0.1,0.0,0,0,0,0
CUST_003181,1,Basic,36-45,North,5.4,32.5,10,6.1,1.0,0,0,0,0
CUST_003182,4,Basic,26-35,South,5.4,11.2,5,3.0,6.0,2,1,0,1
CUST_003183,4,Basic,26-35,North,30.0,,8,0.6,1.0,0,1,3,0
CUST_003184,3,Basic,26-35,South,13.4,19.6,11,2.4,4.0,0,1,2,0
CUST_003185,8,Standard,18-25,South,3.2,11.8,5,5.2,1.0,2,0,0,1
CUST_003186,9,Standard,36-45,West,7.2,42.9,10,1.5,1.0,0,1,1,0
CUST_003187,5,Basic,46-55,East,15.7,39.4,8,1.5,2.0,0,0,1,0
CUST_003188,5,Premium,18-25,East,45.0,18.5,4,0.9,0.0,1,0,0,0
CUST_003189,21,Premium,18-25,North,3.7,47.9,11,1.5,3.0,0,1,1,0
CUST_003190,18,Premium,36-45,South,11.9,20.4,14,4.4,1.0,1,1,1,0
CUST_003191,4,Standard,46-55,North,7.2,36.6,12,1.0,0.0,1,0,2,0
CUST_003192,29,Basic,26-35,West,15.6,68.0,3,0.3,1.0,0,1,1,0
CUST_003193,36,Basic,26-35,South,8.2,20.8,10,0.2,1.0,0,0,0,0
CUST_003194,4,Standard,26-35,West,17.0,20.1,6,1.4,2.0,0,0,0,0
CUST_003195,5,Standard,26-35,South,1.0,36.1,6,9.8,,4,0,0,1
CUST_003196,8,Standard,26-35,West,,18.6,6,1.3,2.0,0,0,1,0
CUST_003197,33,Premium,26-35,North,23.4,47.6,14,0.4,5.0,0,0,0,0
CUST_003198,25,Standard,46-55,North,0.8,,3,5.7,4.0,2,1,0,1
CUST_003199,1,Basic,36-45,East,11.6,34.1,9,2.5,1.0,1,0,0,0
CUST_003200,5,Basic,18-25,West,1.5,11.1,4,5.4,1.0,2,0,0,1
CUST_003201,9,Basic,36-45,East,7.2,20.2,10,2.1,1.0,1,0,1,0
CUST_003202,8,Standard,36-45,North,3.4,19.9,4,19.0,6.0,4,0,1,1
CUST_003203,2,Standard,56+,East,3.2,18.3,8,5.8,0.0,0,1,1,0
CUST_003204,23,Standard,26-35,West,8.9,35.0,10,1.2,2.0,0,0,1,0
CUST_003205,13,Standard,46-55,North,6.7,31.3,11,2.2,1.0,1,0,0,0
CUST_003206,21,Premium,46-55,North,8.2,35.0,16,2.2,1.0,0,1,2,0
CUST_003207,23,Standard,26-35,West,25.2,31.0,10,4.0,4.0,1,1,0,0
CUST_003208,16,Standard,56+,West,15.7,22.7,9,1.3,0.0,1,0,0,0
CUST_003209,6,Basic,36-45,East,10.8,22.5,6,3.9,0.0,0,1,0,0
CUST_003210,11,Premium,36-45,West,9.5,18.1,8,1.4,2.0,0,0,0,0
CUST_003211,2,Standard,18-25,North,1.0,13.3,3,14.2,1.0,0,0,0,1
CUST_003212,13,Basic,26-35,East,4.6,9.5,12,0.9,1.0,1,0,2,0
CUST_003213,2,Basic,36-45,East,,60.8,6,1.1,0.0,1,0,1,0
CUST_003214,14,Premium,26-35,East,35.0,26.8,12,1.5,2.0,0,0,1,0
CUST_003215,3,Basic,36-45,West,1.8,16.3,11,1.3,2.0,0,0,1,0
CUST_003216,1,Basic,26-35,West,6.1,14.8,12,9.4,1.0,0,0,1,0
CUST_003217,2,Basic,36-45,South,11.8,20.2,4,2.6,1.0,0,1,0,0
CUST_003218,1,Standard,36-45,North,9.2,61.0,10,1.0,2.0,1,0,1,0
CUST_003219,15,Standard,18-25,South,6.5,52.7,12,1.4,1.0,0,0,1,0
CUST_003220,15,Basic,36-45,East,4.1,8.4,8,1.8,1.0,0,1,0,0
CUST_003221,8,Basic,26-35,North,11.5,36.5,3,3.4,1.0,1,1,0,0
CUST_003222,2,Premium,26-35,West,10.6,24.7,4,1.6,0.0,1,1,0,0
CUST_003223,1,Standard,18-25,North,23.4,88.1,4,3.9,0.0,0,0,1,0
CUST_003224,1,Premium,26-35,North,12.4,63.2,15,5.5,0.0,0,0,0,0
CUST_003225,2,Basic,26-35,East,25.6,13.5,6,0.8,0.0,0,0,0,0
CUST_003226,26,Basic,56+,East,4.9,9.1,4,8.9,1.0,2,0,1,1
CUST_003227,3,Basic,26-35,South,5.8,60.7,4,1.7,1.0,1,1,0,0
CUST_003228,5,Standard,18-25,East,5.4,39.7,7,1.0,0.0,0,0,0,0
CUST_003229,1,Basic,18-25,South,8.0,35.2,10,2.8,2.0,0,1,0,0
CUST_003230,3,Basic,18-25,North,2.1,6.6,3,20.2,4.0,2,0,1,1
CUST_003231,8,Basic,36-45,North,3.8,14.3,7,5.3,1.0,0,1,1,0
CUST_003232,11,Basic,26-35,East,15.2,17.8,11,0.5,1.0,1,0,1,0
CUST_003233,3,Standard,36-45,South,11.1,38.1,9,0.9,0.0,0,0,1,0
CUST_003234,1,Basic,26-35,West,1.8,10.9,2,10.1,4.0,0,1,0,1
CUST_003235,5,Standard,46-55,East,12.8,9.6,2,4.3,0.0,0,0,0,0
CUST_003236,3,Premium,26-35,South,10.2,49.6,11,2.7,0.0,0,0,0,0
CUST_003237,2,Basic,36-45,South,11.2,18.8,8,1.4,0.0,0,1,0,0
CUST_003238,38,Standard,46-55,North,11.9,9.6,9,3.8,3.0,0,0,0,0
CUST_003239,11,Premium,26-35,East,7.4,57.5,5,1.3,1.0,1,0,0,0
CUST_003240,9,Premium,46-55,East,41.4,35.2,9,4.8,3.0,1,0,0,0
CUST_003241,6,Basic,36-45,West,5.0,14.7,5,5.0,1.0,0,0,0,0
CUST_003242,6,Basic,26-35,North,11.8,32.5,12,2.7,1.0,0,0,3,0
CUST_003243,9,Basic,36-45,South,4.5,13.7,5,1.9,3.0,0,0,1,0
CUST_003244,14,Standard,56+,North,7.1,17.4,12,1.7,0.0,0,0,0,0
CUST_003245,14,Standard,36-45,South,3.8,9.7,2,1.3,3.0,2,0,1,1
CUST_003246,2,Standard,56+,South,15.1,26.5,4,0.8,3.0,1,0,2,0
CUST_003247,8,Basic,26-35,West,9.6,37.9,9,2.0,1.0,1,1,1,0
CUST_003248,6,Basic,36-45,East,13.4,23.1,13,0.5,2.0,0,0,0,0
CUST_003249,24,Standard,56+,West,9.1,40.1,6,8.0,1.0,0,1,2,0
CUST_003250,11,Basic,26-35,South,18.0,13.6,8,0.7,0.0,1,1,0,0
CUST_003251,9,Standard,56+,North,6.0,21.5,2,28.5,1.0,2,0,0,1
CUST_003252,1,Basic,18-25,South,9.9,45.5,10,3.5,3.0,0,0,0,0
CUST_003253,11,Basic,56+,South,11.2,43.7,6,3.3,2.0,0,0,0,0
CUST_003254,1,Basic,26-35,East,1.2,7.2,3,0.5,0.0,4,0,0,1
CUST_003255,4,Basic,18-25,South,3.4,91.6,9,3.3,2.0,0,0,0,0
CUST_003256,1,Basic,46-55,West,10.1,20.8,5,1.8,2.0,0,1,0,0
CUST_003257,14,Basic,26-35,West,8.6,24.9,8,6.4,1.0,0,0,0,0
CUST_003258,2,Basic,18-25,South,16.7,6.7,6,0.8,3.0,1,0,0,0
CUST_003259,5,Basic,18-25,East,0.6,45.5,11,1.4,0.0,1,0,0,0
CUST_003260,27,Basic,36-45,East,8.3,31.5,7,3.3,0.0,0,1,1,0
CUST_003261,2,Standard,56+,North,1.3,24.8,5,28.8,6.0,0,1,0,1
CUST_003262,8,Basic,18-25,West,9.9,45.8,10,9.0,2.0,0,1,1,0
CUST_003263,6,Standard,36-45,North,10.7,15.0,7,0.5,1.0,1,1,0,0
CUST_003264,1,Standard,26-35,East,13.1,45.9,12,1.7,1.0,0,1,1,0
CUST_003265,18,Standard,46-55,South,3.6,35.6,6,1.5,4.0,0,0,0,0
CUST_003266,1,Premium,18-25,South,3.1,63.4,4,1.5,0.0,0,1,1,0
CUST_003267,7,Basic,26-35,South,12.3,48.8,5,3.2,1.0,0,1,0,0
CUST_003268,9,Standard,26-35,West,2.4,4.8,6,2.7,4.0,4,0,1,1
CUST_003269,11,Premium,36-45,North,6.7,41.3,8,2.9,2.0,0,0,0,0
CUST_003270,14,Premium,46-55,North,12.5,42.1,12,0.5,0.0,0,1,0,0
CUST_003271,3,Basic,36-45,South,2.8,19.8,5,5.5,0.0,0,0,0,0
CUST_003272,1,Basic,18-25,North,12.0,32.2,7,0.4,1.0,1,0,1,0
CUST_003273,15,Basic,36-45,East,3.2,14.2,10,1.4,2.0,0,1,0,0
CUST_003274,9,Standard,46-55,West,4.1,29.2,6,6.0,0.0,0,0,0,0
CUST_003275,21,Standard,18-25,West,6.0,10.0,10,1.8,3.0,0,1,0,0
CUST_003276,20,Basic,18-25,East,1.8,25.2,2,9.0,4.0,4,1,0,1
CUST_003277,22,Standard,26-35,West,14.6,20.5,9,4.3,2.0,0,0,0,0
CUST_003278,7,Standard,46-55,East,13.8,35.2,8,7.0,2.0,0,0,0,0
CUST_003279,4,Basic,36-45,West,8.9,36.9,7,2.6,2.0,1,1,0,0
CUST_003280,18,Premium,36-45,North,7.0,55.4,11,1.2,1.0,1,0,1,0
CUST_003281,7,Standard,26-35,South,,17.7,3,15.4,3.0,0,0,0,1
CUST_003282,2,Basic,26-35,West,9.9,37.9,8,0.1,5.0,1,0,0,0
CUST_003283,23,Standard,56+,East,3.8,20.8,17,0.9,0.0,1,1,0,0
CUST_003284,25,Basic,26-35,West,5.0,78.0,8,3.0,0.0,0,1,0,0
CUST_003285,7,Standard,56+,North,1.2,9.5,2,8.7,3.0,2,0,1,1
CUST_003286,1,Premium,36-45,West,12.5,26.6,11,1.4,3.0,0,0,0,0
CUST_003287,5,Premium,18-25,East,5.8,98.2,7,0.1,0.0,0,0,0,0
CUST_003288,19,Basic,36-45,North,3.6,16.9,4,0.3,1.0,4,0,1,1
CUST_003289,27,Basic,56+,North,4.4,47.8,10,3.9,1.0,0,0,0,0
CUST_003290,2,Basic,26-35,South,14.2,30.8,4,1.7,1.0,1,0,1,0
CUST_003291,1,Standard,46-55,West,10.2,24.8,11,1.5,0.0,0,0,0,0
CUST_003292,25,Basic,26-35,East,1.3,13.6,3,7.2,7.0,2,1,1,1
CUST_003293,5,Standard,36-45,West,15.0,61.7,5,0.7,1.0,0,1,0,0
CUST_003294,9,Basic,46-55,South,3.1,14.0,4,4.0,3.0,2,1,1,1
CUST_003295,41,Basic,56+,West,15.4,37.1,8,1.1,1.0,0,0,0,0
CUST_003296,1,Basic,36-45,South,9.0,41.1,14,1.7,0.0,1,0,0,0
CUST_003297,12,Premium,36-45,North,9.5,69.8,9,1.9,3.0,0,0,1,0
CUST_003298,1,Standard,18-25,North,2.1,50.6,12,0.7,1.0,0,1,1,0
CUST_003299,5,Basic,26-35,West,2.6,31.1,8,0.4,2.0,0,0,1,0
CUST_003300,19,Basic,26-35,South,17.8,5.3,7,0.2,2.0,1,1,0,0
CUST_003301,6,Standard,18-25,North,2.0,7.1,5,21.0,1.0,0,1,0,1
CUST_003302,60,Basic,26-35,North,14.7,21.0,9,6.3,2.0,0,0,0,0
CUST_003303,9,Standard,26-35,South,15.7,33.5,8,1.0,0.0,0,0,1,0
CUST_003304,4,Standard,56+,West,11.6,9.9,11,0.1,1.0,1,0,0,0
CUST_003305,2,Standard,36-45,East,1.2,12.3,3,3.5,1.0,2,1,0,1
CUST_003306,5,Standard,26-35,East,2.4,22.2,3,45.2,4.0,4,0,0,1
CUST_003307,5,Standard,56+,West,24.2,23.4,12,2.0,6.0,0,0,2,0
CUST_003308,1,Premium,26-35,East,31.1,50.8,16,15.0,1.0,0,0,1,0
CUST_003309,5,Premium,36-45,West,5.5,31.1,11,3.2,3.0,0,0,1,0
CUST_003310,7,Standard,36-45,South,6.2,68.4,8,1.4,1.0,0,0,0,0
CUST_003311,15,Basic,18-25,West,14.4,28.4,9,0.3,0.0,0,1,0,0
CUST_003312,12,Basic,46-55,North,0.9,5.8,4,7.5,3.0,2,1,1,1
CUST_003313,14,Basic,18-25,East,13.9,15.6,6,3.9,2.0,0,1,0,0
CUST_003314,1,Standard,18-25,East,4.5,14.4,5,0.7,7.0,2,0,0,1
CUST_003315,2,Standard,26-35,North,30.0,30.7,5,4.5,1.0,2,1,0,0
CUST_003316,13,Basic,56+,South,16.2,18.6,3,0.0,2.0,1,0,1,0
CUST_003317,7,Basic,36-45,South,1.5,9.5,9,0.2,1.0,0,0,2,0
CUST_003318,1,Basic,36-45,North,12.8,51.6,7,5.5,1.0,1,0,0,0
CUST_003319,19,Premium,36-45,East,28.4,43.9,11,2.4,1.0,1,0,1,0
CUST_003320,17,Standard,26-35,West,10.8,43.6,13,2.7,3.0,1,0,0,0
CUST_003321,9,Standard,36-45,East,10.4,22.3,5,5.5,2.0,0,1,2,0
CUST_003322,1,Basic,26-35,East,10.3,16.2,5,0.4,0.0,0,0,0,0
CUST_003323,17,Standard,18-25,North,15.9,15.7,8,3.1,2.0,0,0,0,0
CUST_003324,10,Basic,36-45,North,9.9,29.3,10,3.4,1.0,0,0,0,0
CUST_003325,18,Standard,18-25,East,4.0,14.5,3,1.2,1.0,4,0,0,1
CUST_003326,16,Basic,26-35,West,10.5,26.0,10,2.8,0.0,1,0,0,0
CUST_003327,19,Basic,46-55,West,1.1,5.7,4,12.9,1.0,0,0,1,1
CUST_003328,8,Basic,36-45,South,8.2,26.2,12,2.3,1.0,0,1,0,0
CUST_003329,1,Basic,36-45,East,5.6,,12,2.0,1.0,0,0,2,0
CUST_003330,13,Premium,26-35,East,24.4,109.3,9,9.6,1.0,2,0,1,0
CUST_003331,11,Basic,26-35,East,2.0,15.2,4,14.3,1.0,2,0,0,1
CUST_003332,16,Basic,36-45,East,8.0,29.5,13,1.6,2.0,0,0,1,0
CUST_003333,2,Standard,46-55,West,4.3,8.2,11,0.5,1.0,0,0,1,0
CUST_003334,2,Premium,36-45,North,15.4,4.2,7,1.9,2.0,0,0,0,0
CUST_003335,26,Basic,56+,West,23.1,34.5,9,1.2,2.0,2,0,0,0
CUST_003336,16,Standard,56+,North,12.9,34.4,10,1.2,3.0,0,1,1,0
CUST_003337,28,Premium,26-35,South,19.6,10.5,7,3.5,,1,1,1,0
CUST_003338,17,Basic,46-55,West,1.6,43.6,7,3.6,0.0,4,0,1,1
CUST_003339,10,Basic,36-45,South,5.1,18.9,4,15.5,3.0,2,0,0,1
CUST_003340,12,Basic,36-45,North,5.2,60.1,6,1.9,3.0,1,1,0,0
CUST_003341,26,Standard,18-25,North,7.0,29.1,10,0.6,0.0,0,0,2,0
CUST_003342,10,Basic,36-45,East,6.1,,7,1.4,0.0,0,0,0,0
CUST_003343,12,Basic,56+,North,2.0,19.0,4,2.5,4.0,2,0,0,1
CUST_003344,2,Standard,46-55,South,9.3,15.9,8,2.8,0.0,1,0,0,0
CUST_003345,7,Standard,46-55,South,10.3,19.4,10,0.7,3.0,1,0,0,0
CUST_003346,15,Basic,26-35,West,14.8,16.2,8,1.4,1.0,0,0,0,0
CUST_003347,3,Standard,26-35,North,17.1,10.4,9,3.2,2.0,1,0,1,0
CUST_003348,2,Basic,26-35,East,12.2,36.7,11,1.3,1.0,0,0,0,0
CUST_003349,4,Basic,26-35,South,3.1,42.3,7,7.4,0.0,0,0,0,0
CUST_003350,3,Standard,36-45,East,5.2,23.9,6,0.1,2.0,0,0,0,0
CUST_003351,2,Premium,26-35,North,12.6,29.4,7,4.6,,0,0,1,0
CUST_003352,6,Basic,36-45,East,16.5,30.0,4,0.5,,2,0,0,0
CUST_003353,28,Premium,26-35,East,16.1,84.9,14,3.8,1.0,0,1,0,0
CUST_003354,8,Standard,26-35,North,7.7,13.2,5,14.0,1.0,4,0,1,1
CUST_003355,2,Basic,18-25,West,19.4,28.4,8,0.0,,0,0,0,0
CUST_003356,1,Standard,46-55,West,18.3,11.9,8,0.9,0.0,0,0,1,0
CUST_003357,14,Basic,18-25,North,2.1,4.9,3,10.3,1.0,2,0,1,1
CUST_003358,5,Premium,18-25,East,5.2,22.2,9,7.0,1.0,0,1,0,0
CUST_003359,20,Premium,46-55,East,18.0,87.1,21,1.2,1.0,1,0,0,0
CUST_003360,12,Basic,56+,North,15.8,9.6,8,1.9,2.0,0,0,0,0
CUST_003361,19,Basic,46-55,South,1.2,13.9,6,25.2,4.0,0,0,1,1
CUST_003362,3,Basic,18-25,West,7.4,21.3,7,3.8,2.0,0,0,1,0
CUST_003363,14,Basic,26-35,East,15.5,24.7,6,1.6,3.0,0,0,0,0
CUST_003364,3,Basic,56+,West,3.8,49.1,9,0.8,1.0,1,1,0,0
CUST_003365,33,Basic,46-55,East,9.4,67.7,11,0.2,3.0,0,1,0,0
CUST_003366,12,Standard,36-45,North,5.5,17.8,4,20.4,0.0,2,0,0,1
CUST_003367,4,Basic,26-35,North,2.0,28.2,6,0.8,1.0,0,0,1,0
CUST_003368,3,Standard,18-25,East,13.7,13.3,11,2.4,1.0,0,0,0,0
CUST_003369,2,Standard,18-25,East,15.2,5.5,10,2.3,0.0,0,0,0,0
CUST_003370,14,Basic,36-45,North,8.9,44.0,13,1.7,1.0,0,0,0,0
CUST_003371,2,Premium,18-25,East,1.4,23.8,5,9.4,0.0,2,0,0,1
CUST_003372,10,Basic,56+,West,5.6,15.4,6,7.0,1.0,0,0,1,0
CUST_003373,3,Basic,26-35,West,16.4,62.4,2,1.1,0.0,0,1,1,0
CUST_003374,13,Standard,46-55,North,4.4,17.3,13,9.1,0.0,0,0,0,0
CUST_003375,20,Basic,26-35,South,18.4,59.7,8,9.6,1.0,0,0,0,0
CUST_003376,18,Standard,36-45,West,3.8,20.7,2,1.5,4.0,2,1,0,1
CUST_003377,17,Premium,18-25,West,20.9,24.6,12,1.2,1.0,2,0,1,0
CUST_003378,2,Premium,46-55,South,2.7,8.3,4,9.1,3.0,2,0,0,1
CUST_003379,1,Standard,36-45,West,23.1,27.2,3,4.8,1.0,1,0,1,0
CUST_003380,14,Standard,18-25,North,2.5,4.0,6,16.6,9.0,2,1,1,1
CUST_003381,5,Basic,46-55,North,7.1,29.8,7,5.3,1.0,0,1,0,0
CUST_003382,6,Basic,36-45,North,6.7,41.0,7,1.5,2.0,0,0,0,0
CUST_003383,1,Standard,56+,North,0.4,5.3,3,5.1,3.0,2,0,1,1
CUST_003384,3,Basic,56+,West,3.7,15.3,4,1.9,6.0,2,1,2,1
CUST_003385,1,Basic,56+,East,4.2,19.4,6,1.9,1.0,0,0,1,0
CUST_003386,25,Basic,18-25,South,9.1,57.7,10,4.1,2.0,0,1,2,0
CUST_003387,3,Standard,18-25,West,10.6,16.7,7,1.1,1.0,0,0,0,0
CUST_003388,9,Basic,56+,West,2.2,16.8,3,23.7,1.0,2,1,1,1
CUST_003389,1,Standard,36-45,North,2.3,2.2,3,2.5,3.0,2,0,0,1
CUST_003390,13,Basic,26-35,East,5.0,9.1,4,1.3,0.0,0,0,0,0
CUST_003391,4,Basic,46-55,East,9.4,32.5,4,10.3,1.0,0,0,1,0
CUST_003392,27,Basic,26-35,East,3.2,25.3,2,7.5,4.0,2,0,0,1
CUST_003393,26,Basic,46-55,East,4.6,19.4,8,0.6,1.0,0,1,1,0
CUST_003394,4,Premium,46-55,North,9.3,12.8,12,4.2,2.0,0,1,1,0
CUST_003395,27,Basic,46-55,South,16.2,28.5,8,1.3,0.0,1,0,0,0
CUST_003396,60,Basic,26-35,West,4.5,11.0,4,9.4,1.0,2,0,1,1
CUST_003397,20,Standard,26-35,West,5.7,54.6,4,0.5,2.0,0,1,1,0
CUST_003398,22,Basic,26-35,South,18.9,27.1,4,1.7,1.0,1,1,2,0
CUST_003399,3,Basic,36-45,North,11.6,43.8,5,2.2,0.0,1,0,1,0
CUST_003400,10,Basic,26-35,West,2.0,48.0,6,8.7,0.0,0,1,0,0
CUST_003401,1,Premium,36-45,South,20.4,17.8,12,0.8,2.0,2,0,0,0
CUST_003402,1,Standard,36-45,South,24.4,16.4,8,10.4,3.0,0,0,0,0
CUST_003403,60,Basic,36-45,South,7.1,5.4,2,2.4,3.0,4,0,0,1
CUST_003404,4,Basic,46-55,South,2.6,4.4,3,5.7,4.0,4,1,0,1
CUST_003405,16,Basic,36-45,South,3.9,17.6,4,1.2,6.0,2,0,0,1
CUST_003406,19,Basic,26-35,East,0.9,21.7,3,21.6,4.0,0,0,0,1
CUST_003407,23,Standard,36-45,North,13.0,59.6,8,1.8,0.0,2,1,0,0
CUST_003408,60,Premium,46-55,West,10.6,47.0,18,0.3,2.0,0,1,0,0
CUST_003409,3,Basic,26-35,West,2.5,,1,13.0,3.0,0,0,0,1
CUST_003410,1,Standard,36-45,West,7.3,28.8,10,1.7,1.0,0,0,0,0
CUST_003411,6,Basic,18-25,West,2.1,38.3,11,3.4,2.0,0,0,1,0
CUST_003412,1,Basic,26-35,East,2.3,21.2,7,0.2,1.0,0,0,0,0
CUST_003413,1,Basic,56+,North,,7.4,4,13.1,1.0,0,0,0,1
CUST_003414,5,Basic,56+,North,0.9,7.6,3,0.7,2.0,0,0,2,0
CUST_003415,18,Premium,36-45,North,8.1,13.2,9,1.6,0.0,1,1,0,0
CUST_003416,10,Basic,46-55,South,1.9,12.7,3,0.4,1.0,2,0,1,1
CUST_003417,4,Basic,46-55,East,8.3,16.4,1,17.7,1.0,2,1,0,1
CUST_003418,12,Premium,56+,West,5.2,17.3,12,0.4,4.0,0,0,2,0
CUST_003419,3,Premium,36-45,South,18.2,33.0,12,2.9,1.0,1,0,0,0
CUST_003420,1,Standard,36-45,East,2.2,5.8,8,7.3,0.0,2,0,0,1
CUST_003421,17,Premium,26-35,East,13.9,62.6,12,1.1,0.0,1,0,0,0
CUST_003422,11,Basic,18-25,North,19.4,17.0,5,3.5,0.0,0,0,1,0
CUST_003423,17,Standard,26-35,West,1.5,12.2,3,7.0,3.0,5,0,0,1
CUST_003424,1,Standard,46-55,East,21.4,51.7,12,2.8,3.0,1,0,3,0
CUST_003425,21,Premium,46-55,South,20.4,20.2,7,1.6,1.0,0,0,0,0
CUST_003426,11,Standard,46-55,West,5.3,18.6,3,0.8,0.0,4,0,1,1
CUST_003427,9,Basic,18-25,East,4.5,20.5,7,5.5,1.0,5,0,0,1
CUST_003428,11,Standard,36-45,South,7.8,31.4,3,0.2,2.0,0,0,0,0
CUST_003429,23,Basic,18-25,East,15.6,24.9,8,0.6,,1,0,0,0
CUST_003430,10,Basic,26-35,East,7.8,25.8,8,5.9,2.0,0,0,0,0
CUST_003431,10,Basic,56+,North,6.6,63.3,7,0.1,0.0,0,1,0,0
CUST_003432,56,Premium,36-45,West,18.8,7.5,12,1.0,2.0,1,0,1,0
CUST_003433,16,Basic,46-55,West,4.3,60.6,4,1.9,0.0,1,0,0,0
CUST_003434,7,Standard,18-25,East,25.5,4.5,6,3.0,0.0,1,0,2,0
CUST_003435,14,Basic,26-35,East,10.4,45.8,8,7.9,1.0,0,0,0,0
CUST_003436,5,Premium,36-45,West,5.3,28.4,4,12.0,6.0,2,0,0,1
CUST_003437,3,Basic,18-25,South,7.0,29.3,6,2.1,0.0,1,0,0,0
CUST_003438,10,Standard,26-35,West,6.4,25.8,9,2.5,2.0,0,0,0,0
CUST_003439,31,Premium,18-25,East,17.2,22.1,5,4.1,2.0,1,1,1,0
CUST_003440,31,Basic,36-45,South,9.2,44.2,9,2.2,0.0,0,1,1,0
CUST_003441,5,Basic,56+,East,7.5,28.0,3,4.1,1.0,0,0,0,0
CUST_003442,9,Standard,46-55,East,18.0,15.8,8,5.2,1.0,1,0,0,0
CUST_003443,2,Premium,56+,North,30.3,,14,1.3,2.0,0,0,0,0
CUST_003444,60,Standard,46-55,West,3.3,23.4,10,0.6,0.0,0,0,0,0
CUST_003445,47,Basic,46-55,East,6.9,19.0,8,1.1,0.0,0,0,0,0
CUST_003446,12,Premium,36-45,West,4.4,14.3,3,2.9,1.0,4,1,0,1
CUST_003447,19,Basic,36-45,North,5.3,98.9,10,8.0,1.0,0,1,1,0
CUST_003448,15,Standard,26-35,East,2.9,5.2,3,0.4,3.0,4,0,2,1
CUST_003449,10,Standard,46-55,West,3.5,33.1,9,5.6,0.0,0,1,1,0
CUST_003450,1,Basic,26-35,West,13.8,21.7,5,2.3,1.0,0,0,0,0
CUST_003451,7,Standard,18-25,West,6.9,34.3,3,0.3,1.0,1,0,0,0
CUST_003452,13,Standard,56+,West,8.6,100.9,7,0.7,1.0,0,1,0,0
CUST_003453,13,Premium,18-25,North,20.9,79.8,9,1.0,1.0,0,0,0,0
CUST_003454,5,Basic,56+,West,1.7,17.4,5,3.4,3.0,4,1,0,1
CUST_003455,34,Basic,46-55,North,9.3,67.9,10,11.4,1.0,0,1,0,0
CUST_003456,2,Standard,26-35,North,2.6,41.9,14,0.3,0.0,0,0,0,0
CUST_003457,8,Basic,36-45,North,2.6,39.4,9,0.0,0.0,1,1,2,0
CUST_003458,14,Basic,46-55,West,8.0,25.5,8,1.6,4.0,0,0,0,0
CUST_003459,14,Premium,26-35,North,11.5,65.9,18,0.0,1.0,0,0,0,0
CUST_003460,12,Basic,46-55,North,3.4,36.6,12,0.3,3.0,0,0,0,0
CUST_003461,3,Premium,46-55,North,24.9,25.8,9,1.4,0.0,0,0,0,0
CUST_003462,2,Basic,26-35,East,0.5,26.2,2,5.6,4.0,2,1,0,1
CUST_003463,12,Basic,18-25,West,3.3,21.8,5,1.7,0.0,0,1,0,0
CUST_003464,10,Standard,26-35,South,5.8,11.2,10,1.3,4.0,0,0,1,0
CUST_003465,2,Standard,26-35,East,4.7,11.9,11,3.5,0.0,0,0,0,0
CUST_003466,14,Standard,18-25,North,3.0,35.7,15,2.2,2.0,0,0,1,0
CUST_003467,7,Standard,46-55,South,29.1,42.4,14,0.5,3.0,2,1,1,0
CUST_003468,13,Standard,26-35,North,14.3,21.1,6,1.6,1.0,1,0,0,0
CUST_003469,21,Basic,46-55,South,3.4,9.2,3,17.2,3.0,2,0,1,1
CUST_003470,2,Basic,26-35,East,17.8,21.1,7,2.4,2.0,0,0,0,0
CUST_003471,1,Basic,36-45,South,8.1,5.2,2,2.3,1.0,4,0,0,1
CUST_003472,18,Standard,36-45,West,4.8,44.0,8,0.8,1.0,0,0,1,0
CUST_003473,11,Basic,46-55,West,3.5,10.5,1,2.1,0.0,2,1,0,1
CUST_003474,14,Basic,36-45,North,7.9,30.6,8,4.8,1.0,0,1,0,0
CUST_003475,21,Basic,26-35,North,,32.1,8,2.6,1.0,0,1,1,0
CUST_003476,19,Basic,46-55,West,11.1,32.9,7,0.6,2.0,0,1,0,0
CUST_003477,38,Basic,26-35,North,7.1,120.0,5,0.6,1.0,1,0,0,0
CUST_003478,9,Standard,18-25,South,5.0,51.1,7,0.5,2.0,0,1,0,0
CUST_003479,8,Basic,26-35,South,7.6,37.5,4,4.7,2.0,0,1,0,0
CUST_003480,6,Premium,46-55,West,2.2,22.6,2,9.3,6.0,0,0,0,1
CUST_003481,2,Standard,18-25,East,3.9,29.1,5,1.0,1.0,0,0,0,0
CUST_003482,10,Basic,36-45,North,6.5,8.8,13,1.2,1.0,0,1,0,0
CUST_003483,3,Standard,36-45,North,7.3,32.9,4,4.7,,0,0,2,0
CUST_003484,30,Basic,56+,North,23.9,33.4,7,6.1,4.0,1,0,1,0
CUST_003485,10,Standard,26-35,South,4.0,28.1,5,0.8,2.0,0,0,0,0
CUST_003486,10,Premium,26-35,South,1.0,25.3,3,1.8,0.0,4,1,0,1
CUST_003487,5,Standard,26-35,West,5.3,52.2,9,1.4,2.0,0,0,0,0
CUST_003488,1,Standard,26-35,South,2.3,35.1,4,9.7,4.0,2,1,1,1
CUST_003489,1,Basic,46-55,South,6.4,45.4,10,0.2,4.0,1,1,0,0
CUST_003490,6,Basic,36-45,South,2.8,22.1,3,11.0,1.0,2,0,0,1
CUST_003491,1,Premium,46-55,North,10.8,54.2,16,4.8,2.0,1,1,1,0
CUST_003492,11,Basic,46-55,West,13.9,71.9,7,1.4,0.0,0,0,1,0
CUST_003493,25,Basic,56+,North,8.9,43.1,14,0.9,2.0,1,1,0,0
CUST_003494,25,Basic,26-35,South,2.3,10.6,3,2.0,3.0,4,0,0,1
CUST_003495,12,Standard,56+,North,0.6,10.2,5,7.3,4.0,4,0,1,1
CUST_003496,2,Basic,26-35,South,11.2,23.9,6,2.5,1.0,1,0,2,0
CUST_003497,23,Premium,46-55,West,21.4,50.9,21,2.1,0.0,1,0,1,0
CUST_003498,26,Basic,36-45,North,5.6,21.1,6,4.2,2.0,0,0,1,0
CUST_003499,2,Basic,46-55,South,22.0,17.2,11,1.2,0.0,0,0,1,0
CUST_003500,16,Standard,36-45,North,10.9,39.3,10,3.8,1.0,0,0,0,0
CUST_003501,4,Basic,46-55,West,8.7,14.0,6,2.5,2.0,0,1,0,0
CUST_003502,19,Standard,56+,East,6.9,16.4,4,0.3,1.0,0,0,0,0
CUST_003503,60,Basic,46-55,East,14.5,22.0,5,7.6,2.0,0,0,1,0
CUST_003504,1,Basic,46-55,South,21.1,8.3,7,5.1,0.0,0,0,1,0
CUST_003505,27,Basic,18-25,West,20.3,5.3,12,0.5,3.0,1,0,0,0
CUST_003506,11,Premium,26-35,South,11.7,25.2,11,0.3,2.0,1,0,2,0
CUST_003507,43,Standard,56+,East,20.2,64.7,6,1.0,2.0,0,0,0,0
CUST_003508,7,Standard,36-45,East,4.4,8.8,6,0.1,,0,1,0,0
CUST_003509,22,Basic,36-45,East,13.0,28.4,13,6.8,1.0,0,0,1,0
CUST_003510,1,Standard,26-35,North,3.9,56.5,11,4.3,1.0,1,1,1,0
CUST_003511,4,Basic,18-25,South,12.0,2.4,5,7.5,2.0,0,0,0,0
CUST_003512,1,Premium,26-35,North,17.9,28.3,7,0.9,0.0,1,0,1,0
CUST_003513,44,Standard,36-45,South,5.6,31.9,10,0.1,,1,1,1,0
CUST_003514,20,Standard,26-35,East,4.5,68.7,11,0.4,1.0,0,0,1,0
CUST_003515,22,Basic,26-35,North,18.9,24.3,15,0.4,4.0,1,1,0,0
CUST_003516,33,Standard,36-45,East,3.2,40.3,7,0.0,3.0,0,0,0,0
CUST_003517,1,Basic,36-45,West,1.2,5.6,2,1.0,0.0,4,0,1,1
CUST_003518,5,Premium,26-35,South,15.7,35.7,8,0.9,1.0,0,1,1,0
CUST_003519,1,Basic,36-45,North,7.6,49.8,10,2.6,2.0,1,0,0,0
CUST_003520,2,Basic,56+,West,5.2,17.1,5,27.5,3.0,2,1,1,1
CUST_003521,3,Basic,36-45,East,2.4,8.4,3,12.5,3.0,2,1,1,1
CUST_003522,7,Basic,46-55,North,2.5,2.3,3,2.0,0.0,2,0,0,1
CUST_003523,3,Basic,56+,South,3.9,4.0,3,15.9,4.0,0,0,0,1
CUST_003524,1,Premium,18-25,East,11.8,18.7,9,7.5,2.0,0,0,1,0
CUST_003525,2,Standard,18-25,East,7.5,10.8,8,2.8,2.0,0,1,4,0
CUST_003526,1,Premium,36-45,East,31.3,45.5,15,3.7,0.0,0,0,2,0
CUST_003527,43,Standard,36-45,East,22.1,18.1,8,0.5,1.0,1,0,0,0
CUST_003528,17,Basic,26-35,West,3.0,25.9,8,3.1,2.0,0,0,1,0
CUST_003529,41,Standard,26-35,South,5.2,6.5,4,12.9,4.0,2,0,0,1
CUST_003530,6,Basic,36-45,East,,49.3,9,1.6,0.0,1,0,0,0
CUST_003531,3,Premium,18-25,West,37.3,54.0,9,1.7,2.0,0,0,1,0
CUST_003532,19,Basic,56+,South,5.2,8.7,10,0.0,0.0,0,0,0,0
CUST_003533,4,Basic,26-35,West,3.2,24.1,4,10.2,0.0,2,0,0,1
CUST_003534,4,Basic,56+,North,7.1,17.5,2,5.5,1.0,4,1,0,1
CUST_003535,3,Basic,18-25,South,1.9,16.9,4,10.2,6.0,2,0,0,1
CUST_003536,1,Basic,26-35,West,2.3,27.5,11,1.1,2.0,0,0,0,0
CUST_003537,3,Basic,26-35,North,3.8,10.6,7,0.6,3.0,0,0,1,0
CUST_003538,5,Standard,56+,North,16.0,39.4,7,4.7,2.0,0,0,2,0
CUST_003539,13,Standard,18-25,South,6.0,66.7,3,1.9,5.0,0,1,1,0
CUST_003540,1,Basic,36-45,South,15.2,19.3,10,1.7,2.0,1,1,0,0
CUST_003541,2,Basic,46-55,East,8.0,25.6,7,8.3,2.0,0,0,0,0
CUST_003542,19,Premium,36-45,North,1.4,7.9,4,6.5,6.0,0,1,0,1
CUST_003543,1,Basic,26-35,North,4.6,51.6,6,2.4,0.0,0,1,1,0
CUST_003544,5,Premium,56+,South,14.4,17.3,15,3.5,1.0,0,0,1,0
CUST_003545,23,Basic,46-55,East,0.5,19.1,3,2.6,0.0,2,0,1,1
CUST_003546,2,Standard,26-35,East,10.9,37.1,10,1.9,1.0,1,0,0,0
CUST_003547,1,Standard,36-45,East,1.2,12.1,3,1.4,0.0,2,0,0,1
CUST_003548,7,Standard,56+,East,4.9,34.1,7,4.4,3.0,0,0,2,0
CUST_003549,4,Premium,56+,North,31.6,7.3,9,0.8,2.0,0,0,1,0
CUST_003550,9,Basic,26-35,West,21.4,29.2,4,2.8,3.0,0,0,0,0
CUST_003551,19,Basic,46-55,North,11.7,29.7,7,3.5,0.0,1,0,0,0
CUST_003552,1,Standard,26-35,North,8.9,49.8,11,2.6,1.0,1,0,0,0
CUST_003553,10,Standard,26-35,East,5.1,11.1,7,1.3,4.0,0,0,0,0
CUST_003554,8,Basic,26-35,South,0.9,15.0,4,14.4,3.0,0,1,2,1
CUST_003555,1,Standard,26-35,South,8.0,41.4,6,9.2,1.0,0,0,1,0
CUST_003556,11,Basic,36-45,South,6.3,13.8,6,5.2,3.0,0,0,1,0
CUST_003557,3,Basic,36-45,East,2.7,15.1,5,9.3,3.0,4,0,0,1
CUST_003558,8,Standard,26-35,South,17.9,15.1,2,2.0,,0,0,1,0
CUST_003559,1,Basic,26-35,West,,4.3,3,1.5,3.0,2,0,0,1
CUST_003560,7,Standard,26-35,South,30.0,11.1,8,0.1,1.0,0,0,1,0
CUST_003561,4,Basic,56+,East,14.0,25.2,12,5.4,0.0,1,0,1,0
CUST_003562,20,Basic,46-55,West,6.3,59.6,12,4.1,3.0,0,0,3,0
CUST_003563,1,Standard,26-35,East,0.7,43.3,4,2.3,1.0,4,1,0,1
CUST_003564,6,Standard,56+,East,13.6,39.1,6,1.4,2.0,0,0,0,0
CUST_003565,7,Basic,26-35,East,30.0,15.9,9,0.7,2.0,0,0,0,0
CUST_003566,15,Basic,36-45,South,30.0,7.1,6,2.9,0.0,1,0,0,0
CUST_003567,10,Basic,56+,West,3.9,11.0,9,1.4,0.0,0,1,0,0
CUST_003568,13,Basic,26-35,North,14.4,,5,1.5,2.0,0,0,2,0
CUST_003569,18,Premium,36-45,West,4.3,39.8,4,1.7,0.0,1,0,0,0
CUST_003570,23,Premium,26-35,East,,20.5,3,6.7,1.0,4,0,2,1
CUST_003571,4,Basic,26-35,West,17.5,44.1,4,4.8,3.0,0,1,0,0
CUST_003572,9,Basic,36-45,North,5.2,42.2,15,0.9,0.0,0,1,0,0
CUST_003573,21,Premium,56+,West,4.8,24.1,5,1.4,0.0,5,0,1,1
CUST_003574,54,Standard,36-45,North,3.1,8.4,4,3.2,1.0,2,1,0,1
CUST_003575,26,Standard,56+,East,0.3,21.2,15,2.3,1.0,0,0,0,0
CUST_003576,5,Standard,56+,South,6.3,7.6,14,2.7,2.0,0,0,2,0
CUST_003577,2,Basic,26-35,East,20.1,26.4,7,0.7,2.0,1,0,1,0
CUST_003578,8,Basic,26-35,East,2.8,9.5,5,8.5,0.0,2,0,0,1
CUST_003579,16,Premium,36-45,North,14.0,,21,0.5,4.0,1,0,1,0
CUST_003580,8,Standard,36-45,East,1.9,22.5,9,3.4,2.0,0,0,1,0
CUST_003581,7,Basic,18-25,South,6.7,13.0,5,7.2,1.0,4,0,1,1
CUST_003582,21,Basic,56+,East,5.3,28.2,5,0.3,6.0,0,0,0,0
CUST_003583,5,Basic,46-55,East,1.8,21.4,2,0.0,3.0,2,0,2,1
CUST_003584,23,Standard,26-35,North,1.8,12.2,3,1.2,,4,0,0,1
CUST_003585,6,Basic,36-45,East,28.9,10.0,7,4.0,2.0,1,0,1,0
CUST_003586,4,Basic,18-25,East,0.9,53.1,7,1.3,1.0,0,0,2,0
CUST_003587,7,Premium,36-45,South,18.0,66.5,9,4.3,1.0,2,0,0,0
CUST_003588,17,Basic,56+,West,0.6,9.1,2,11.1,1.0,0,1,0,1
CUST_003589,1,Basic,46-55,East,12.1,31.9,11,3.0,1.0,1,0,0,0
CUST_003590,2,Basic,26-35,North,4.1,55.7,6,0.8,2.0,0,0,0,0
CUST_003591,36,Basic,36-45,North,6.0,19.8,5,9.3,0.0,4,0,0,1
CUST_003592,2,Basic,36-45,East,7.0,21.4,10,0.5,1.0,0,0,2,0
CUST_003593,10,Premium,26-35,South,7.3,16.0,9,26.6,3.0,2,0,2,1
CUST_003594,10,Premium,18-25,North,6.5,6.5,5,8.0,3.0,4,0,0,1
CUST_003595,8,Basic,36-45,North,4.3,6.5,4,1.0,0.0,4,0,0,1
CUST_003596,12,Basic,36-45,East,1.4,17.0,7,1.2,1.0,0,1,0,0
CUST_003597,3,Standard,18-25,East,1.7,12.4,5,2.1,,2,1,0,1
CUST_003598,9,Basic,18-25,North,14.5,21.1,17,4.1,1.0,0,1,1,0
CUST_003599,5,Basic,26-35,East,5.0,87.8,10,9.9,0.0,1,0,0,0
CUST_003600,13,Premium,26-35,West,10.3,27.4,12,0.1,3.0,1,0,0,0
CUST_003601,1,Basic,36-45,West,3.1,19.9,9,1.2,0.0,0,0,0,0
CUST_003602,10,Basic,26-35,West,3.9,20.2,15,1.9,2.0,0,1,1,0
CUST_003603,2,Basic,26-35,West,25.8,12.6,6,2.0,2.0,0,1,0,0
CUST_003604,3,Basic,46-55,North,21.0,38.6,7,5.0,0.0,1,1,1,0
CUST_003605,2,Basic,18-25,North,12.1,31.7,4,1.9,2.0,0,1,0,0
CUST_003606,2,Basic,36-45,South,12.9,21.6,11,6.8,3.0,0,0,0,0
CUST_003607,20,Basic,56+,East,10.1,9.1,12,2.6,3.0,0,0,1,0
CUST_003608,4,Standard,36-45,West,7.9,48.0,6,1.4,2.0,0,0,1,0
CUST_003609,31,Basic,46-55,North,26.9,62.6,16,0.3,5.0,0,1,0,0
CUST_003610,42,Basic,26-35,South,5.2,25.0,4,2.5,4.0,0,0,0,0
CUST_003611,10,Standard,18-25,East,2.0,2.7,4,3.6,1.0,4,0,1,1
CUST_003612,1,Premium,36-45,South,8.5,25.3,15,3.2,2.0,0,0,0,0
CUST_003613,5,Basic,36-45,South,2.8,9.9,5,3.1,1.0,2,0,0,1
CUST_003614,19,Basic,18-25,North,14.8,38.3,7,1.9,3.0,1,0,0,0
CUST_003615,5,Basic,36-45,West,4.3,44.3,10,3.5,0.0,1,0,1,0
CUST_003616,1,Standard,56+,South,3.9,10.8,5,18.4,3.0,4,0,1,1
CUST_003617,9,Basic,26-35,East,10.6,11.9,3,3.4,2.0,0,1,0,0
CUST_003618,22,Basic,36-45,North,8.8,15.5,11,2.0,2.0,0,0,1,0
CUST_003619,19,Basic,36-45,East,2.7,37.9,9,5.1,2.0,0,0,0,0
CUST_003620,2,Basic,46-55,South,10.6,31.2,3,1.1,1.0,1,0,0,0
CUST_003621,13,Basic,46-55,North,9.3,28.0,6,3.1,2.0,0,1,1,0
CUST_003622,2,Basic,46-55,South,12.0,42.6,9,1.0,3.0,0,0,0,0
CUST_003623,2,Standard,26-35,North,11.3,42.5,7,2.1,4.0,1,1,2,0
CUST_003624,24,Standard,18-25,East,11.8,45.4,9,0.8,1.0,1,1,0,0
CUST_003625,3,Basic,26-35,South,0.7,28.2,4,0.5,4.0,0,1,1,0
CUST_003626,3,Basic,36-45,West,3.6,29.1,6,2.5,0.0,0,0,2,0
CUST_003627,1,Basic,46-55,North,15.9,31.5,10,0.3,1.0,1,0,0,0
CUST_003628,24,Basic,56+,North,2.1,16.9,5,3.0,4.0,2,1,1,1
CUST_003629,18,Premium,36-45,West,24.9,16.7,14,7.2,2.0,0,0,1,0
CUST_003630,11,Premium,36-45,North,8.3,73.3,4,3.8,0.0,1,0,0,0
CUST_003631,16,Basic,36-45,North,2.4,8.5,4,0.9,3.0,2,1,0,1
CUST_003632,1,Basic,26-35,North,2.9,14.1,5,7.3,1.0,2,0,0,1
CUST_003633,7,Basic,36-45,West,30.0,18.8,5,0.7,1.0,0,1,0,0
CUST_003634,5,Standard,36-45,West,7.2,16.9,5,4.6,3.0,0,1,0,0
CUST_003635,1,Standard,56+,South,13.8,57.6,4,3.0,1.0,1,0,0,0
CUST_003636,7,Standard,26-35,East,30.0,74.9,7,1.9,0.0,0,0,0,0
CUST_003637,30,Standard,56+,East,11.0,24.8,3,0.8,0.0,1,0,0,0
CUST_003638,1,Basic,36-45,West,25.8,23.9,9,1.9,1.0,1,0,2,0
CUST_003639,4,Standard,26-35,North,15.7,15.9,7,2.0,0.0,0,0,0,0
CUST_003640,2,Standard,26-35,West,6.0,10.5,8,8.5,6.0,2,0,0,1
CUST_003641,3,Standard,18-25,North,1.3,13.6,4,3.6,,2,0,2,1
CUST_003642,28,Basic,36-45,South,6.3,40.7,17,1.9,3.0,0,0,0,0
CUST_003643,7,Standard,18-25,North,11.0,27.5,9,5.9,5.0,0,0,0,0
CUST_003644,7,Standard,26-35,East,4.8,40.8,3,7.5,2.0,0,1,2,0
CUST_003645,17,Standard,56+,East,11.6,52.2,4,3.2,1.0,1,0,2,0
CUST_003646,2,Standard,36-45,East,7.0,55.8,7,0.6,4.0,0,1,0,0
CUST_003647,8,Standard,46-55,East,1.9,16.0,2,1.4,4.0,2,0,0,1
CUST_003648,6,Standard,18-25,East,13.8,60.6,8,3.2,3.0,1,0,0,0
CUST_003649,10,Standard,36-45,West,10.1,12.5,7,2.3,5.0,0,0,0,0
CUST_003650,60,Standard,26-35,North,12.1,35.3,11,5.7,1.0,0,1,3,0
CUST_003651,17,Basic,46-55,South,8.9,19.9,6,4.9,0.0,0,0,1,0
CUST_003652,6,Basic,26-35,North,5.4,57.5,8,7.7,1.0,0,0,1,0
CUST_003653,21,Basic,36-45,South,7.6,,13,0.4,0.0,0,0,0,0
CUST_003654,2,Standard,36-45,East,2.5,10.9,4,2.8,4.0,2,0,1,1
CUST_003655,1,Standard,36-45,East,22.9,39.4,8,0.5,1.0,0,0,0,0
CUST_003656,2,Premium,46-55,East,15.4,34.0,5,2.4,4.0,0,0,1,0
CUST_003657,4,Basic,26-35,South,7.8,20.3,9,0.2,2.0,0,0,1,0
CUST_003658,8,Basic,26-35,East,6.6,42.0,9,3.2,7.0,0,1,0,0
CUST_003659,11,Basic,46-55,South,3.5,26.8,10,8.0,1.0,0,1,1,0
CUST_003660,28,Basic,36-45,West,10.6,44.4,13,10.9,0.0,0,1,0,0
CUST_003661,8,Standard,26-35,South,1.4,11.5,4,11.6,1.0,0,0,0,1
CUST_003662,8,Basic,18-25,East,19.8,23.4,5,0.4,0.0,1,0,0,0
CUST_003663,1,Standard,46-55,West,13.3,17.3,5,1.8,1.0,0,0,0,0
CUST_003664,1,Standard,56+,West,4.1,41.7,7,2.9,2.0,0,0,0,0
CUST_003665,9,Basic,36-45,South,20.1,15.3,11,1.5,2.0,0,0,1,0
CUST_003666,6,Premium,46-55,South,,23.8,8,0.1,2.0,1,0,0,0
CUST_003667,21,Basic,36-45,South,12.6,19.8,6,1.7,1.0,0,0,0,0
CUST_003668,2,Basic,26-35,South,7.1,28.9,7,4.3,0.0,0,1,0,0
CUST_003669,1,Premium,18-25,East,10.9,52.2,11,0.1,3.0,0,0,1,0
CUST_003670,7,Premium,36-45,West,24.9,20.8,8,0.2,3.0,1,0,0,0
CUST_003671,3,Basic,36-45,North,3.9,10.5,2,4.8,1.0,4,0,0,1
CUST_003672,1,Basic,46-55,East,5.6,16.2,11,1.3,1.0,0,1,0,0
CUST_003673,15,Basic,36-45,West,4.7,56.0,7,2.4,3.0,0,0,3,0
CUST_003674,1,Basic,56+,North,3.3,15.8,3,3.4,1.0,2,0,0,1
CUST_003675,11,Premium,36-45,South,42.4,16.2,16,0.8,2.0,0,0,1,0
CUST_003676,3,Standard,26-35,West,10.0,38.1,10,3.1,1.0,0,1,0,0
CUST_003677,2,Basic,26-35,West,3.9,40.1,11,8.8,1.0,0,0,0,0
CUST_003678,5,Premium,36-45,East,14.8,19.2,12,2.7,2.0,1,1,0,0
CUST_003679,19,Basic,46-55,North,19.9,13.8,8,3.4,1.0,0,0,0,0
CUST_003680,5,Basic,18-25,North,20.3,35.1,7,1.4,3.0,1,0,0,0
CUST_003681,16,Premium,56+,East,16.5,78.2,7,4.7,0.0,0,1,1,0
CUST_003682,1,Standard,56+,North,15.3,17.9,12,0.1,2.0,1,0,0,0
CUST_003683,17,Standard,36-45,North,7.9,20.0,11,1.5,0.0,0,0,0,0
CUST_003684,3,Standard,26-35,West,6.5,35.4,6,3.8,0.0,0,0,0,0
CUST_003685,13,Standard,26-35,West,4.2,13.9,8,0.2,0.0,0,0,0,0
CUST_003686,10,Basic,26-35,West,2.4,20.7,3,15.6,1.0,4,1,0,1
CUST_003687,31,Standard,18-25,North,7.8,23.1,5,6.1,1.0,0,0,1,0
CUST_003688,5,Premium,36-45,North,21.8,10.6,16,4.1,1.0,1,0,1,0
CUST_003689,1,Basic,18-25,West,8.3,55.5,11,0.8,1.0,1,0,1,0
CUST_003690,1,Standard,46-55,East,4.8,10.5,2,0.2,2.0,0,1,1,0
CUST_003691,21,Basic,26-35,West,17.1,45.6,3,1.7,1.0,0,1,0,0
CUST_003692,8,Basic,26-35,West,19.0,24.2,9,1.4,1.0,0,1,1,0
CUST_003693,17,Standard,36-45,West,2.6,17.9,6,0.4,4.0,4,0,0,1
CUST_003694,3,Basic,56+,East,7.3,13.7,7,2.6,2.0,0,1,0,0
CUST_003695,5,Standard,36-45,South,1.4,18.5,4,20.1,1.0,2,0,0,1
CUST_003696,1,Basic,36-45,East,14.8,67.9,10,3.7,2.0,0,0,0,0
CUST_003697,39,Premium,46-55,East,1.2,11.3,4,13.1,3.0,0,1,1,1
CUST_003698,13,Basic,46-55,South,8.1,21.1,10,0.1,4.0,0,1,0,0
CUST_003699,32,Basic,46-55,West,9.6,29.9,8,0.8,2.0,0,0,1,0
CUST_003700,3,Basic,26-35,North,2.6,15.7,4,8.1,1.0,2,0,0,1
CUST_003701,11,Premium,46-55,West,7.3,62.1,8,3.7,0.0,1,0,0,0
CUST_003702,13,Standard,26-35,North,12.5,30.2,6,0.3,1.0,0,0,0,0
CUST_003703,4,Standard,56+,South,5.2,11.8,4,23.4,0.0,2,0,1,1
CUST_003704,22,Basic,26-35,West,,38.9,6,1.2,1.0,1,0,0,0
CUST_003705,35,Basic,56+,North,2.2,12.3,9,1.1,2.0,0,0,1,0
CUST_003706,25,Basic,56+,East,20.8,24.8,9,2.5,0.0,2,0,1,0
CUST_003707,16,Standard,18-25,North,21.8,16.6,7,6.0,1.0,0,1,0,0
CUST_003708,3,Basic,56+,West,4.7,13.4,3,4.1,1.0,4,1,0,1
CUST_003709,3,Premium,18-25,West,9.7,34.1,8,3.1,1.0,0,0,0,0
CUST_003710,39,Standard,26-35,West,3.9,41.4,4,13.6,4.0,2,0,0,1
CUST_003711,1,Basic,26-35,West,18.9,20.9,10,0.4,1.0,1,1,0,0
CUST_003712,15,Basic,56+,East,4.8,30.4,8,3.8,0.0,0,1,0,0
CUST_003713,14,Standard,36-45,North,1.0,8.4,4,31.9,0.0,0,1,2,1
CUST_003714,11,Basic,36-45,South,12.5,17.3,10,1.9,1.0,1,0,2,0
CUST_003715,55,Basic,36-45,South,4.1,15.9,2,14.5,4.0,2,1,0,1
CUST_003716,4,Basic,56+,East,18.1,16.1,9,0.4,1.0,0,0,1,0
CUST_003717,4,Standard,46-55,West,8.7,14.5,5,2.8,0.0,0,0,2,0
CUST_003718,1,Standard,26-35,North,28.6,8.3,10,4.1,0.0,0,0,0,0
CUST_003719,7,Basic,26-35,North,29.8,17.1,13,13.1,0.0,1,0,1,0
CUST_003720,3,Basic,18-25,South,2.9,8.2,3,9.9,6.0,0,0,1,1
CUST_003721,5,Basic,36-45,North,1.5,18.0,9,0.5,2.0,0,1,1,0
CUST_003722,21,Standard,26-35,East,9.6,40.0,7,3.6,0.0,0,0,0,0
CUST_003723,32,Basic,26-35,East,2.7,44.6,13,0.2,1.0,0,0,0,0
CUST_003724,2,Basic,46-55,East,2.4,38.6,8,2.4,2.0,0,0,0,0
CUST_003725,5,Premium,26-35,North,23.2,64.4,14,6.4,0.0,0,0,0,0
CUST_003726,31,Premium,36-45,West,15.8,21.7,11,0.9,2.0,0,0,4,0
CUST_003727,1,Premium,26-35,North,7.4,28.5,8,0.9,2.0,0,1,0,0
CUST_003728,1,Standard,18-25,South,4.3,30.4,3,12.6,4.0,2,1,0,1
CUST_003729,2,Basic,26-35,East,9.2,29.6,13,0.3,3.0,1,0,2,0
CUST_003730,10,Basic,26-35,North,10.4,12.5,4,0.9,1.0,1,0,0,0
CUST_003731,1,Basic,46-55,North,17.4,13.0,4,4.8,1.0,1,0,0,0
CUST_003732,41,Basic,26-35,North,4.0,4.5,4,0.6,4.0,2,0,0,1
CUST_003733,7,Premium,26-35,East,1.2,2.3,5,5.6,4.0,2,1,3,1
CUST_003734,8,Standard,46-55,West,22.2,11.8,8,0.1,0.0,0,1,0,0
CUST_003735,3,Standard,46-55,East,4.1,4.1,3,2.9,3.0,2,0,1,1
CUST_003736,7,Basic,46-55,East,4.8,17.6,6,4.4,1.0,0,0,1,0
CUST_003737,13,Premium,56+,South,4.2,32.6,9,5.1,1.0,0,0,2,0
CUST_003738,16,Standard,46-55,North,4.6,27.1,2,7.2,7.0,2,0,0,1
CUST_003739,16,Basic,26-35,North,7.1,40.2,10,0.7,3.0,1,0,1,0
CUST_003740,10,Premium,46-55,West,3.0,5.9,4,7.9,3.0,2,0,0,1
CUST_003741,28,Basic,36-45,North,15.9,52.6,9,3.6,0.0,2,0,1,0
CUST_003742,20,Basic,26-35,West,3.3,52.7,5,5.9,2.0,0,1,0,0
CUST_003743,16,Standard,26-35,North,3.1,54.8,12,7.5,0.0,0,0,0,0
CUST_003744,1,Standard,26-35,East,2.4,10.8,3,11.9,3.0,0,1,0,1
CUST_003745,1,Basic,18-25,West,0.6,12.1,5,6.5,0.0,4,0,0,1
CUST_003746,2,Basic,26-35,South,1.7,23.7,8,4.3,3.0,0,0,2,0
CUST_003747,13,Premium,18-25,East,5.0,12.3,14,6.4,2.0,0,0,0,0
CUST_003748,6,Standard,46-55,South,5.6,43.7,9,1.9,2.0,0,1,0,0
CUST_003749,6,Standard,56+,South,3.4,16.4,11,1.4,0.0,0,0,1,0
CUST_003750,25,Basic,36-45,North,4.6,8.9,2,1.4,1.0,4,0,0,1
CUST_003751,27,Basic,46-55,West,3.8,47.2,15,0.9,,1,0,1,0
CUST_003752,28,Basic,26-35,South,9.8,19.5,10,2.4,2.0,0,0,0,0
CUST_003753,4,Basic,56+,South,4.2,21.0,12,0.4,1.0,0,0,0,0
CUST_003754,14,Basic,36-45,West,4.5,17.4,2,9.6,3.0,2,1,1,1
CUST_003755,3,Basic,18-25,South,20.9,,10,0.6,2.0,0,0,1,0
CUST_003756,2,Standard,18-25,South,10.5,13.7,6,1.4,2.0,0,0,0,0
CUST_003757,2,Basic,26-35,West,1.5,13.2,8,0.5,0.0,0,0,2,0
CUST_003758,5,Standard,18-25,South,3.4,14.7,12,5.7,0.0,0,1,1,0
CUST_003759,6,Basic,26-35,South,0.9,7.8,4,9.8,4.0,2,0,0,1
CUST_003760,21,Basic,18-25,West,2.3,37.5,4,1.3,1.0,0,1,0,0
CUST_003761,1,Basic,26-35,South,15.4,11.2,6,1.7,4.0,1,0,2,0
CUST_003762,15,Basic,26-35,North,6.7,67.9,6,6.7,0.0,1,0,0,0
CUST_003763,9,Basic,56+,South,3.6,20.3,3,0.7,1.0,4,0,1,1
CUST_003764,4,Premium,26-35,East,23.2,32.9,9,8.9,1.0,0,0,1,0
CUST_003765,8,Standard,26-35,North,1.9,,3,1.7,1.0,4,0,0,1
CUST_003766,4,Basic,36-45,South,9.2,16.7,12,3.2,0.0,0,1,0,0
CUST_003767,10,Basic,46-55,South,12.6,22.2,8,1.6,3.0,1,0,2,0
CUST_003768,6,Standard,26-35,North,6.2,49.0,10,2.0,2.0,1,0,1,0
CUST_003769,2,Standard,46-55,East,23.0,13.9,4,0.3,1.0,1,0,0,0
CUST_003770,1,Basic,26-35,South,3.2,16.0,4,5.5,1.0,2,0,0,1
CUST_003771,9,Standard,26-35,East,1.5,,2,11.5,3.0,0,1,1,1
CUST_003772,27,Standard,26-35,East,4.1,56.0,5,1.8,0.0,1,0,1,0
CUST_003773,5,Standard,36-45,North,8.6,93.5,7,4.2,0.0,0,0,0,0
CUST_003774,15,Standard,26-35,South,12.8,22.0,6,1.2,2.0,0,0,0,0
CUST_003775,12,Premium,36-45,North,2.4,22.4,8,5.4,1.0,4,1,0,1
CUST_003776,32,Premium,26-35,North,27.1,43.9,16,0.3,2.0,0,0,1,0
CUST_003777,20,Basic,46-55,East,1.5,19.1,3,12.8,1.0,2,1,1,1
CUST_003778,10,Standard,26-35,East,19.9,99.1,10,8.6,1.0,0,0,0,0
CUST_003779,12,Standard,36-45,North,2.2,10.4,3,14.8,3.0,0,0,1,1
CUST_003780,27,Standard,36-45,East,0.4,,12,1.8,2.0,0,0,1,0
CUST_003781,6,Premium,36-45,West,17.6,2.5,8,0.4,3.0,1,0,0,0
CUST_003782,4,Basic,26-35,North,0.5,5.6,4,4.0,0.0,2,0,1,1
CUST_003783,1,Basic,46-55,South,30.0,27.7,7,2.6,3.0,1,0,1,0
CUST_003784,21,Basic,46-55,East,8.5,,8,2.5,3.0,0,0,0,0
CUST_003785,19,Basic,26-35,North,2.4,74.2,10,3.2,2.0,0,1,1,0
CUST_003786,1,Basic,56+,West,5.9,7.2,10,0.8,2.0,0,0,0,0
CUST_003787,10,Standard,36-45,West,2.1,23.1,7,0.2,0.0,0,0,0,0
CUST_003788,7,Basic,36-45,North,11.2,16.9,8,1.6,3.0,1,0,2,0
CUST_003789,1,Standard,26-35,West,1.4,,5,3.2,0.0,0,0,2,0
CUST_003790,47,Standard,36-45,South,1.1,79.3,5,1.0,1.0,0,1,1,0
CUST_003791,2,Basic,26-35,North,23.2,32.0,13,4.1,2.0,1,1,0,0
CUST_003792,1,Basic,26-35,South,1.6,16.6,3,9.3,4.0,2,0,2,1
CUST_003793,10,Standard,26-35,North,4.7,24.1,1,1.8,6.0,2,0,0,1
CUST_003794,16,Standard,46-55,East,3.3,9.1,2,5.7,1.0,4,0,2,1
CUST_003795,1,Premium,26-35,North,7.5,23.1,15,0.1,4.0,1,0,0,0
CUST_003796,12,Premium,46-55,East,4.0,13.4,4,3.7,6.0,2,0,2,1
CUST_003797,9,Premium,26-35,South,19.3,54.0,9,0.9,0.0,0,0,0,0
CUST_003798,1,Standard,26-35,South,6.9,30.8,12,4.3,1.0,0,0,0,0
CUST_003799,2,Premium,46-55,North,2.0,22.6,4,4.5,3.0,2,0,0,1
CUST_003800,10,Standard,36-45,South,2.4,43.3,9,3.3,2.0,0,1,1,0
CUST_003801,4,Premium,26-35,North,27.4,15.1,11,1.3,0.0,0,0,2,0
CUST_003802,33,Basic,26-35,East,6.7,6.1,3,6.2,7.0,4,0,1,1
CUST_003803,20,Premium,26-35,North,34.1,55.4,8,0.2,2.0,0,1,1,0
CUST_003804,49,Basic,36-45,East,13.6,26.5,9,0.9,0.0,0,1,0,0
CUST_003805,3,Standard,26-35,South,1.6,20.3,2,2.6,1.0,2,0,1,1
CUST_003806,41,Basic,46-55,East,3.1,24.8,2,3.8,6.0,4,0,3,1
CUST_003807,6,Basic,36-45,East,18.5,45.3,7,4.6,2.0,0,0,0,0
CUST_003808,5,Basic,18-25,South,2.7,49.5,12,1.2,2.0,0,0,0,0
CUST_003809,1,Basic,26-35,East,1.6,53.4,7,4.3,1.0,0,0,0,0
CUST_003810,1,Basic,26-35,South,24.1,36.1,4,2.4,1.0,0,0,1,0
CUST_003811,14,Standard,26-35,West,23.3,14.0,8,3.3,0.0,0,1,0,0
CUST_003812,7,Basic,36-45,East,19.2,17.0,4,3.0,3.0,0,1,0,0
CUST_003813,3,Basic,36-45,East,18.2,12.0,12,0.9,0.0,0,0,0,0
CUST_003814,11,Basic,46-55,West,15.0,44.8,7,1.6,1.0,0,0,0,0
CUST_003815,3,Standard,26-35,West,19.5,31.9,6,15.0,3.0,0,0,1,0
CUST_003816,10,Basic,56+,East,1.8,10.3,2,0.4,1.0,2,0,0,1
CUST_003817,5,Basic,26-35,North,6.1,27.3,8,1.2,4.0,0,1,2,0
CUST_003818,20,Basic,26-35,East,4.8,15.6,14,1.6,0.0,1,0,0,0
CUST_003819,20,Standard,36-45,South,10.6,21.9,5,1.3,0.0,0,0,1,0
CUST_003820,7,Basic,46-55,East,1.5,40.8,9,1.7,0.0,1,1,1,0
CUST_003821,5,Basic,26-35,East,9.7,16.3,5,10.8,4.0,4,0,0,1
CUST_003822,5,Basic,46-55,East,,8.0,3,22.8,0.0,2,0,2,1
CUST_003823,19,Premium,46-55,East,22.7,35.0,5,5.8,4.0,0,0,1,0
CUST_003824,4,Basic,46-55,East,4.5,76.4,12,1.1,1.0,0,0,0,0
CUST_003825,2,Standard,18-25,North,5.2,11.3,3,4.2,4.0,2,0,1,1
CUST_003826,1,Basic,46-55,North,8.9,28.1,6,2.8,3.0,0,1,1,0
CUST_003827,7,Basic,46-55,East,0.9,11.0,7,0.0,0.0,0,0,2,0
CUST_003828,7,Basic,36-45,South,9.2,17.9,8,0.4,2.0,0,0,1,0
CUST_003829,22,Basic,46-55,West,3.1,16.3,11,3.1,1.0,0,1,1,0
CUST_003830,3,Basic,56+,North,0.5,15.0,3,5.1,1.0,4,0,1,1
CUST_003831,5,Basic,26-35,North,8.3,55.0,14,3.1,2.0,1,0,0,0
CUST_003832,19,Basic,18-25,East,1.3,67.7,8,5.7,3.0,0,1,0,0
CUST_003833,20,Standard,36-45,East,23.1,9.3,4,1.5,3.0,0,0,1,0
CUST_003834,5,Premium,18-25,South,4.6,45.0,5,0.3,2.0,1,0,1,0
CUST_003835,7,Basic,26-35,South,8.7,33.9,7,2.6,2.0,1,0,0,0
CUST_003836,4,Standard,36-45,North,7.9,68.2,6,5.4,2.0,0,0,0,0
CUST_003837,32,Premium,26-35,North,22.9,47.5,12,0.8,2.0,2,0,0,0
CUST_003838,1,Standard,36-45,North,4.3,20.9,6,1.5,0.0,0,0,0,0
CUST_003839,32,Basic,46-55,East,2.4,14.3,4,0.5,4.0,2,1,1,1
CUST_003840,13,Standard,26-35,West,8.0,40.5,9,1.9,3.0,1,0,0,0
CUST_003841,9,Basic,56+,South,1.6,27.8,2,2.3,1.0,4,0,1,1
CUST_003842,1,Standard,18-25,North,5.0,23.2,8,3.2,1.0,0,0,0,0
CUST_003843,7,Basic,46-55,East,1.8,17.1,4,3.0,1.0,2,0,0,1
CUST_003844,6,Basic,46-55,West,9.6,7.0,7,3.6,2.0,0,1,0,0
CUST_003845,2,Basic,26-35,North,12.9,1.7,7,0.6,0.0,0,1,0,0
CUST_003846,12,Basic,26-35,South,16.5,47.2,10,4.4,0.0,1,1,0,0
CUST_003847,42,Standard,26-35,North,15.7,10.9,8,1.5,,0,0,0,0
CUST_003848,9,Basic,46-55,North,10.8,16.3,7,2.0,3.0,0,1,0,0
CUST_003849,15,Standard,46-55,East,10.7,30.4,4,0.7,1.0,0,0,0,0
CUST_003850,1,Basic,26-35,West,10.5,20.5,11,4.2,5.0,0,1,0,0
CUST_003851,6,Basic,36-45,East,7.1,10.3,3,1.0,3.0,0,1,0,0
CUST_003852,1,Standard,18-25,West,1.3,8.4,2,13.6,1.0,5,0,0,1
CUST_003853,11,Premium,36-45,South,30.1,84.7,14,1.5,0.0,0,0,1,0
CUST_003854,33,Basic,56+,West,10.4,68.9,13,2.0,0.0,0,1,1,0
CUST_003855,13,Basic,26-35,North,13.2,42.6,11,1.9,1.0,0,0,0,0
CUST_003856,1,Premium,56+,North,7.0,19.5,5,2.8,1.0,0,0,0,0
CUST_003857,5,Basic,46-55,East,29.4,19.4,8,2.7,,1,0,0,0
CUST_003858,9,Premium,56+,South,27.4,15.0,11,2.6,2.0,2,0,0,0
CUST_003859,6,Standard,26-35,South,5.4,54.8,8,0.6,1.0,0,0,1,0
CUST_003860,21,Basic,26-35,East,2.2,11.9,4,2.0,3.0,4,1,1,1
CUST_003861,20,Basic,18-25,South,13.1,11.2,7,2.4,3.0,0,1,0,0
CUST_003862,11,Basic,46-55,East,3.5,4.3,4,34.5,4.0,0,0,1,1
CUST_003863,5,Basic,36-45,South,4.8,17.4,6,2.9,0.0,4,0,0,1
CUST_003864,3,Premium,26-35,West,28.9,,7,1.2,1.0,0,0,0,0
CUST_003865,1,Standard,46-55,South,,15.5,5,1.4,1.0,0,0,0,0
CUST_003866,5,Standard,26-35,East,6.7,22.7,8,5.3,2.0,0,0,0,0
CUST_003867,6,Standard,18-25,North,10.8,41.0,7,3.2,2.0,1,0,1,0
CUST_003868,13,Basic,26-35,West,0.9,13.8,4,14.1,3.0,4,0,0,1
CUST_003869,12,Standard,18-25,East,9.0,72.3,4,0.4,1.0,0,1,1,0
CUST_003870,1,Basic,26-35,North,1.0,4.3,2,8.3,1.0,2,0,0,1
CUST_003871,6,Standard,26-35,North,12.3,10.4,13,1.7,1.0,0,0,1,0
CUST_003872,2,Basic,46-55,South,7.0,15.7,9,5.5,0.0,0,0,0,0
CUST_003873,2,Standard,46-55,East,22.7,30.6,10,0.8,1.0,1,0,2,0
CUST_003874,21,Premium,26-35,East,25.9,39.3,11,0.4,2.0,0,0,1,0
CUST_003875,1,Basic,46-55,South,9.4,33.3,13,4.0,1.0,1,0,0,0
CUST_003876,6,Basic,36-45,East,24.2,54.9,5,0.9,2.0,1,0,1,0
CUST_003877,2,Standard,26-35,West,2.5,16.8,3,4.0,3.0,4,0,1,1
CUST_003878,25,Basic,46-55,North,3.1,56.8,8,0.8,0.0,1,0,0,0
CUST_003879,9,Standard,36-45,South,,4.0,5,6.4,3.0,2,0,0,1
CUST_003880,3,Premium,36-45,East,9.6,45.5,8,2.3,1.0,0,1,1,0
CUST_003881,8,Basic,36-45,East,6.8,39.4,5,2.4,0.0,0,0,0,0
CUST_003882,15,Basic,36-45,North,8.1,16.2,9,3.7,2.0,0,0,0,0
CUST_003883,38,Standard,26-35,North,0.7,12.7,1,0.3,0.0,2,0,0,1
CUST_003884,2,Basic,46-55,North,4.0,42.9,15,0.1,2.0,0,0,1,0
CUST_003885,26,Basic,26-35,East,5.1,25.0,7,0.3,0.0,0,0,0,0
CUST_003886,32,Premium,46-55,East,35.7,52.2,14,1.8,1.0,0,0,0,0
CUST_003887,29,Standard,26-35,North,5.0,17.8,8,1.3,1.0,0,0,0,0
CUST_003888,12,Basic,18-25,South,2.7,22.4,2,1.9,6.0,2,1,0,1
CUST_003889,11,Basic,36-45,South,,32.9,8,6.4,3.0,0,0,0,0
CUST_003890,6,Standard,26-35,West,3.3,12.4,3,13.1,6.0,2,0,1,1
CUST_003891,16,Standard,46-55,North,28.0,,7,0.8,2.0,0,1,1,0
CUST_003892,9,Standard,26-35,East,13.7,37.2,11,5.2,1.0,0,1,1,0
CUST_003893,13,Basic,36-45,West,12.2,43.2,8,2.1,4.0,0,0,0,0
CUST_003894,6,Premium,26-35,West,2.5,43.9,8,5.2,1.0,0,1,0,0
CUST_003895,15,Standard,26-35,East,9.8,20.3,9,1.1,2.0,1,0,2,0
CUST_003896,20,Standard,26-35,South,8.6,11.8,9,1.8,0.0,1,0,0,0
CUST_003897,1,Standard,36-45,West,15.6,40.8,6,0.7,1.0,1,0,0,0
CUST_003898,21,Basic,36-45,East,12.5,15.7,7,8.9,3.0,0,1,1,0
CUST_003899,9,Premium,36-45,East,16.6,13.7,11,1.2,0.0,0,0,0,0
CUST_003900,22,Basic,56+,North,10.2,20.2,6,1.5,1.0,1,0,0,0
CUST_003901,6,Basic,36-45,North,5.0,16.5,3,3.1,1.0,0,0,1,0
CUST_003902,5,Standard,56+,East,3.2,98.7,9,0.5,,0,0,0,0
CUST_003903,29,Standard,18-25,West,10.4,26.2,7,0.1,3.0,0,1,1,0
CUST_003904,3,Standard,18-25,West,3.3,65.9,9,1.9,2.0,0,1,1,0
CUST_003905,22,Standard,26-35,West,8.1,47.3,8,1.6,3.0,0,0,0,0
CUST_003906,7,Basic,18-25,East,21.1,12.7,14,5.2,0.0,0,0,0,0
CUST_003907,8,Premium,36-45,South,36.0,,14,0.1,1.0,2,1,1,0
CUST_003908,4,Basic,36-45,East,6.6,21.1,12,0.2,1.0,0,1,0,0
CUST_003909,10,Premium,36-45,East,24.9,22.1,12,3.7,4.0,0,0,0,0
CUST_003910,4,Basic,46-55,East,7.9,29.9,9,3.3,3.0,0,0,0,0
CUST_003911,1,Standard,56+,West,3.2,27.4,9,1.0,0.0,0,0,2,0
CUST_003912,3,Basic,46-55,South,8.0,,11,0.8,1.0,1,1,1,0
CUST_003913,1,Standard,18-25,North,30.0,14.1,7,2.5,2.0,0,0,1,0
CUST_003914,45,Premium,26-35,West,17.8,55.2,14,2.9,0.0,1,0,1,0
CUST_003915,40,Basic,26-35,North,1.9,9.8,4,11.3,3.0,0,0,1,1
CUST_003916,6,Standard,26-35,East,10.3,61.6,9,1.4,3.0,0,0,1,0
CUST_003917,15,Standard,36-45,West,14.1,15.3,6,0.6,2.0,0,0,2,0
CUST_003918,5,Standard,36-45,South,16.4,18.4,4,0.2,1.0,0,1,0,0
CUST_003919,13,Premium,26-35,West,9.7,39.7,7,1.2,1.0,0,0,1,0
CUST_003920,19,Basic,46-55,South,24.4,,11,1.2,0.0,1,0,1,0
CUST_003921,35,Basic,46-55,West,3.7,16.3,2,21.5,1.0,0,0,0,1
CUST_003922,6,Basic,18-25,North,10.4,67.0,9,0.9,1.0,0,0,0,0
CUST_003923,18,Basic,26-35,East,0.9,9.0,5,13.4,3.0,2,0,0,1
CUST_003924,3,Basic,46-55,East,19.9,22.1,9,5.4,1.0,0,1,1,0
CUST_003925,55,Standard,36-45,South,1.3,19.2,6,6.0,1.0,2,0,0,1
CUST_003926,1,Basic,26-35,East,13.4,62.6,7,0.6,2.0,0,1,0,0
CUST_003927,11,Basic,26-35,West,5.4,16.5,9,0.2,4.0,0,0,0,0
CUST_003928,12,Basic,26-35,East,2.6,49.2,11,0.3,0.0,1,0,0,0
CUST_003929,13,Standard,18-25,West,5.7,40.4,11,0.0,2.0,0,0,0,0
CUST_003930,1,Standard,46-55,South,1.6,38.4,12,3.8,3.0,0,0,0,0
CUST_003931,33,Basic,18-25,East,4.4,39.1,6,1.6,3.0,0,0,0,0
CUST_003932,2,Premium,26-35,South,3.6,12.3,5,10.5,3.0,2,0,1,1
CUST_003933,11,Basic,18-25,West,1.4,11.0,1,3.6,1.0,2,0,1,1
CUST_003934,3,Premium,46-55,North,15.0,63.2,7,4.7,3.0,1,1,0,0
CUST_003935,4,Standard,18-25,South,7.6,13.8,14,3.6,0.0,0,0,0,0
CUST_003936,9,Basic,26-35,South,10.0,6.7,7,0.7,1.0,1,1,0,0
CUST_003937,6,Standard,36-45,South,5.0,31.4,6,0.8,1.0,0,0,0,0
CUST_003938,2,Standard,26-35,West,,20.1,9,0.1,3.0,0,0,1,0
CUST_003939,2,Basic,26-35,South,2.5,45.6,6,2.3,2.0,0,0,0,0
CUST_003940,6,Premium,26-35,West,6.9,16.2,11,1.7,1.0,1,1,1,0
CUST_003941,16,Basic,46-55,South,2.6,43.5,8,6.4,3.0,0,0,1,0
CUST_003942,27,Basic,56+,West,6.1,34.4,10,0.1,1.0,1,0,2,0
CUST_003943,1,Basic,26-35,East,2.3,23.4,6,45.1,0.0,2,0,0,1
CUST_003944,5,Basic,18-25,South,13.4,21.7,6,3.5,1.0,1,1,2,0
CUST_003945,1,Basic,18-25,South,14.3,66.8,7,5.7,1.0,0,0,0,0
CUST_003946,1,Premium,46-55,South,13.7,21.6,12,0.8,0.0,0,1,1,0
CUST_003947,13,Basic,36-45,South,13.9,50.1,8,12.8,0.0,0,1,0,0
CUST_003948,11,Basic,46-55,South,9.7,58.2,7,0.1,3.0,0,0,0,0
CUST_003949,2,Standard,36-45,North,5.2,,6,1.2,2.0,0,0,0,0
CUST_003950,3,Premium,56+,South,12.7,52.7,16,2.7,2.0,0,1,0,0
CUST_003951,1,Premium,46-55,East,32.7,64.3,16,1.8,2.0,2,0,1,0
CUST_003952,21,Standard,46-55,South,7.8,9.1,3,10.6,1.0,4,0,3,1
CUST_003953,44,Premium,36-45,East,12.1,21.4,15,5.5,2.0,1,0,0,0
CUST_003954,1,Standard,26-35,West,0.8,27.4,3,0.7,3.0,2,0,0,1
CUST_003955,3,Premium,36-45,South,40.0,23.3,15,3.9,3.0,0,0,0,0
CUST_003956,24,Standard,36-45,South,7.1,45.6,7,3.2,4.0,0,1,0,0
CUST_003957,31,Basic,36-45,North,17.2,36.1,3,5.7,1.0,0,0,1,0
CUST_003958,6,Basic,26-35,South,7.9,10.4,8,1.0,2.0,0,1,0,0
CUST_003959,1,Standard,36-45,East,9.5,22.2,4,16.2,,4,0,0,1
CUST_003960,1,Basic,36-45,North,9.9,63.2,8,0.2,2.0,0,1,0,0
CUST_003961,10,Basic,36-45,North,0.9,3.5,2,16.6,6.0,0,0,2,1
CUST_003962,5,Standard,26-35,South,6.5,25.9,7,6.5,3.0,0,0,0,0
CUST_003963,1,Premium,26-35,West,15.1,25.1,12,0.8,1.0,1,1,1,0
CUST_003964,10,Basic,26-35,East,9.2,16.3,6,0.0,0.0,0,0,0,0
CUST_003965,1,Standard,46-55,West,7.8,12.4,4,0.5,3.0,4,0,0,1
CUST_003966,18,Standard,36-45,West,5.0,15.6,2,10.6,0.0,2,0,1,1
CUST_003967,4,Premium,26-35,North,12.4,77.4,18,1.6,1.0,1,1,3,0
CUST_003968,1,Premium,18-25,North,2.3,19.3,6,6.6,4.0,2,0,0,1
CUST_003969,10,Standard,36-45,South,24.9,13.9,4,3.5,0.0,0,0,0,0
CUST_003970,6,Standard,26-35,East,3.2,6.3,3,7.0,0.0,2,0,3,1
CUST_003971,43,Basic,56+,East,2.4,10.7,5,0.1,4.0,2,0,0,1
CUST_003972,9,Standard,36-45,North,3.4,30.5,9,0.3,3.0,0,0,1,0
CUST_003973,3,Standard,26-35,North,4.4,5.5,3,1.1,4.0,0,0,2,0
CUST_003974,14,Premium,36-45,North,22.2,33.8,7,3.9,0.0,0,0,1,0
CUST_003975,3,Standard,26-35,West,2.2,,8,2.1,0.0,0,0,0,0
CUST_003976,28,Basic,46-55,West,5.8,13.6,11,2.1,0.0,0,0,0,0
CUST_003977,5,Standard,26-35,North,1.2,16.6,6,1.0,3.0,0,1,0,0
CUST_003978,9,Basic,56+,North,,57.0,6,3.8,0.0,0,0,0,0
CUST_003979,1,Basic,36-45,North,4.8,28.3,9,1.2,0.0,0,0,0,0
CUST_003980,6,Basic,46-55,West,4.4,21.8,8,2.3,2.0,0,1,1,0
CUST_003981,21,Basic,18-25,West,3.4,24.1,11,3.8,1.0,0,0,1,0
CUST_003982,19,Standard,26-35,South,20.4,13.1,12,2.8,0.0,0,0,0,0
CUST_003983,3,Basic,46-55,South,4.8,13.3,6,0.9,1.0,0,0,2,0
CUST_003984,3,Basic,36-45,South,14.3,33.7,6,2.4,4.0,1,1,0,0
CUST_003985,20,Premium,26-35,East,8.0,25.0,7,1.4,2.0,0,0,0,0
CUST_003986,31,Basic,26-35,East,2.6,7.7,6,0.1,1.0,0,0,0,0
CUST_003987,1,Basic,26-35,East,12.7,33.9,10,0.6,2.0,1,1,0,0
CUST_003988,7,Basic,36-45,West,16.9,17.4,6,3.7,0.0,0,0,0,0
CUST_003989,4,Basic,26-35,North,1.3,4.2,4,4.1,4.0,0,1,0,1
CUST_003990,24,Basic,26-35,West,11.8,26.8,6,0.8,2.0,0,0,2,0
CUST_003991,1,Basic,26-35,South,6.3,34.1,9,0.2,1.0,1,1,0,0
CUST_003992,2,Standard,26-35,South,27.6,65.1,8,1.7,3.0,0,0,0,0
CUST_003993,16,Basic,26-35,East,8.0,,1,2.3,3.0,4,1,0,1
CUST_003994,1,Basic,56+,West,22.2,35.5,4,1.4,1.0,0,0,0,0
CUST_003995,8,Premium,26-35,East,4.1,33.3,2,2.0,3.0,4,0,0,1
CUST_003996,7,Basic,56+,West,23.2,94.8,9,11.4,1.0,0,0,0,0
CUST_003997,4,Premium,26-35,West,20.5,64.8,11,5.0,1.0,0,0,0,0
CUST_003998,6,Basic,26-35,South,9.0,49.2,6,1.1,2.0,0,0,1,0
CUST_003999,9,Basic,26-35,West,12.7,49.1,9,2.3,0.0,0,1,0,0
CUST_004000,2,Standard,36-45,West,3.3,20.2,9,2.5,0.0,0,0,0,0
CUST_004001,10,Basic,36-45,East,9.1,23.7,7,0.7,0.0,0,0,0,0
CUST_004002,19,Basic,36-45,East,6.3,27.0,5,4.5,0.0,0,0,0,0
CUST_004003,17,Standard,18-25,West,8.5,9.2,3,12.0,6.0,4,0,0,1
CUST_004004,2,Basic,56+,West,0.8,37.0,8,2.8,0.0,0,1,0,0
CUST_004005,1,Standard,56+,South,8.9,28.6,7,6.0,2.0,0,0,0,0
CUST_004006,3,Premium,26-35,West,,61.4,9,2.7,1.0,0,0,0,0
CUST_004007,5,Basic,36-45,West,24.6,20.0,4,2.5,0.0,0,1,0,0
CUST_004008,6,Standard,36-45,North,3.5,,3,4.4,4.0,2,0,0,1
CUST_004009,13,Standard,26-35,East,6.5,14.5,7,1.5,2.0,0,0,0,0
CUST_004010,1,Premium,18-25,North,13.5,17.9,11,2.4,1.0,0,1,2,0
CUST_004011,1,Standard,36-45,North,12.9,24.8,9,9.1,1.0,0,1,2,0
CUST_004012,5,Premium,46-55,East,2.2,53.1,21,6.3,1.0,0,0,0,0
CUST_004013,14,Basic,18-25,West,2.4,47.1,12,1.9,1.0,0,0,0,0
CUST_004014,2,Standard,36-45,North,24.7,8.5,7,0.6,1.0,0,1,0,0
CUST_004015,12,Basic,46-55,West,9.3,77.3,10,1.6,2.0,0,0,2,0
CUST_004016,3,Basic,26-35,East,30.0,3.7,4,3.6,3.0,1,0,1,0
CUST_004017,26,Premium,26-35,West,5.6,13.5,18,0.4,1.0,0,0,0,0
CUST_004018,27,Basic,46-55,West,11.9,31.7,10,1.2,2.0,0,0,1,0
CUST_004019,4,Premium,26-35,West,14.1,26.0,11,5.2,1.0,0,0,0,0
CUST_004020,3,Basic,26-35,West,20.1,14.4,9,1.8,0.0,1,0,1,0
CUST_004021,6,Standard,26-35,West,2.0,10.4,6,2.0,0.0,0,1,1,0
CUST_004022,3,Basic,26-35,North,24.8,14.9,15,1.4,2.0,0,0,0,0
CUST_004023,13,Basic,46-55,South,8.7,14.5,11,3.3,1.0,0,0,0,0
CUST_004024,20,Basic,36-45,North,3.8,17.2,4,2.0,0.0,4,1,0,1
CUST_004025,13,Standard,26-35,East,11.7,38.2,8,0.2,0.0,0,1,0,0
CUST_004026,20,Basic,36-45,North,7.2,15.1,12,7.1,2.0,0,0,0,0
CUST_004027,6,Standard,56+,North,4.5,13.9,2,0.8,6.0,2,1,0,1
CUST_004028,2,Basic,18-25,West,18.3,23.3,9,3.8,0.0,0,1,1,0
CUST_004029,16,Basic,26-35,East,1.7,16.6,3,4.1,1.0,2,0,2,1
CUST_004030,5,Basic,56+,West,,12.1,3,8.6,1.0,2,0,0,1
CUST_004031,13,Basic,56+,North,11.7,29.2,11,3.9,1.0,0,0,0,0
CUST_004032,3,Standard,26-35,South,25.7,17.4,11,3.0,3.0,0,0,0,0
CUST_004033,1,Premium,18-25,South,9.2,70.6,11,0.2,2.0,0,0,1,0
CUST_004034,58,Basic,26-35,North,0.3,16.7,15,1.0,0.0,0,0,1,0
CUST_004035,2,Standard,18-25,South,2.7,14.9,3,3.4,1.0,2,0,0,1
CUST_004036,53,Standard,36-45,South,4.2,21.5,6,0.1,1.0,0,0,0,0
CUST_004037,45,Basic,18-25,North,22.7,26.5,11,10.3,3.0,0,1,2,0
CUST_004038,18,Basic,18-25,East,0.2,42.1,4,0.7,1.0,0,0,2,0
CUST_004039,12,Standard,36-45,South,8.2,57.5,3,29.4,3.0,4,0,0,1
CUST_004040,10,Basic,56+,North,10.5,16.7,10,0.7,1.0,0,0,2,0
CUST_004041,24,Basic,26-35,East,1.3,11.4,3,7.2,1.0,2,1,0,1
CUST_004042,4,Basic,26-35,East,10.9,10.7,7,2.1,1.0,1,0,0,0
CUST_004043,7,Standard,56+,West,1.2,31.0,8,1.0,0.0,0,0,0,0
CUST_004044,11,Basic,36-45,South,13.4,11.4,6,3.9,0.0,0,0,0,0
CUST_004045,6,Basic,26-35,West,7.4,51.3,4,2.5,1.0,0,0,0,0
CUST_004046,6,Basic,26-35,West,0.7,69.2,7,3.2,0.0,0,1,0,0
CUST_004047,4,Basic,26-35,East,2.3,36.8,10,2.3,1.0,0,0,1,0
CUST_004048,9,Basic,36-45,South,,30.0,10,0.3,1.0,0,0,1,0
CUST_004049,22,Premium,26-35,North,39.8,16.5,9,10.6,2.0,0,0,0,0
CUST_004050,2,Basic,26-35,East,27.1,50.5,7,2.9,1.0,0,1,0,0
CUST_004051,32,Standard,26-35,East,16.9,8.4,4,4.4,2.0,0,0,0,0
CUST_004052,14,Basic,26-35,West,0.9,21.7,4,1.3,3.0,2,0,0,1
CUST_004053,20,Standard,36-45,East,18.9,17.0,10,2.8,3.0,1,0,0,0
CUST_004054,9,Standard,18-25,West,29.4,35.7,5,3.4,3.0,1,1,0,0
CUST_004055,18,Basic,26-35,West,22.6,14.1,6,1.8,3.0,0,0,1,0
CUST_004056,1,Standard,56+,West,10.5,8.4,11,1.2,0.0,0,0,2,0
CUST_004057,20,Basic,36-45,South,1.5,13.1,2,6.8,4.0,0,0,1,1
CUST_004058,1,Standard,18-25,North,18.2,40.1,8,9.9,1.0,0,0,0,0
CUST_004059,26,Basic,36-45,West,7.9,37.3,8,2.9,1.0,1,0,0,0
CUST_004060,57,Premium,18-25,West,11.7,60.8,5,2.9,2.0,0,0,1,0
CUST_004061,4,Standard,46-55,North,4.1,13.3,2,2.4,,2,0,1,1
CUST_004062,2,Premium,46-55,West,12.4,57.4,19,0.7,3.0,0,0,0,0
CUST_004063,17,Standard,36-45,East,1.3,14.9,3,12.7,0.0,2,0,1,1
CUST_004064,3,Basic,46-55,North,6.0,12.3,5,0.2,2.0,0,0,0,0
CUST_004065,24,Standard,18-25,East,24.8,13.9,11,3.4,3.0,0,0,0,0
CUST_004066,1,Premium,46-55,West,12.1,17.6,7,2.6,1.0,0,0,3,0
CUST_004067,1,Premium,18-25,East,8.6,22.0,5,3.6,0.0,0,0,0,0
CUST_004068,46,Basic,26-35,West,3.7,26.1,7,5.8,1.0,0,0,1,0
CUST_004069,13,Standard,56+,North,1.8,27.4,6,9.4,7.0,2,0,0,1
CUST_004070,22,Basic,36-45,East,13.8,44.3,6,1.9,0.0,0,0,1,0
CUST_004071,4,Standard,56+,West,10.3,22.6,5,1.5,0.0,0,0,0,0
CUST_004072,13,Basic,18-25,South,9.5,31.9,6,1.5,0.0,0,0,1,0
CUST_004073,10,Basic,36-45,South,6.7,12.9,3,4.0,1.0,4,0,1,1
CUST_004074,11,Premium,18-25,East,24.7,8.9,14,3.8,0.0,0,0,1,0
CUST_004075,13,Basic,36-45,West,8.5,,12,4.6,2.0,0,1,2,0
CUST_004076,10,Standard,18-25,North,14.9,35.5,10,1.5,2.0,1,0,0,0
CUST_004077,6,Standard,26-35,South,2.4,4.9,4,3.1,1.0,2,1,0,1
CUST_004078,3,Basic,26-35,North,18.2,39.4,8,10.8,2.0,0,0,1,0
CUST_004079,17,Basic,46-55,South,7.1,34.7,7,5.9,1.0,0,0,0,0
CUST_004080,3,Standard,26-35,East,26.9,14.6,11,0.8,2.0,1,1,0,0
CUST_004081,14,Basic,46-55,West,7.9,,10,1.8,0.0,0,1,0,0
CUST_004082,3,Standard,18-25,South,3.0,68.5,7,8.4,1.0,0,1,0,0
CUST_004083,11,Premium,18-25,East,15.6,40.6,8,0.3,2.0,0,0,0,0
CUST_004084,16,Basic,26-35,West,7.5,32.0,5,9.3,1.0,0,1,0,0
CUST_004085,2,Basic,56+,South,1.1,14.5,6,21.2,3.0,2,0,0,1
CUST_004086,1,Basic,18-25,East,27.8,37.7,8,0.3,2.0,0,0,0,0
CUST_004087,1,Standard,18-25,West,7.2,37.0,4,0.9,3.0,1,0,1,0
CUST_004088,11,Basic,46-55,South,,41.1,6,0.1,3.0,0,0,1,0
CUST_004089,22,Basic,26-35,North,3.7,16.3,5,13.2,4.0,2,0,2,1
CUST_004090,1,Standard,46-55,East,4.9,20.3,5,0.4,4.0,0,0,0,0
CUST_004091,15,Premium,26-35,South,8.4,42.3,8,1.0,1.0,0,0,0,0
CUST_004092,5,Basic,36-45,South,11.2,49.3,9,7.9,1.0,0,0,0,0
CUST_004093,7,Basic,26-35,West,2.1,3.2,3,2.9,0.0,4,0,0,1
CUST_004094,31,Premium,36-45,East,24.6,38.8,8,1.5,1.0,1,0,0,0
CUST_004095,4,Standard,46-55,West,4.8,70.6,8,1.2,3.0,0,0,2,0
CUST_004096,7,Standard,46-55,North,1.8,17.7,1,14.9,4.0,0,0,1,1
CUST_004097,1,Standard,36-45,West,4.5,37.1,3,25.7,1.0,4,1,0,1
CUST_004098,1,Premium,56+,West,1.2,16.0,9,11.9,1.0,2,0,0,1
CUST_004099,3,Standard,26-35,West,7.4,33.0,9,0.8,2.0,1,0,1,0
CUST_004100,1,Premium,26-35,South,9.9,,14,3.1,1.0,0,1,0,0
CUST_004101,11,Standard,36-45,South,6.0,28.8,6,1.8,3.0,0,0,0,0
CUST_004102,6,Standard,36-45,East,2.8,101.5,5,5.4,0.0,0,1,1,0
CUST_004103,9,Basic,18-25,West,4.2,23.1,10,5.4,0.0,0,0,0,0
CUST_004104,2,Basic,36-45,West,16.5,19.1,9,2.4,0.0,1,0,0,0
CUST_004105,4,Standard,26-35,North,1.8,14.3,4,12.3,4.0,2,1,0,1
CUST_004106,13,Basic,46-55,West,18.7,7.6,4,1.0,2.0,0,1,0,0
CUST_004107,40,Standard,46-55,West,7.1,19.8,4,5.7,0.0,4,0,0,1
CUST_004108,1,Basic,36-45,East,3.4,7.7,1,18.8,4.0,4,0,1,1
CUST_004109,26,Standard,18-25,North,19.1,6.1,4,1.4,1.0,0,0,0,0
CUST_004110,10,Basic,36-45,West,11.6,17.9,10,6.2,,0,0,0,0
CUST_004111,9,Standard,46-55,East,6.9,29.4,5,2.8,0.0,0,0,0,0
CUST_004112,8,Standard,26-35,West,3.9,19.6,3,2.4,1.0,0,0,0,0
CUST_004113,1,Basic,36-45,West,7.8,19.6,5,2.4,0.0,1,1,1,0
CUST_004114,1,Standard,56+,North,23.4,15.8,7,6.5,0.0,1,1,1,0
CUST_004115,11,Basic,26-35,East,,84.0,7,3.6,1.0,0,1,0,0
CUST_004116,5,Basic,26-35,South,27.5,32.9,9,1.5,0.0,0,1,0,0
CUST_004117,29,Basic,26-35,West,2.8,18.3,5,2.2,3.0,2,0,0,1
CUST_004118,6,Basic,36-45,South,7.8,13.9,2,16.6,1.0,2,0,0,1
CUST_004119,1,Premium,56+,North,34.7,27.7,7,3.3,2.0,0,1,0,0
CUST_004120,15,Basic,36-45,West,6.3,25.8,10,5.1,1.0,0,0,0,0
CUST_004121,4,Standard,26-35,North,3.9,4.2,4,0.6,1.0,0,0,0,0
CUST_004122,8,Basic,36-45,East,0.4,48.5,7,6.1,2.0,0,0,0,0
CUST_004123,14,Standard,36-45,South,6.9,45.7,8,5.0,2.0,0,0,2,0
CUST_004124,27,Basic,36-45,East,13.3,11.4,6,5.2,0.0,0,1,2,0
CUST_004125,18,Standard,26-35,East,1.9,5.7,4,0.0,3.0,4,0,0,1
CUST_004126,13,Standard,36-45,South,5.2,22.3,5,3.0,0.0,0,0,1,0
CUST_004127,13,Standard,26-35,West,10.3,18.7,8,2.0,3.0,0,1,0,0
CUST_004128,35,Basic,18-25,North,14.9,53.3,9,0.9,0.0,1,0,0,0
CUST_004129,4,Standard,36-45,South,5.1,20.9,2,18.5,3.0,2,0,1,1
CUST_004130,1,Basic,56+,South,1.8,16.8,1,14.0,,2,0,0,1
CUST_004131,3,Basic,26-35,East,2.6,16.9,1,3.1,4.0,2,0,0,1
CUST_004132,2,Basic,56+,South,1.9,16.4,4,10.3,0.0,2,0,2,1
CUST_004133,13,Basic,18-25,North,9.5,16.8,8,2.2,4.0,0,0,2,0
CUST_004134,12,Basic,46-55,West,4.7,12.8,10,5.2,0.0,0,0,0,0
CUST_004135,10,Standard,18-25,South,4.1,12.8,10,2.8,1.0,0,0,1,0
CUST_004136,1,Basic,26-35,South,2.0,6.5,2,11.7,3.0,0,0,0,1
CUST_004137,15,Basic,36-45,South,25.7,21.2,6,0.5,0.0,1,0,0,0
CUST_004138,4,Basic,36-45,North,10.0,26.7,11,3.9,3.0,0,0,0,0
CUST_004139,13,Standard,46-55,North,19.9,26.8,11,1.0,3.0,1,0,0,0
CUST_004140,9,Standard,36-45,North,18.8,5.5,12,1.1,,1,0,0,0
CUST_004141,5,Basic,36-45,North,19.3,31.7,8,1.4,2.0,0,0,0,0
CUST_004142,1,Standard,56+,North,16.7,36.7,10,0.3,2.0,0,0,0,0
CUST_004143,1,Standard,36-45,South,27.8,13.4,9,3.8,1.0,0,0,0,0
CUST_004144,21,Basic,26-35,East,4.9,19.5,3,23.6,3.0,0,0,0,1
CUST_004145,30,Standard,26-35,East,5.0,7.9,1,2.9,4.0,2,1,0,1
CUST_004146,12,Standard,26-35,North,10.2,22.6,6,0.0,0.0,0,0,1,0
CUST_004147,1,Standard,46-55,West,0.9,24.4,4,3.0,1.0,2,0,0,1
CUST_004148,6,Basic,18-25,West,5.1,15.8,6,0.1,3.0,0,0,2,0
CUST_004149,15,Basic,18-25,West,17.2,35.7,11,2.7,1.0,0,1,0,0
CUST_004150,18,Basic,18-25,South,7.0,7.3,8,3.9,2.0,0,1,0,0
CUST_004151,1,Standard,36-45,East,17.0,13.5,8,1.1,0.0,0,0,0,0
CUST_004152,1,Premium,26-35,North,11.5,30.2,5,0.6,1.0,1,1,0,0
CUST_004153,14,Basic,26-35,West,23.2,5.0,6,0.1,1.0,1,1,0,0
CUST_004154,5,Basic,36-45,North,20.4,32.9,8,6.2,2.0,0,0,0,0
CUST_004155,3,Standard,46-55,South,3.7,20.5,7,2.1,3.0,0,0,0,0
CUST_004156,1,Standard,26-35,South,1.9,29.8,8,0.2,0.0,0,0,0,0
CUST_004157,9,Premium,36-45,East,3.8,52.0,16,1.2,2.0,1,0,0,0
CUST_004158,22,Standard,18-25,East,1.9,7.9,10,1.7,0.0,0,1,1,0
CUST_004159,37,Premium,56+,North,17.3,47.3,14,1.5,2.0,0,0,0,0
CUST_004160,10,Basic,26-35,South,5.4,11.9,4,12.0,1.0,2,0,0,1
CUST_004161,8,Basic,56+,West,10.9,50.6,10,1.6,1.0,0,1,0,0
CUST_004162,1,Basic,56+,West,4.8,15.0,2,2.0,1.0,4,0,2,1
CUST_004163,9,Standard,46-55,East,12.5,36.4,5,1.7,3.0,0,0,0,0
CUST_004164,5,Basic,18-25,East,1.8,12.6,7,2.8,4.0,2,0,0,1
CUST_004165,11,Basic,36-45,North,25.3,21.9,5,0.2,1.0,0,1,0,0
CUST_004166,5,Basic,18-25,North,,10.9,2,27.1,0.0,2,0,0,1
CUST_004167,3,Basic,46-55,South,1.6,20.3,2,3.7,3.0,2,1,0,1
CUST_004168,1,Premium,46-55,South,6.9,10.9,4,0.7,0.0,0,0,1,0
CUST_004169,4,Basic,56+,East,11.6,26.8,7,1.9,2.0,0,0,0,0
CUST_004170,1,Basic,36-45,South,21.7,23.7,8,2.3,3.0,0,1,4,0
CUST_004171,2,Standard,36-45,North,2.3,1.7,3,3.1,3.0,2,0,0,1
CUST_004172,52,Basic,36-45,South,3.6,28.4,10,1.3,3.0,0,0,0,0
CUST_004173,7,Standard,26-35,North,16.1,54.8,11,3.6,0.0,0,0,0,0
CUST_004174,9,Standard,36-45,West,16.7,26.7,8,3.3,3.0,0,0,2,0
CUST_004175,24,Premium,36-45,North,10.8,21.3,8,1.1,4.0,0,0,0,0
CUST_004176,60,Premium,56+,South,2.9,7.3,4,4.8,0.0,2,0,0,1
CUST_004177,10,Basic,36-45,East,5.5,40.3,9,0.4,0.0,0,0,1,0
CUST_004178,20,Standard,46-55,North,27.9,60.7,10,2.0,1.0,0,0,1,0
CUST_004179,4,Basic,46-55,North,15.8,52.9,7,2.1,1.0,1,1,1,0
CUST_004180,4,Basic,36-45,East,12.8,24.1,8,0.6,2.0,1,0,0,0
CUST_004181,6,Basic,26-35,North,3.6,19.3,6,1.3,0.0,4,1,0,1
CUST_004182,13,Basic,36-45,East,17.9,32.6,7,0.5,0.0,0,0,1,0
CUST_004183,13,Premium,26-35,West,6.7,23.0,11,6.0,1.0,0,0,1,0
CUST_004184,4,Basic,18-25,South,3.2,12.7,4,8.0,1.0,2,1,0,1
CUST_004185,1,Standard,26-35,South,5.7,19.2,8,0.7,1.0,0,0,0,0
CUST_004186,12,Basic,56+,West,2.8,31.5,2,10.9,1.0,2,1,1,1
CUST_004187,1,Basic,18-25,South,1.2,9.9,4,2.3,0.0,2,1,1,1
CUST_004188,10,Premium,36-45,West,2.0,44.3,9,1.3,2.0,0,0,1,0
CUST_004189,14,Basic,46-55,North,7.3,53.5,9,0.2,0.0,1,0,0,0
CUST_004190,14,Standard,36-45,East,21.8,22.8,9,3.9,2.0,0,1,0,0
CUST_004191,16,Basic,36-45,East,17.4,46.0,12,0.8,1.0,1,0,0,0
CUST_004192,24,Basic,46-55,West,10.9,38.1,5,1.8,2.0,1,0,1,0
CUST_004193,8,Basic,26-35,North,8.2,32.7,7,0.5,1.0,1,1,0,0
CUST_004194,15,Standard,18-25,South,29.0,38.4,12,4.5,1.0,0,0,3,0
CUST_004195,11,Basic,56+,North,12.0,54.8,9,2.0,2.0,0,0,0,0
CUST_004196,2,Basic,26-35,West,2.7,16.9,3,16.8,1.0,2,0,1,1
CUST_004197,1,Basic,36-45,South,8.4,89.6,10,0.8,3.0,0,1,1,0
CUST_004198,4,Standard,36-45,West,20.4,102.2,8,0.1,1.0,0,0,0,0
CUST_004199,7,Standard,18-25,South,1.3,20.2,5,1.2,3.0,0,1,0,0
CUST_004200,11,Standard,56+,North,18.5,13.9,7,2.3,0.0,1,0,1,0
CUST_004201,22,Basic,46-55,South,8.2,10.5,7,2.6,1.0,0,0,1,0
CUST_004202,2,Premium,18-25,East,10.7,15.9,11,5.3,1.0,0,0,1,0
CUST_004203,1,Standard,56+,West,4.5,43.0,11,2.5,0.0,0,0,1,0
CUST_004204,39,Standard,46-55,South,10.7,57.9,6,0.5,1.0,0,1,2,0
CUST_004205,1,Standard,36-45,West,11.3,5.7,6,2.8,0.0,0,0,0,0
CUST_004206,7,Standard,36-45,North,8.7,10.2,3,0.6,1.0,0,1,1,0
CUST_004207,10,Basic,18-25,East,2.4,31.3,5,10.4,3.0,2,0,0,1
CUST_004208,9,Premium,36-45,East,19.3,19.5,14,0.3,2.0,0,0,0,0
CUST_004209,1,Premium,18-25,South,33.5,58.0,8,0.5,0.0,0,1,1,0
CUST_004210,1,Basic,36-45,North,21.5,64.4,6,1.6,2.0,0,1,1,0
CUST_004211,1,Basic,36-45,South,2.6,16.7,3,1.4,3.0,2,0,0,1
CUST_004212,10,Premium,46-55,North,7.4,26.2,19,2.4,2.0,0,0,2,0
CUST_004213,9,Basic,46-55,West,9.3,36.2,6,4.0,1.0,1,0,0,0
CUST_004214,3,Premium,26-35,West,4.3,29.6,8,3.7,1.0,0,1,2,0
CUST_004215,12,Basic,46-55,East,11.9,17.2,5,0.5,1.0,1,0,0,0
CUST_004216,20,Basic,36-45,East,2.6,5.8,3,11.5,4.0,0,0,0,1
CUST_004217,1,Basic,36-45,North,4.5,31.5,7,0.9,0.0,0,1,0,0
CUST_004218,8,Basic,26-35,North,17.7,26.2,4,0.4,1.0,0,1,1,0
CUST_004219,14,Basic,46-55,West,3.1,25.2,4,1.6,0.0,0,1,2,0
CUST_004220,3,Basic,56+,East,13.2,17.9,10,0.1,3.0,1,1,0,0
CUST_004221,4,Standard,46-55,East,0.6,13.3,2,1.1,6.0,2,0,0,1
CUST_004222,11,Premium,56+,West,36.5,87.1,11,2.7,4.0,0,0,0,0
CUST_004223,27,Basic,26-35,South,8.5,27.9,6,0.0,1.0,0,0,0,0
CUST_004224,19,Standard,46-55,North,2.2,29.4,8,1.8,3.0,0,0,2,0
CUST_004225,10,Standard,36-45,West,8.3,18.4,3,4.5,0.0,0,0,0,0
CUST_004226,15,Standard,26-35,South,26.8,36.2,4,0.9,3.0,1,0,0,0
CUST_004227,5,Standard,36-45,West,2.8,50.5,13,5.4,0.0,1,1,1,0
CUST_004228,12,Basic,36-45,South,13.3,17.1,9,9.8,1.0,0,1,0,0
CUST_004229,7,Basic,26-35,North,10.1,35.7,7,2.9,1.0,1,0,1,0
CUST_004230,2,Basic,18-25,North,5.1,29.1,10,6.4,0.0,0,0,0,0
CUST_004231,14,Basic,26-35,East,8.7,17.5,6,5.3,1.0,0,0,0,0
CUST_004232,9,Standard,26-35,East,8.6,16.5,8,3.1,0.0,0,0,1,0
CUST_004233,5,Basic,26-35,South,0.5,4.2,2,2.5,4.0,0,0,2,1
CUST_004234,29,Premium,26-35,South,6.0,38.7,14,1.3,2.0,0,0,0,0
CUST_004235,1,Premium,26-35,East,8.7,36.5,9,5.5,1.0,0,0,2,0
CUST_004236,4,Premium,56+,North,32.0,27.3,11,0.6,1.0,0,1,0,0
CUST_004237,1,Premium,46-55,South,45.0,37.5,8,5.8,0.0,0,0,1,0
CUST_004238,17,Basic,26-35,South,1.1,15.2,4,2.0,7.0,2,1,1,1
CUST_004239,14,Standard,56+,South,14.7,23.4,8,4.9,3.0,0,0,0,0
CUST_004240,4,Basic,36-45,East,1.9,24.6,7,3.7,1.0,0,0,0,0
CUST_004241,13,Standard,36-45,North,28.2,51.2,6,1.5,1.0,0,0,0,0
CUST_004242,6,Premium,36-45,South,16.6,,8,0.2,2.0,0,1,0,0
CUST_004243,16,Premium,26-35,South,5.3,17.6,4,2.9,0.0,4,0,0,1
CUST_004244,7,Basic,26-35,South,5.7,13.4,8,0.5,2.0,0,0,0,0
CUST_004245,6,Standard,26-35,West,8.1,43.2,7,1.4,3.0,1,0,0,0
CUST_004246,32,Basic,36-45,North,4.5,30.5,10,0.6,1.0,0,1,0,0
CUST_004247,3,Basic,36-45,East,3.2,13.7,4,26.0,3.0,0,0,1,1
CUST_004248,1,Standard,46-55,North,1.4,10.2,3,10.5,3.0,0,1,1,1
CUST_004249,10,Basic,26-35,West,6.1,19.6,3,11.5,6.0,2,0,1,1
CUST_004250,41,Premium,46-55,West,8.9,23.9,12,3.2,2.0,1,1,2,0
CUST_004251,5,Basic,36-45,South,9.1,21.4,9,1.1,0.0,0,0,0,0
CUST_004252,1,Premium,56+,West,29.2,29.8,15,2.0,0.0,0,0,0,0
CUST_004253,4,Basic,26-35,North,13.3,31.9,8,8.8,1.0,1,0,2,0
CUST_004254,8,Standard,56+,North,1.9,7.5,4,7.1,4.0,0,1,0,1
CUST_004255,2,Standard,46-55,South,12.4,46.2,7,10.5,1.0,0,0,1,0
CUST_004256,12,Premium,36-45,South,14.3,24.6,8,2.3,0.0,0,0,0,0
CUST_004257,60,Basic,36-45,South,1.0,16.1,8,0.1,3.0,0,1,1,0
CUST_004258,7,Premium,18-25,South,18.9,56.8,14,1.6,2.0,0,0,0,0
CUST_004259,5,Basic,56+,South,8.5,32.9,5,3.5,0.0,0,1,0,0
CUST_004260,6,Basic,18-25,East,2.7,28.4,7,14.1,1.0,4,0,0,1
CUST_004261,1,Basic,36-45,North,13.6,20.9,8,6.0,2.0,0,1,0,0
CUST_004262,25,Standard,26-35,North,4.3,36.5,11,2.7,2.0,0,0,0,0
CUST_004263,6,Basic,26-35,South,12.7,,10,4.5,1.0,1,0,0,0
CUST_004264,5,Standard,36-45,South,20.1,13.7,7,3.0,2.0,0,1,0,0
CUST_004265,12,Standard,56+,North,3.2,67.0,10,3.4,1.0,0,0,0,0
CUST_004266,7,Basic,36-45,North,12.3,41.9,12,2.2,3.0,0,1,0,0
CUST_004267,12,Premium,56+,East,0.6,39.5,12,1.0,1.0,0,0,1,0
CUST_004268,1,Basic,36-45,North,7.4,36.2,7,5.7,2.0,0,0,1,0
CUST_004269,20,Premium,26-35,West,14.7,61.8,15,2.2,1.0,2,1,1,0
CUST_004270,33,Basic,26-35,North,5.3,33.6,5,0.9,2.0,0,1,1,0
CUST_004271,12,Standard,46-55,North,4.0,14.7,3,5.2,3.0,4,0,1,1
CUST_004272,37,Basic,18-25,South,5.4,27.4,3,4.5,2.0,0,1,0,0
CUST_004273,1,Basic,36-45,West,3.4,14.4,9,1.1,1.0,0,0,0,0
CUST_004274,7,Basic,18-25,East,15.0,31.3,11,2.7,3.0,0,1,0,0
CUST_004275,11,Basic,26-35,South,2.0,27.8,13,3.6,2.0,0,1,0,0
CUST_004276,10,Basic,46-55,North,11.1,20.4,7,2.6,2.0,0,0,0,0
CUST_004277,6,Basic,36-45,South,3.0,12.2,3,18.2,1.0,0,0,0,1
CUST_004278,4,Basic,26-35,North,4.0,6.6,6,5.4,4.0,2,0,1,1
CUST_004279,1,Standard,26-35,East,10.6,49.2,7,2.6,0.0,0,0,0,0
CUST_004280,5,Standard,26-35,East,18.0,35.6,4,3.6,1.0,0,0,0,0
CUST_004281,2,Premium,18-25,South,4.0,1.7,4,1.1,12.0,0,0,0,1
CUST_004282,15,Standard,36-45,North,1.4,39.0,3,2.7,1.0,4,0,1,1
CUST_004283,2,Standard,36-45,West,4.2,,5,6.6,3.0,2,0,0,1
CUST_004284,1,Standard,18-25,East,8.4,12.8,5,1.0,1.0,0,1,0,0
CUST_004285,9,Basic,26-35,West,23.4,19.3,4,2.3,0.0,0,0,0,0
CUST_004286,10,Standard,26-35,South,3.0,51.5,6,2.6,1.0,0,1,0,0
CUST_004287,24,Basic,26-35,East,13.2,10.9,6,3.3,1.0,0,0,1,0
CUST_004288,10,Premium,36-45,North,15.1,12.3,15,1.9,1.0,0,0,0,0
CUST_004289,5,Standard,26-35,South,17.0,43.1,5,1.0,5.0,0,1,0,0
CUST_004290,19,Basic,26-35,East,1.5,13.2,5,20.4,0.0,5,0,0,1
CUST_004291,9,Standard,46-55,West,7.7,56.4,11,3.3,2.0,1,0,2,0
CUST_004292,1,Basic,26-35,South,19.0,47.3,13,0.6,2.0,0,0,0,0
CUST_004293,10,Basic,36-45,West,0.8,31.7,11,1.5,1.0,0,0,0,0
CUST_004294,28,Basic,36-45,East,2.4,15.8,9,1.9,4.0,0,0,1,0
CUST_004295,6,Standard,26-35,South,12.7,13.5,6,3.2,2.0,0,0,0,0
CUST_004296,4,Standard,46-55,West,1.1,24.4,3,8.1,4.0,4,1,0,1
CUST_004297,1,Standard,36-45,East,8.2,33.1,10,11.4,1.0,0,0,1,0
CUST_004298,1,Basic,36-45,East,3.8,32.8,7,0.9,1.0,0,0,1,0
CUST_004299,6,Standard,36-45,South,9.8,36.0,6,3.1,4.0,0,1,0,0
CUST_004300,10,Standard,46-55,South,26.7,37.0,6,0.7,4.0,2,0,2,0
CUST_004301,1,Basic,56+,West,4.6,29.6,8,1.0,,0,0,2,0
CUST_004302,33,Standard,36-45,South,4.1,27.8,7,0.2,2.0,0,1,1,0
CUST_004303,16,Basic,46-55,North,18.1,14.9,6,6.3,1.0,1,0,1,0
CUST_004304,10,Basic,18-25,West,1.6,7.6,4,18.9,4.0,2,0,0,1
CUST_004305,21,Basic,36-45,West,1.1,10.5,0,7.8,3.0,2,0,0,1
CUST_004306,1,Standard,26-35,South,1.8,31.6,1,3.8,1.0,2,1,0,1
CUST_004307,7,Basic,18-25,North,11.7,17.2,6,3.5,0.0,1,0,1,0
CUST_004308,11,Basic,36-45,East,3.8,27.9,11,7.0,0.0,0,0,0,0
CUST_004309,21,Basic,46-55,North,10.2,20.0,9,6.7,3.0,0,0,0,0
CUST_004310,18,Basic,26-35,South,12.9,19.1,8,0.5,2.0,1,0,0,0
CUST_004311,3,Basic,36-45,North,3.1,9.6,7,8.3,3.0,2,0,0,1
CUST_004312,33,Basic,36-45,East,5.9,56.1,9,0.4,5.0,1,1,0,0
CUST_004313,1,Standard,26-35,North,7.7,21.7,3,6.5,3.0,0,0,1,0
CUST_004314,24,Basic,26-35,East,27.6,13.4,3,4.1,5.0,1,0,0,0
CUST_004315,42,Standard,26-35,East,5.3,12.1,6,2.2,1.0,0,0,0,0
CUST_004316,2,Standard,26-35,South,8.1,,8,2.7,2.0,0,0,0,0
CUST_004317,15,Basic,36-45,North,23.2,21.7,8,3.3,1.0,0,1,0,0
CUST_004318,1,Basic,18-25,North,24.5,45.1,7,0.2,1.0,0,1,1,0
CUST_004319,6,Premium,18-25,South,3.7,4.4,3,6.5,1.0,4,0,1,1
CUST_004320,8,Basic,36-45,South,3.1,26.8,8,0.1,1.0,0,0,0,0
CUST_004321,10,Basic,36-45,East,15.2,16.5,4,1.5,2.0,0,0,1,0
CUST_004322,32,Basic,26-35,North,7.5,42.3,14,0.8,5.0,0,0,1,0
CUST_004323,13,Standard,26-35,East,22.7,33.2,14,0.4,3.0,1,0,0,0
CUST_004324,7,Standard,26-35,East,1.8,28.0,6,0.2,0.0,0,0,0,0
CUST_004325,19,Premium,46-55,South,4.6,39.4,9,0.1,0.0,0,0,0,0
CUST_004326,36,Premium,46-55,South,12.3,37.2,12,0.6,4.0,0,1,1,0
CUST_004327,1,Basic,46-55,West,8.9,5.4,6,1.3,2.0,0,1,0,0
CUST_004328,48,Basic,18-25,West,2.1,12.5,3,1.7,3.0,2,0,0,1
CUST_004329,1,Basic,36-45,West,9.4,44.8,5,1.1,2.0,0,0,2,0
CUST_004330,20,Basic,26-35,South,16.0,23.0,7,1.9,1.0,0,0,0,0
CUST_004331,3,Basic,26-35,West,8.6,16.0,5,0.9,2.0,0,1,1,0
CUST_004332,1,Basic,26-35,North,7.9,11.6,7,5.7,3.0,4,0,0,1
CUST_004333,6,Basic,46-55,South,6.1,43.7,9,0.7,1.0,1,1,0,0
CUST_004334,12,Basic,36-45,South,17.4,4.1,10,0.8,2.0,0,1,0,0
CUST_004335,5,Basic,36-45,South,5.7,22.4,5,1.8,4.0,4,0,0,1
CUST_004336,1,Premium,36-45,East,5.3,52.0,11,8.3,3.0,0,0,0,0
CUST_004337,10,Standard,26-35,North,11.2,35.2,6,3.3,0.0,0,0,2,0
CUST_004338,27,Premium,26-35,West,12.2,16.1,8,1.2,3.0,0,0,0,0
CUST_004339,5,Basic,36-45,East,9.3,18.4,7,4.0,1.0,0,0,0,0
CUST_004340,2,Basic,36-45,West,4.0,16.1,3,10.8,3.0,2,0,0,1
CUST_004341,7,Basic,46-55,North,2.5,13.4,3,15.6,4.0,0,1,1,1
CUST_004342,1,Basic,26-35,East,10.2,35.8,10,0.2,0.0,1,0,0,0
CUST_004343,20,Basic,46-55,South,4.3,8.8,4,11.0,0.0,2,0,1,1
CUST_004344,21,Premium,26-35,East,4.0,56.3,9,5.5,2.0,0,1,0,0
CUST_004345,10,Premium,36-45,East,18.4,49.8,15,5.1,1.0,0,0,2,0
CUST_004346,5,Basic,36-45,North,1.3,10.6,12,2.1,2.0,0,0,0,0
CUST_004347,19,Basic,56+,North,6.7,7.6,3,13.8,1.0,4,0,0,1
CUST_004348,9,Basic,26-35,East,3.1,10.0,7,3.2,1.0,0,0,1,0
CUST_004349,20,Basic,36-45,East,3.2,18.8,7,1.5,1.0,0,0,1,0
CUST_004350,11,Basic,36-45,North,1.1,19.6,1,2.7,4.0,2,1,1,1
CUST_004351,18,Basic,26-35,South,30.0,14.3,3,4.3,1.0,0,1,0,0
CUST_004352,10,Basic,18-25,South,19.9,37.8,16,5.7,1.0,0,0,2,0
CUST_004353,6,Basic,46-55,East,5.1,26.6,10,0.8,2.0,0,0,0,0
CUST_004354,38,Basic,26-35,North,9.1,9.5,8,5.4,5.0,0,0,2,0
CUST_004355,9,Basic,26-35,East,11.9,16.2,6,3.3,2.0,0,0,0,0
CUST_004356,11,Basic,56+,East,3.4,19.4,10,3.5,0.0,0,1,0,0
CUST_004357,2,Premium,46-55,East,0.6,31.1,9,0.0,1.0,0,0,1,0
CUST_004358,11,Basic,26-35,West,2.5,9.6,2,7.4,9.0,0,0,2,1
CUST_004359,10,Premium,36-45,South,3.9,72.5,9,0.4,2.0,1,0,0,0
CUST_004360,2,Standard,36-45,South,2.4,28.1,2,3.3,3.0,2,0,0,1
CUST_004361,1,Premium,46-55,North,13.5,46.6,15,5.8,1.0,0,1,0,0
CUST_004362,11,Standard,46-55,South,0.7,14.2,5,3.9,0.0,2,1,2,1
CUST_004363,17,Standard,46-55,North,6.9,40.0,4,5.2,1.0,0,1,1,0
CUST_004364,8,Premium,26-35,West,11.0,51.8,11,7.2,0.0,0,1,3,0
CUST_004365,3,Basic,36-45,West,5.5,9.1,3,26.9,1.0,0,0,2,1
CUST_004366,13,Basic,18-25,South,8.7,26.6,6,8.2,1.0,0,0,0,0
CUST_004367,1,Premium,18-25,South,14.3,38.3,14,6.8,0.0,0,0,2,0
CUST_004368,6,Standard,46-55,North,7.8,32.6,10,1.8,1.0,1,0,0,0
CUST_004369,2,Premium,18-25,West,18.0,48.4,14,5.1,1.0,1,1,0,0
CUST_004370,2,Standard,36-45,West,10.7,33.4,6,2.6,2.0,0,0,0,0
CUST_004371,2,Premium,46-55,South,3.3,76.2,16,2.2,1.0,0,0,0,0
CUST_004372,5,Standard,26-35,East,15.4,52.6,9,0.9,2.0,0,0,0,0
CUST_004373,1,Standard,18-25,South,6.7,20.0,5,0.1,1.0,1,0,1,0
CUST_004374,6,Standard,46-55,North,16.5,36.4,4,11.3,4.0,0,0,1,0
CUST_004375,8,Premium,56+,North,14.0,43.2,12,1.5,,2,1,1,0
CUST_004376,7,Standard,46-55,East,16.7,21.1,7,2.9,0.0,0,1,1,0
CUST_004377,5,Standard,36-45,North,14.3,34.9,10,2.1,2.0,0,0,0,0
CUST_004378,21,Standard,26-35,North,1.8,13.5,3,8.2,3.0,2,1,0,1
CUST_004379,1,Basic,18-25,North,4.3,38.3,5,0.8,1.0,0,1,0,0
CUST_004380,8,Basic,36-45,South,18.4,51.5,8,0.8,2.0,0,0,2,0
CUST_004381,1,Premium,26-35,East,19.3,20.3,4,1.9,0.0,0,0,0,0
CUST_004382,1,Standard,46-55,North,19.2,38.8,12,0.1,5.0,2,0,0,0
CUST_004383,10,Basic,36-45,West,1.6,6.5,2,7.1,3.0,0,0,0,1
CUST_004384,10,Basic,36-45,South,2.7,18.2,4,10.4,1.0,2,0,3,1
CUST_004385,25,Standard,46-55,South,6.8,28.6,6,4.4,2.0,0,0,0,0
CUST_004386,9,Standard,46-55,North,11.1,25.8,9,9.3,2.0,0,0,0,0
CUST_004387,38,Standard,36-45,South,4.6,29.3,7,1.6,,0,0,0,0
CUST_004388,1,Standard,56+,North,7.6,2.9,4,1.0,3.0,5,0,0,1
CUST_004389,1,Basic,56+,South,9.8,12.0,16,7.5,0.0,1,0,2,0
CUST_004390,1,Basic,56+,West,9.8,25.5,11,1.4,2.0,1,0,0,0
CUST_004391,2,Basic,46-55,East,10.0,15.1,7,6.0,0.0,0,1,0,0
CUST_004392,9,Standard,46-55,West,6.7,27.8,4,2.5,0.0,1,0,1,0
CUST_004393,12,Basic,36-45,North,10.4,35.9,5,3.5,2.0,0,0,0,0
CUST_004394,1,Standard,18-25,South,12.4,43.0,6,4.4,2.0,0,0,0,0
CUST_004395,35,Standard,26-35,North,5.7,24.6,5,1.9,0.0,0,0,0,0
CUST_004396,22,Standard,18-25,East,4.6,39.6,10,1.6,3.0,0,0,0,0
CUST_004397,4,Premium,18-25,West,11.1,36.1,9,3.7,0.0,0,0,1,0
CUST_004398,1,Basic,26-35,West,7.5,29.7,7,0.6,0.0,1,0,0,0
CUST_004399,2,Standard,18-25,North,14.0,9.0,10,4.2,2.0,0,0,0,0
CUST_004400,1,Basic,56+,South,6.0,,9,3.1,0.0,0,0,2,0
CUST_004401,1,Basic,46-55,North,7.4,7.7,2,5.0,6.0,4,1,0,1
CUST_004402,8,Basic,18-25,North,17.1,36.4,3,5.9,3.0,0,0,1,0
CUST_004403,3,Basic,26-35,North,7.8,19.2,4,5.3,1.0,0,0,0,0
CUST_004404,5,Standard,46-55,South,4.8,4.6,2,2.6,1.0,2,0,0,1
CUST_004405,54,Standard,46-55,South,14.7,76.9,7,1.2,3.0,1,0,0,0
CUST_004406,13,Basic,56+,South,9.4,6.8,4,2.0,3.0,5,0,0,1
CUST_004407,35,Basic,56+,South,4.4,4.1,3,4.9,1.0,2,0,1,1
CUST_004408,1,Standard,56+,West,2.4,3.5,2,2.0,3.0,2,1,1,1
CUST_004409,5,Standard,26-35,North,14.5,21.0,4,1.5,3.0,0,1,0,0
CUST_004410,9,Basic,26-35,North,7.9,14.7,9,1.3,5.0,0,0,1,0
CUST_004411,1,Standard,46-55,East,2.1,11.5,5,1.4,1.0,2,1,0,1
CUST_004412,1,Standard,26-35,East,18.9,30.5,14,6.7,2.0,0,0,0,0
CUST_004413,13,Standard,46-55,North,10.0,42.3,13,1.7,3.0,1,1,1,0
CUST_004414,12,Basic,36-45,West,20.2,23.6,4,2.0,0.0,0,0,0,0
CUST_004415,6,Standard,46-55,South,13.7,11.7,8,3.2,2.0,0,1,0,0
CUST_004416,8,Standard,26-35,South,4.0,14.6,5,7.0,3.0,5,0,0,1
CUST_004417,6,Standard,36-45,South,15.9,20.3,6,0.4,0.0,1,1,0,0
CUST_004418,1,Standard,36-45,South,14.6,8.4,10,0.5,0.0,0,1,0,0
CUST_004419,4,Premium,56+,East,5.7,25.7,26,8.1,2.0,0,0,0,0
CUST_004420,2,Basic,26-35,South,6.8,22.4,6,4.6,0.0,5,0,0,1
CUST_004421,1,Premium,56+,South,38.7,37.4,11,1.8,0.0,0,0,0,0
CUST_004422,37,Standard,46-55,West,8.2,13.6,16,3.8,0.0,1,0,0,0
CUST_004423,10,Standard,46-55,South,14.5,48.8,11,2.6,1.0,1,1,0,0
CUST_004424,15,Basic,46-55,East,29.6,19.6,5,1.2,2.0,2,1,0,0
CUST_004425,4,Basic,36-45,South,6.9,49.7,3,2.2,1.0,0,0,1,0
CUST_004426,5,Standard,26-35,South,10.6,12.9,10,0.7,0.0,0,0,1,0
CUST_004427,3,Standard,26-35,North,10.1,45.4,17,3.3,0.0,0,0,1,0
CUST_004428,1,Basic,46-55,West,9.2,30.4,11,2.1,3.0,0,1,1,0
CUST_004429,2,Standard,46-55,East,29.3,45.9,6,3.5,2.0,0,0,2,0
CUST_004430,19,Basic,26-35,North,2.5,32.3,8,3.1,2.0,0,0,0,0
CUST_004431,13,Premium,36-45,North,12.5,31.3,11,2.1,3.0,0,0,0,0
CUST_004432,9,Premium,26-35,West,11.6,16.4,9,4.6,1.0,0,0,0,0
CUST_004433,7,Basic,26-35,West,3.9,23.3,3,8.3,4.0,4,0,0,1
CUST_004434,30,Premium,36-45,East,5.8,21.3,16,1.5,3.0,1,0,1,0
CUST_004435,1,Premium,26-35,South,26.2,92.8,11,2.6,0.0,0,0,2,0
CUST_004436,3,Basic,18-25,West,6.7,18.8,5,8.6,1.0,4,0,1,1
CUST_004437,5,Standard,36-45,North,5.0,30.6,11,5.4,2.0,0,0,0,0
CUST_004438,18,Basic,36-45,East,6.0,24.7,6,2.0,0.0,0,1,1,0
CUST_004439,58,Standard,18-25,South,3.5,43.3,9,5.1,1.0,0,0,0,0
CUST_004440,3,Basic,26-35,East,6.6,50.1,7,0.8,1.0,1,1,0,0
CUST_004441,24,Basic,26-35,North,10.5,49.3,8,0.0,0.0,1,1,1,0
CUST_004442,21,Basic,18-25,East,2.8,38.7,10,0.2,1.0,0,0,0,0
CUST_004443,3,Basic,18-25,East,3.6,28.7,4,13.1,0.0,4,1,2,1
CUST_004444,6,Standard,18-25,West,0.9,6.0,3,1.5,1.0,2,0,1,1
CUST_004445,6,Basic,26-35,East,,34.8,7,1.7,0.0,1,0,0,0
CUST_004446,45,Basic,46-55,West,10.9,17.7,8,2.2,1.0,0,0,1,0
CUST_004447,2,Premium,26-35,West,10.3,44.8,8,0.0,3.0,0,1,0,0
CUST_004448,19,Basic,18-25,South,1.3,9.0,4,18.7,1.0,0,0,1,1
CUST_004449,4,Standard,18-25,North,10.5,32.5,10,1.1,1.0,1,0,0,0
CUST_004450,15,Premium,26-35,East,11.8,38.4,7,3.7,2.0,0,0,0,0
CUST_004451,6,Premium,46-55,West,4.1,44.2,3,6.1,0.0,4,1,1,1
CUST_004452,10,Basic,26-35,North,6.7,,7,5.5,1.0,0,0,0,0
CUST_004453,21,Basic,26-35,East,3.4,12.6,2,27.1,0.0,0,0,0,1
CUST_004454,19,Premium,26-35,North,6.4,36.9,9,1.6,0.0,0,0,0,0
CUST_004455,24,Basic,36-45,North,18.2,11.6,7,4.7,0.0,1,1,0,0
CUST_004456,1,Basic,18-25,East,9.8,9.7,4,3.6,4.0,4,0,0,1
CUST_004457,14,Basic,36-45,East,0.8,39.7,7,4.5,0.0,0,1,0,0
CUST_004458,1,Basic,26-35,East,8.4,44.6,6,0.1,0.0,0,0,1,0
CUST_004459,6,Standard,18-25,West,22.1,39.6,12,0.5,1.0,1,1,0,0
CUST_004460,9,Standard,36-45,North,6.2,36.6,9,0.9,1.0,1,1,2,0
CUST_004461,6,Premium,46-55,North,24.1,21.7,4,1.4,1.0,0,0,0,0
CUST_004462,8,Standard,36-45,West,14.0,,10,2.4,0.0,1,0,2,0
CUST_004463,60,Basic,26-35,East,2.1,4.3,4,21.8,1.0,0,0,0,1
CUST_004464,1,Basic,36-45,South,8.0,68.3,10,1.3,1.0,2,1,1,0
CUST_004465,13,Premium,26-35,East,13.0,17.5,11,0.8,1.0,0,0,0,0
CUST_004466,6,Basic,46-55,West,5.6,49.0,5,1.5,1.0,1,0,1,0
CUST_004467,1,Basic,36-45,East,6.0,21.3,4,7.5,4.0,4,0,0,1
CUST_004468,2,Premium,18-25,West,21.2,39.0,14,0.6,0.0,0,0,2,0
CUST_004469,35,Standard,36-45,South,9.5,85.9,5,6.0,1.0,1,0,0,0
CUST_004470,25,Basic,36-45,South,7.5,19.0,2,15.0,6.0,2,1,1,1
CUST_004471,28,Premium,26-35,West,,31.9,9,1.4,1.0,0,0,1,0
CUST_004472,57,Premium,46-55,East,12.9,21.2,12,1.4,1.0,0,0,0,0
CUST_004473,2,Basic,46-55,North,1.6,56.5,14,3.0,0.0,0,0,0,0
CUST_004474,5,Premium,26-35,East,4.3,27.1,12,0.4,3.0,0,0,0,0
CUST_004475,13,Basic,56+,East,24.7,25.6,11,2.5,1.0,0,1,1,0
CUST_004476,7,Standard,26-35,North,12.8,14.8,6,0.5,0.0,0,0,0,0
CUST_004477,6,Premium,46-55,East,32.5,26.7,9,3.1,1.0,2,0,0,0
CUST_004478,5,Premium,46-55,North,,43.8,7,5.9,2.0,1,1,2,0
CUST_004479,10,Basic,36-45,South,30.0,44.3,11,0.0,1.0,0,1,0,0
CUST_004480,10,Basic,26-35,East,8.2,32.3,10,1.3,0.0,1,0,3,0
CUST_004481,2,Basic,56+,North,3.8,19.1,3,6.9,1.0,2,1,0,1
CUST_004482,7,Standard,26-35,North,1.8,34.6,13,1.7,0.0,0,1,0,0
CUST_004483,9,Basic,26-35,West,15.2,18.5,4,1.9,0.0,0,1,0,0
CUST_004484,10,Basic,26-35,East,21.4,26.9,6,2.9,2.0,0,0,2,0
CUST_004485,2,Basic,46-55,South,28.5,25.7,6,2.2,2.0,0,0,0,0
CUST_004486,16,Basic,56+,North,8.9,31.1,12,1.3,1.0,1,0,1,0
CUST_004487,1,Basic,26-35,South,4.9,18.2,7,1.6,0.0,0,0,0,0
CUST_004488,5,Standard,46-55,East,8.0,67.0,13,2.3,2.0,0,0,0,0
CUST_004489,18,Basic,26-35,North,12.6,29.1,8,6.4,1.0,1,1,2,0
CUST_004490,9,Basic,56+,South,3.5,36.9,5,33.8,6.0,0,0,2,1
CUST_004491,3,Premium,36-45,South,11.6,43.1,14,0.6,1.0,1,0,0,0
CUST_004492,14,Standard,18-25,South,4.3,2.7,3,5.8,1.0,2,0,0,1
CUST_004493,10,Basic,18-25,North,9.0,28.2,5,1.1,1.0,0,0,1,0
CUST_004494,19,Basic,18-25,North,1.5,12.3,6,6.1,3.0,2,0,0,1
CUST_004495,15,Standard,26-35,West,5.2,7.8,3,8.8,1.0,5,1,0,1
CUST_004496,11,Basic,46-55,West,2.3,38.5,4,12.8,3.0,2,0,0,1
CUST_004497,8,Standard,26-35,South,4.8,15.4,4,3.7,6.0,4,1,0,1
CUST_004498,1,Basic,56+,West,2.1,52.4,5,2.1,5.0,0,0,0,0
CUST_004499,3,Basic,36-45,East,18.8,34.7,7,0.7,2.0,0,1,3,0
CUST_004500,6,Basic,36-45,North,8.8,42.4,9,0.9,1.0,1,0,1,0
CUST_004501,10,Standard,26-35,South,7.5,120.0,9,0.3,0.0,2,1,0,0
CUST_004502,8,Premium,46-55,South,26.0,28.0,11,8.6,0.0,0,0,0,0
CUST_004503,4,Basic,36-45,East,12.6,9.5,3,1.6,2.0,1,0,0,0
CUST_004504,1,Standard,46-55,East,6.9,19.5,10,0.9,1.0,1,0,0,0
CUST_004505,8,Basic,56+,West,20.2,21.5,6,7.6,1.0,0,0,0,0
CUST_004506,4,Basic,18-25,West,8.8,14.7,5,2.6,2.0,0,1,0,0
CUST_004507,15,Premium,18-25,West,12.5,46.1,11,2.9,3.0,0,0,2,0
CUST_004508,1,Basic,46-55,West,9.8,35.5,8,3.4,1.0,0,0,0,0
CUST_004509,10,Premium,46-55,West,45.0,15.5,7,2.3,,0,1,0,0
CUST_004510,34,Standard,36-45,South,1.9,25.2,11,5.8,2.0,0,0,1,0
CUST_004511,2,Premium,26-35,North,45.0,49.1,7,1.5,2.0,2,1,0,0
CUST_004512,7,Standard,36-45,East,16.9,14.7,6,2.4,3.0,0,1,0,0
CUST_004513,1,Basic,26-35,East,7.1,12.6,15,2.9,2.0,0,0,1,0
CUST_004514,11,Basic,26-35,South,6.2,41.1,14,2.8,3.0,0,0,1,0
CUST_004515,9,Basic,36-45,West,10.8,14.0,7,0.4,0.0,0,0,0,0
CUST_004516,6,Basic,26-35,West,12.3,,13,3.5,1.0,0,1,2,0
CUST_004517,8,Basic,36-45,East,19.3,9.0,4,2.9,0.0,1,0,0,0
CUST_004518,27,Basic,56+,South,8.4,18.5,6,2.5,0.0,0,0,0,0
CUST_004519,2,Premium,46-55,West,12.6,67.5,15,2.1,2.0,1,0,0,0
CUST_004520,1,Basic,56+,North,0.5,6.4,5,5.0,1.0,2,0,0,1
CUST_004521,23,Standard,46-55,North,5.9,30.9,10,0.3,3.0,1,1,1,0
CUST_004522,10,Premium,26-35,West,37.3,58.9,9,1.8,1.0,1,0,0,0
CUST_004523,26,Premium,46-55,East,19.5,61.3,9,2.1,4.0,1,1,1,0
CUST_004524,10,Basic,56+,South,6.4,21.1,5,18.4,1.0,2,1,0,1
CUST_004525,19,Basic,56+,West,6.4,21.9,5,0.9,5.0,0,0,0,0
CUST_004526,6,Basic,36-45,South,5.8,23.1,12,5.9,0.0,0,0,2,0
CUST_004527,16,Basic,26-35,East,6.5,9.1,3,26.1,3.0,4,0,0,1
CUST_004528,29,Basic,18-25,East,11.1,11.3,7,1.4,1.0,1,0,0,0
CUST_004529,10,Standard,18-25,North,13.1,58.0,10,6.0,0.0,0,0,0,0
CUST_004530,2,Basic,56+,South,9.6,37.9,7,3.5,1.0,1,1,0,0
CUST_004531,3,Standard,36-45,West,11.1,21.3,5,6.4,1.0,0,0,0,0
CUST_004532,2,Premium,46-55,North,2.2,9.2,3,10.3,0.0,2,1,0,1
CUST_004533,3,Basic,36-45,North,27.1,16.6,14,1.8,3.0,0,0,1,0
CUST_004534,4,Basic,36-45,South,6.6,54.5,5,4.9,2.0,0,1,0,0
CUST_004535,9,Standard,18-25,North,9.9,21.9,11,3.4,1.0,1,0,1,0
CUST_004536,10,Basic,26-35,West,0.5,,2,9.9,1.0,0,1,0,1
CUST_004537,6,Standard,26-35,North,5.7,17.7,7,2.8,2.0,0,0,0,0
CUST_004538,11,Basic,36-45,East,9.4,57.1,5,3.4,3.0,0,0,0,0
CUST_004539,1,Premium,26-35,South,18.9,10.4,11,0.1,4.0,1,0,0,0
CUST_004540,1,Basic,46-55,West,0.8,10.9,6,2.2,1.0,2,0,0,1
CUST_004541,2,Basic,26-35,East,4.7,24.2,5,7.5,7.0,2,0,0,1
CUST_004542,8,Standard,46-55,South,19.4,52.7,7,3.1,2.0,1,0,0,0
CUST_004543,2,Basic,18-25,West,5.9,11.5,2,7.2,0.0,4,0,1,1
CUST_004544,3,Basic,36-45,North,20.6,40.8,6,0.8,2.0,2,0,0,0
CUST_004545,6,Basic,26-35,East,12.6,55.9,5,1.5,0.0,0,0,0,0
CUST_004546,20,Basic,46-55,West,,45.9,6,3.0,6.0,0,0,1,0
CUST_004547,1,Standard,26-35,East,3.9,6.6,4,7.4,3.0,2,0,0,1
CUST_004548,12,Standard,36-45,East,10.1,58.9,3,2.5,1.0,1,0,0,0
CUST_004549,13,Standard,56+,North,13.5,40.6,5,0.2,0.0,1,0,0,0
CUST_004550,19,Standard,18-25,North,14.1,47.2,13,0.3,2.0,0,0,2,0
CUST_004551,32,Basic,18-25,North,6.8,40.9,8,4.2,2.0,0,0,1,0
CUST_004552,1,Basic,46-55,West,6.7,69.9,9,1.1,3.0,0,1,2,0
CUST_004553,2,Standard,36-45,West,5.9,32.3,7,0.2,1.0,0,0,0,0
CUST_004554,26,Premium,26-35,South,1.8,23.9,4,5.5,0.0,2,1,0,1
CUST_004555,7,Basic,36-45,South,16.4,61.9,6,3.4,3.0,0,0,0,0
CUST_004556,9,Basic,18-25,North,3.5,3.3,3,10.9,0.0,2,1,1,1
CUST_004557,13,Basic,26-35,South,3.6,70.6,4,1.8,1.0,0,1,0,0
CUST_004558,13,Standard,26-35,South,12.5,16.5,8,6.0,2.0,0,0,0,0
CUST_004559,32,Standard,46-55,East,13.4,32.9,4,1.7,3.0,0,1,0,0
CUST_004560,60,Basic,36-45,West,3.0,21.5,9,2.0,,0,1,2,0
CUST_004561,15,Standard,36-45,East,19.1,9.1,5,6.0,0.0,0,0,0,0
CUST_004562,4,Basic,46-55,East,17.4,37.3,10,2.5,1.0,1,1,2,0
CUST_004563,25,Basic,26-35,West,9.9,24.8,10,1.1,1.0,0,0,0,0
CUST_004564,1,Standard,46-55,East,9.6,73.9,11,0.8,0.0,1,0,0,0
CUST_004565,3,Basic,46-55,South,16.3,45.7,10,5.3,1.0,0,0,1,0
CUST_004566,27,Basic,26-35,South,3.2,18.1,3,8.1,0.0,2,1,1,1
CUST_004567,3,Premium,26-35,South,28.8,38.4,16,5.4,1.0,0,1,0,0
CUST_004568,2,Premium,56+,East,1.2,22.1,8,18.8,3.0,0,1,0,1
CUST_004569,1,Standard,56+,West,10.6,33.4,2,2.1,2.0,1,0,0,0
CUST_004570,23,Basic,26-35,East,4.3,6.5,5,15.0,3.0,2,0,0,1
CUST_004571,8,Basic,18-25,West,1.4,12.1,4,1.2,3.0,2,0,1,1
CUST_004572,13,Premium,26-35,North,24.9,43.2,7,1.0,0.0,0,0,0,0
CUST_004573,3,Standard,26-35,West,2.9,10.6,2,1.7,7.0,2,0,1,1
CUST_004574,17,Premium,26-35,West,22.7,9.1,15,0.9,2.0,2,1,0,0
CUST_004575,17,Basic,36-45,East,13.0,27.8,11,2.0,1.0,0,0,0,0
CUST_004576,4,Basic,46-55,West,4.6,49.1,8,0.3,2.0,0,0,0,0
CUST_004577,6,Premium,26-35,East,2.4,26.3,7,4.4,2.0,0,0,0,0
CUST_004578,2,Standard,46-55,North,11.6,27.7,8,0.7,1.0,1,0,1,0
CUST_004579,45,Basic,18-25,North,13.3,84.9,6,8.0,1.0,0,0,0,0
CUST_004580,12,Basic,18-25,East,10.7,39.2,6,0.0,2.0,1,0,1,0
CUST_004581,32,Basic,36-45,West,2.3,23.8,3,5.9,3.0,2,0,0,1
CUST_004582,4,Basic,18-25,North,29.7,9.8,8,0.7,4.0,0,0,0,0
CUST_004583,18,Basic,26-35,East,4.3,20.3,2,12.8,1.0,5,0,0,1
CUST_004584,17,Basic,46-55,West,0.9,21.6,3,1.6,1.0,2,1,0,1
CUST_004585,14,Standard,26-35,North,16.8,73.1,12,7.9,0.0,0,0,0,0
CUST_004586,40,Basic,46-55,North,5.1,24.3,7,3.3,1.0,0,1,0,0
CUST_004587,6,Premium,26-35,South,20.7,9.9,14,1.2,1.0,1,0,0,0
CUST_004588,1,Basic,18-25,South,4.4,24.7,8,0.2,1.0,1,0,1,0
CUST_004589,13,Standard,36-45,North,4.4,9.8,3,2.7,0.0,4,1,0,1
CUST_004590,15,Basic,46-55,North,1.7,5.7,1,12.1,4.0,2,0,1,1
CUST_004591,10,Standard,26-35,North,8.3,18.2,7,0.1,4.0,0,1,2,0
CUST_004592,2,Premium,36-45,East,7.2,59.0,12,4.8,2.0,1,1,0,0
CUST_004593,8,Standard,56+,East,7.3,26.2,4,2.4,0.0,0,1,0,0
CUST_004594,4,Standard,46-55,East,5.9,,10,0.7,3.0,0,1,0,0
CUST_004595,6,Basic,26-35,East,8.6,5.6,2,22.1,6.0,2,0,0,1
CUST_004596,12,Standard,46-55,West,,18.3,5,0.1,3.0,0,1,0,0
CUST_004597,16,Premium,36-45,West,8.5,5.9,21,0.3,1.0,0,0,0,0
CUST_004598,3,Premium,46-55,West,27.6,14.7,12,1.0,2.0,0,0,1,0
CUST_004599,6,Basic,36-45,South,28.7,21.6,10,5.2,6.0,0,0,0,0
CUST_004600,3,Premium,18-25,West,4.7,14.1,15,5.0,2.0,0,1,1,0
CUST_004601,2,Basic,36-45,West,7.8,11.1,9,3.3,0.0,0,0,0,0
CUST_004602,18,Basic,36-45,South,6.4,43.4,14,4.0,3.0,0,1,0,0
CUST_004603,28,Basic,36-45,North,27.9,17.8,11,1.2,2.0,1,1,0,0
CUST_004604,5,Basic,46-55,East,10.4,13.2,8,6.5,4.0,0,0,0,0
CUST_004605,16,Standard,46-55,North,28.7,37.5,13,1.2,1.0,1,0,0,0
CUST_004606,27,Premium,36-45,South,22.1,15.8,7,0.6,1.0,1,1,1,0
CUST_004607,22,Standard,36-45,East,16.0,63.5,7,0.7,0.0,0,1,0,0
CUST_004608,2,Standard,36-45,East,8.6,8.8,6,0.3,1.0,1,0,0,0
CUST_004609,37,Standard,36-45,West,6.3,11.0,2,28.3,0.0,4,0,0,1
CUST_004610,5,Standard,56+,East,11.8,28.8,11,0.1,0.0,0,0,1,0
CUST_004611,4,Basic,36-45,East,12.8,17.0,3,2.0,0.0,1,1,2,0
CUST_004612,1,Standard,26-35,South,1.4,6.1,11,0.6,2.0,0,0,0,0
CUST_004613,7,Standard,36-45,East,24.6,25.1,9,2.7,0.0,2,1,0,0
CUST_004614,1,Standard,36-45,South,13.1,23.3,8,1.4,0.0,0,0,1,0
CUST_004615,3,Standard,36-45,West,7.8,28.3,9,0.0,0.0,0,0,0,0
CUST_004616,4,Premium,36-45,South,24.6,4.3,4,1.8,3.0,2,0,1,0
CUST_004617,19,Basic,26-35,South,8.1,34.9,5,5.1,1.0,0,0,0,0
CUST_004618,25,Basic,18-25,South,18.6,48.6,8,5.1,3.0,1,1,2,0
CUST_004619,4,Standard,26-35,West,5.7,11.1,9,0.5,0.0,1,1,0,0
CUST_004620,23,Basic,26-35,West,25.2,59.5,13,0.2,1.0,0,0,0,0
CUST_004621,23,Premium,18-25,South,15.6,12.9,9,1.9,0.0,0,0,0,0
CUST_004622,17,Basic,46-55,South,25.1,28.2,4,3.1,1.0,0,0,1,0
CUST_004623,1,Basic,26-35,East,30.0,7.7,6,3.0,1.0,2,0,1,0
CUST_004624,14,Premium,56+,West,9.6,88.8,11,0.9,1.0,1,1,1,0
CUST_004625,34,Basic,26-35,South,0.3,11.9,5,1.8,1.0,2,0,1,1
CUST_004626,13,Standard,18-25,North,0.2,24.7,2,26.6,1.0,0,0,1,1
CUST_004627,4,Basic,36-45,South,3.2,24.4,8,0.6,4.0,0,0,0,0
CUST_004628,8,Basic,26-35,East,1.4,22.6,6,3.5,1.0,2,1,0,1
CUST_004629,12,Standard,56+,South,6.3,48.1,13,2.9,2.0,0,0,0,0
CUST_004630,8,Basic,18-25,North,9.1,17.9,3,6.7,3.0,4,1,1,1
CUST_004631,1,Premium,26-35,North,5.4,27.9,6,15.8,,2,0,1,1
CUST_004632,4,Standard,56+,East,11.8,75.3,7,6.3,2.0,1,0,0,0
CUST_004633,19,Basic,26-35,West,7.6,11.0,4,1.1,4.0,4,1,0,1
CUST_004634,23,Standard,18-25,West,14.2,,12,0.3,1.0,0,1,0,0
CUST_004635,1,Standard,26-35,East,1.5,8.3,3,3.1,4.0,2,0,0,1
CUST_004636,36,Basic,36-45,West,2.0,12.3,3,9.0,1.0,2,0,1,1
CUST_004637,4,Basic,26-35,South,2.3,30.6,7,10.5,4.0,2,1,0,1
CUST_004638,13,Basic,36-45,East,4.3,42.5,8,1.3,0.0,1,0,1,0
CUST_004639,16,Standard,46-55,North,9.8,31.8,10,1.0,2.0,0,1,1,0
CUST_004640,20,Standard,46-55,East,4.6,31.9,5,0.3,0.0,0,0,0,0
CUST_004641,34,Standard,18-25,West,3.6,10.1,5,7.7,1.0,2,1,0,1
CUST_004642,4,Standard,26-35,West,10.7,39.0,9,2.5,1.0,1,1,0,0
CUST_004643,23,Standard,26-35,East,0.7,19.6,13,4.4,0.0,0,1,1,0
CUST_004644,1,Standard,36-45,West,2.6,15.5,2,19.2,1.0,0,1,1,1
CUST_004645,14,Standard,26-35,West,4.5,47.5,10,2.0,0.0,0,0,0,0
CUST_004646,16,Basic,46-55,North,8.6,44.1,6,1.4,1.0,0,0,0,0
CUST_004647,13,Premium,46-55,West,14.9,90.7,8,3.8,0.0,1,0,0,0
CUST_004648,3,Standard,18-25,South,,32.2,12,1.0,0.0,1,0,0,0
CUST_004649,24,Standard,36-45,West,16.7,24.8,9,2.8,2.0,0,0,0,0
CUST_004650,2,Standard,18-25,North,2.8,1.1,4,1.4,0.0,4,0,0,1
CUST_004651,1,Basic,26-35,North,3.4,20.0,1,4.8,1.0,4,0,0,1
CUST_004652,15,Standard,26-35,East,3.6,3.8,3,2.7,1.0,2,1,0,1
CUST_004653,7,Basic,26-35,North,15.0,32.6,5,2.3,1.0,0,0,1,0
CUST_004654,22,Standard,36-45,North,20.6,8.7,4,7.2,0.0,0,0,1,0
CUST_004655,5,Basic,36-45,East,12.6,18.6,6,2.2,1.0,0,0,0,0
CUST_004656,2,Standard,26-35,West,10.1,12.4,7,0.9,1.0,1,1,0,0
CUST_004657,21,Standard,56+,South,2.2,17.6,14,4.0,1.0,0,0,1,0
CUST_004658,9,Standard,26-35,West,4.1,9.7,2,16.3,3.0,0,0,0,1
CUST_004659,2,Basic,18-25,West,16.2,44.0,7,1.0,3.0,0,0,0,0
CUST_004660,15,Premium,18-25,East,12.5,18.7,9,2.6,1.0,0,0,0,0
CUST_004661,8,Standard,36-45,East,8.1,1.7,11,3.8,2.0,0,0,0,0
CUST_004662,11,Standard,56+,North,1.1,11.3,4,6.9,,2,0,0,1
CUST_004663,7,Basic,36-45,South,21.5,32.8,8,0.4,2.0,1,0,1,0
CUST_004664,21,Standard,56+,South,1.3,,4,38.4,1.0,0,0,0,1
CUST_004665,21,Basic,26-35,North,22.0,50.8,11,0.1,0.0,0,0,1,0
CUST_004666,14,Standard,26-35,South,5.0,,2,9.9,4.0,2,0,0,1
CUST_004667,1,Basic,36-45,South,26.2,22.1,6,0.1,2.0,0,1,0,0
CUST_004668,21,Standard,36-45,East,15.2,18.8,7,1.0,2.0,0,1,0,0
CUST_004669,13,Standard,26-35,East,16.5,25.7,5,1.8,0.0,1,0,2,0
CUST_004670,14,Basic,46-55,West,7.5,18.6,5,1.8,1.0,0,0,2,0
CUST_004671,5,Basic,18-25,North,4.3,36.5,3,1.2,3.0,4,0,0,1
CUST_004672,25,Premium,26-35,North,11.4,29.3,11,2.1,1.0,1,1,1,0
CUST_004673,15,Basic,36-45,East,2.2,25.1,4,10.8,1.0,4,0,0,1
CUST_004674,1,Standard,36-45,North,5.1,29.6,4,16.1,3.0,2,0,0,1
CUST_004675,6,Basic,26-35,West,1.9,28.5,4,10.7,0.0,2,0,0,1
CUST_004676,26,Basic,26-35,East,2.7,23.5,3,8.9,0.0,2,0,0,1
CUST_004677,1,Basic,36-45,South,5.3,30.5,6,1.2,2.0,0,0,0,0
CUST_004678,39,Standard,36-45,South,2.9,4.5,2,5.0,1.0,4,0,0,1
CUST_004679,13,Basic,46-55,South,4.7,59.2,10,1.8,2.0,0,0,1,0
CUST_004680,11,Premium,46-55,South,3.0,28.8,5,0.2,2.0,0,1,0,0
CUST_004681,3,Standard,26-35,North,3.6,33.0,7,1.4,0.0,0,0,1,0
CUST_004682,3,Basic,56+,North,11.9,32.9,10,0.9,2.0,1,1,0,0
CUST_004683,34,Standard,46-55,East,6.5,23.9,12,0.7,2.0,1,0,0,0
CUST_004684,4,Basic,26-35,North,3.6,16.5,4,13.1,4.0,2,0,0,1
CUST_004685,17,Standard,26-35,West,20.7,27.3,8,1.2,1.0,1,0,0,0
CUST_004686,5,Basic,26-35,South,28.2,29.4,9,2.5,2.0,0,1,1,0
CUST_004687,1,Basic,36-45,North,23.3,,10,0.3,0.0,1,1,1,0
CUST_004688,1,Standard,46-55,North,22.0,34.3,7,4.6,2.0,0,0,0,0
CUST_004689,9,Premium,46-55,South,21.9,23.3,11,0.1,0.0,0,0,0,0
CUST_004690,44,Basic,46-55,North,18.3,37.2,13,1.2,2.0,1,1,0,0
CUST_004691,5,Standard,26-35,North,19.3,8.4,7,1.1,1.0,0,1,1,0
CUST_004692,5,Basic,36-45,South,19.9,,6,0.3,2.0,0,1,1,0
CUST_004693,5,Standard,26-35,South,3.5,24.5,8,0.5,0.0,1,0,2,0
CUST_004694,8,Standard,18-25,West,7.6,42.7,4,1.3,2.0,1,1,1,0
CUST_004695,6,Basic,36-45,West,9.8,24.4,10,11.1,1.0,0,0,1,0
CUST_004696,25,Basic,18-25,North,1.3,6.3,3,5.5,0.0,2,1,1,1
CUST_004697,8,Basic,36-45,North,0.9,9.9,2,4.4,6.0,2,0,0,1
CUST_004698,8,Basic,36-45,East,10.8,27.3,7,0.9,1.0,0,0,2,0
CUST_004699,1,Basic,46-55,West,2.0,19.5,5,6.7,1.0,2,0,1,1
CUST_004700,48,Standard,18-25,West,6.0,26.1,4,21.5,0.0,2,0,1,1
CUST_004701,3,Premium,46-55,North,18.7,28.0,16,0.9,0.0,0,0,1,0
CUST_004702,1,Basic,56+,South,7.7,,7,0.8,2.0,1,1,0,0
CUST_004703,13,Standard,46-55,East,7.9,21.5,9,9.8,0.0,0,0,0,0
CUST_004704,10,Standard,46-55,West,5.5,13.2,8,6.0,0.0,0,0,1,0
CUST_004705,6,Premium,36-45,North,4.3,61.1,0,1.6,1.0,1,0,1,0
CUST_004706,6,Standard,26-35,East,11.1,53.0,8,2.3,1.0,0,0,2,0
CUST_004707,18,Standard,46-55,South,7.8,19.2,9,5.4,1.0,0,0,1,0
CUST_004708,2,Basic,46-55,North,1.7,21.0,4,3.3,3.0,2,0,1,1
CUST_004709,20,Basic,36-45,South,7.0,41.2,12,4.7,0.0,0,0,1,0
CUST_004710,12,Basic,46-55,North,16.9,11.3,5,0.9,1.0,1,0,0,0
CUST_004711,6,Basic,26-35,East,1.8,42.9,8,1.1,0.0,0,0,0,0
CUST_004712,7,Basic,18-25,East,8.8,35.0,6,2.2,1.0,0,0,0,0
CUST_004713,3,Standard,36-45,West,1.6,9.5,3,1.4,3.0,2,1,0,1
CUST_004714,16,Basic,26-35,South,3.5,4.5,3,10.8,,2,0,0,1
CUST_004715,8,Standard,26-35,North,1.1,23.3,3,0.3,2.0,0,0,0,0
CUST_004716,4,Basic,18-25,South,2.1,43.5,4,0.8,1.0,0,1,1,0
CUST_004717,10,Premium,26-35,South,1.4,46.1,2,7.7,3.0,4,1,3,1
CUST_004718,60,Premium,46-55,East,39.0,30.9,11,2.2,1.0,1,1,0,0
CUST_004719,6,Basic,36-45,South,10.6,38.4,9,0.1,0.0,0,1,2,0
CUST_004720,30,Basic,18-25,East,4.1,18.9,10,1.8,0.0,0,0,0,0
CUST_004721,5,Standard,36-45,East,4.2,,13,0.5,3.0,0,0,1,0
CUST_004722,1,Basic,26-35,North,14.1,14.7,11,1.7,2.0,0,0,0,0
CUST_004723,2,Basic,36-45,East,12.3,61.6,7,3.0,2.0,1,1,0,0
CUST_004724,6,Basic,26-35,South,4.1,13.0,3,1.4,3.0,2,0,0,1
CUST_004725,2,Premium,56+,West,32.7,21.3,9,1.5,2.0,0,0,0,0
CUST_004726,1,Premium,18-25,East,3.2,14.8,4,1.6,3.0,4,0,0,1
CUST_004727,29,Standard,36-45,North,1.9,67.4,8,1.5,1.0,0,0,0,0
CUST_004728,22,Standard,46-55,South,20.9,37.3,9,0.4,1.0,0,0,1,0
CUST_004729,16,Premium,56+,East,4.2,37.6,3,4.6,1.0,4,1,1,1
CUST_004730,2,Premium,26-35,North,3.0,26.6,12,0.7,0.0,1,0,0,0
CUST_004731,1,Premium,36-45,West,12.6,15.4,11,5.4,0.0,1,0,0,0
CUST_004732,1,Basic,18-25,North,9.7,6.7,2,3.7,4.0,0,0,1,0
CUST_004733,15,Basic,36-45,East,8.2,11.1,5,0.1,0.0,1,1,0,0
CUST_004734,31,Standard,18-25,West,20.0,50.0,5,3.4,1.0,2,0,1,0
CUST_004735,6,Standard,46-55,East,27.2,40.3,8,0.0,0.0,1,0,0,0
CUST_004736,1,Basic,18-25,South,5.6,51.1,3,0.2,2.0,1,0,0,0
CUST_004737,8,Basic,36-45,North,15.4,25.8,11,8.6,3.0,0,0,1,0
CUST_004738,5,Premium,36-45,North,9.4,53.7,19,3.9,1.0,0,0,1,0
CUST_004739,5,Premium,56+,East,31.1,38.3,5,1.8,3.0,0,0,0,0
CUST_004740,11,Basic,36-45,South,2.5,,5,0.1,0.0,0,0,1,0
CUST_004741,15,Premium,26-35,South,13.9,22.3,7,6.0,1.0,1,0,2,0
CUST_004742,1,Standard,26-35,West,13.1,28.2,8,2.3,2.0,0,0,1,0
CUST_004743,1,Standard,18-25,South,6.6,23.4,5,35.3,3.0,4,0,0,1
CUST_004744,60,Basic,46-55,East,6.0,57.4,6,2.7,1.0,1,0,0,0
CUST_004745,3,Basic,36-45,East,7.6,61.8,7,0.1,2.0,0,0,1,0
CUST_004746,1,Basic,36-45,East,12.3,21.5,10,0.8,1.0,1,0,0,0
CUST_004747,2,Basic,18-25,South,,30.5,13,1.5,0.0,1,0,0,0
CUST_004748,1,Standard,46-55,South,9.1,31.2,7,2.1,2.0,0,1,1,0
CUST_004749,5,Basic,36-45,West,2.9,13.9,6,14.7,1.0,2,0,0,1
CUST_004750,19,Premium,56+,South,5.6,54.3,7,8.0,4.0,0,1,0,0
CUST_004751,5,Basic,36-45,East,17.8,15.4,7,6.9,3.0,0,1,2,0
CUST_004752,7,Basic,26-35,East,1.7,22.9,3,2.3,1.0,2,1,0,1
CUST_004753,13,Standard,26-35,North,20.1,36.8,7,0.1,2.0,0,0,2,0
CUST_004754,8,Standard,26-35,West,22.8,9.3,13,0.9,2.0,0,1,1,0
CUST_004755,23,Basic,46-55,East,15.0,12.7,10,1.3,2.0,1,0,0,0
CUST_004756,24,Standard,46-55,East,6.2,31.4,10,0.6,2.0,1,0,1,0
CUST_004757,1,Standard,26-35,West,0.9,20.6,7,21.7,1.0,2,0,0,1
CUST_004758,18,Standard,26-35,West,13.2,23.2,9,6.3,0.0,0,0,0,0
CUST_004759,7,Standard,18-25,South,2.7,49.2,7,1.2,2.0,0,1,0,0
CUST_004760,53,Basic,56+,West,4.8,23.1,8,0.5,0.0,0,0,0,0
CUST_004761,7,Standard,26-35,South,5.7,37.2,9,1.7,0.0,1,0,0,0
CUST_004762,52,Premium,26-35,East,2.8,5.5,9,22.8,3.0,0,0,0,1
CUST_004763,16,Basic,26-35,North,2.2,9.8,6,11.1,4.0,0,0,0,1
CUST_004764,3,Basic,26-35,North,4.7,14.8,5,8.3,4.0,2,0,0,1
CUST_004765,9,Premium,46-55,North,45.0,63.9,12,2.7,3.0,1,0,0,0
CUST_004766,58,Basic,46-55,South,12.3,17.7,10,3.8,1.0,1,0,0,0
CUST_004767,23,Basic,26-35,North,,28.7,7,0.8,1.0,0,0,0,0
CUST_004768,1,Premium,36-45,East,4.0,8.0,4,7.0,0.0,4,0,0,1
CUST_004769,14,Basic,26-35,South,29.1,29.1,7,1.4,3.0,1,1,1,0
CUST_004770,5,Basic,56+,East,27.0,22.7,5,0.1,2.0,0,0,1,0
CUST_004771,1,Premium,26-35,North,9.3,36.7,12,4.5,3.0,0,1,0,0
CUST_004772,6,Premium,18-25,North,42.4,25.5,14,2.6,1.0,0,1,0,0
CUST_004773,3,Basic,36-45,South,,27.2,4,0.4,3.0,0,0,0,0
CUST_004774,20,Standard,26-35,South,7.3,23.8,14,0.4,1.0,1,0,1,0
CUST_004775,4,Standard,18-25,North,7.8,60.7,10,0.9,0.0,1,0,1,0
CUST_004776,21,Standard,36-45,West,5.9,22.6,7,5.2,1.0,0,0,1,0
CUST_004777,1,Basic,46-55,South,0.7,,5,9.6,3.0,2,1,0,1
CUST_004778,4,Basic,36-45,East,0.8,,5,9.6,4.0,0,1,1,1
CUST_004779,3,Basic,36-45,North,6.8,2.6,8,0.3,3.0,0,0,0,0
CUST_004780,3,Premium,36-45,West,28.3,53.3,9,3.2,1.0,0,1,1,0
CUST_004781,1,Premium,36-45,South,12.0,39.6,8,1.9,4.0,0,0,2,0
CUST_004782,2,Premium,36-45,West,7.0,31.4,12,0.5,2.0,1,0,0,0
CUST_004783,9,Premium,36-45,South,23.1,64.6,8,6.3,0.0,0,0,0,0
CUST_004784,4,Standard,26-35,North,6.5,18.2,7,10.5,3.0,4,1,0,1
CUST_004785,6,Basic,26-35,East,10.6,29.4,4,1.5,,0,1,0,0
CUST_004786,5,Standard,26-35,East,2.3,15.9,4,9.5,,2,1,0,1
CUST_004787,25,Standard,26-35,North,8.8,19.7,9,2.5,0.0,0,1,0,0
CUST_004788,28,Standard,46-55,North,0.4,42.0,8,5.9,2.0,0,0,1,0
CUST_004789,8,Basic,26-35,West,19.4,53.0,8,0.9,1.0,0,1,0,0
CUST_004790,4,Premium,26-35,North,19.8,35.4,14,0.9,1.0,1,1,2,0
CUST_004791,1,Basic,26-35,South,2.7,16.7,5,3.2,6.0,4,0,0,1
CUST_004792,36,Basic,26-35,East,9.3,21.4,10,0.7,3.0,1,0,0,0
CUST_004793,1,Standard,46-55,East,6.8,3.5,17,3.0,2.0,0,1,0,0
CUST_004794,4,Standard,36-45,North,9.2,40.8,7,0.7,0.0,1,1,1,0
CUST_004795,4,Basic,46-55,East,30.0,43.5,11,1.1,0.0,0,0,0,0
CUST_004796,4,Standard,26-35,North,19.8,11.4,8,0.4,2.0,0,1,0,0
CUST_004797,2,Basic,46-55,South,8.1,3.7,2,14.3,3.0,2,1,0,1
CUST_004798,18,Basic,56+,South,16.3,35.7,8,1.0,0.0,0,1,0,0
CUST_004799,1,Basic,36-45,West,21.0,33.7,9,0.6,2.0,0,1,0,0
CUST_004800,12,Standard,46-55,North,21.4,,13,1.8,1.0,0,0,1,0
CUST_004801,1,Premium,36-45,North,21.5,31.5,12,0.5,3.0,1,0,0,0
CUST_004802,1,Standard,56+,East,8.5,25.8,9,0.6,5.0,0,0,0,0
CUST_004803,28,Premium,46-55,South,4.9,32.8,12,2.5,0.0,0,0,1,0
CUST_004804,2,Basic,56+,East,11.6,25.5,15,1.0,3.0,1,1,0,0
CUST_004805,20,Basic,36-45,West,7.6,38.1,9,4.4,1.0,0,0,0,0
CUST_004806,9,Standard,46-55,West,3.6,38.6,7,1.9,2.0,0,1,0,0
CUST_004807,1,Basic,36-45,South,9.4,20.3,6,1.6,2.0,0,0,0,0
CUST_004808,37,Standard,26-35,East,2.3,49.1,7,1.9,0.0,0,1,1,0
CUST_004809,3,Standard,26-35,West,6.3,32.9,10,4.5,1.0,1,0,2,0
CUST_004810,23,Premium,46-55,North,24.9,79.5,2,0.0,0.0,2,0,0,0
CUST_004811,2,Basic,18-25,South,,34.3,12,0.3,0.0,0,1,0,0
CUST_004812,23,Basic,36-45,South,13.4,17.1,5,2.0,0.0,1,1,0,0
CUST_004813,1,Standard,26-35,South,6.5,20.4,3,5.2,3.0,4,0,0,1
CUST_004814,8,Basic,26-35,West,8.0,25.8,12,0.2,0.0,1,0,1,0
CUST_004815,17,Standard,46-55,East,,50.8,2,2.4,3.0,1,1,2,0
CUST_004816,32,Basic,46-55,South,8.8,10.6,6,1.5,3.0,0,1,0,0
CUST_004817,28,Basic,36-45,West,2.9,18.5,9,2.2,,0,1,0,0
CUST_004818,20,Basic,26-35,South,3.9,9.3,5,0.8,9.0,2,1,0,1
CUST_004819,26,Basic,36-45,West,28.7,40.4,10,5.5,2.0,0,0,0,0
CUST_004820,2,Standard,26-35,South,4.2,33.7,4,0.9,1.0,1,0,3,0
CUST_004821,4,Basic,26-35,North,27.5,20.3,8,0.7,1.0,2,0,1,0
CUST_004822,4,Basic,18-25,North,0.3,9.3,3,19.3,0.0,0,1,0,1
CUST_004823,5,Basic,36-45,East,2.2,20.8,4,0.8,0.0,0,1,0,0
CUST_004824,5,Basic,26-35,South,1.9,16.4,3,16.9,4.0,2,0,0,1
CUST_004825,9,Basic,36-45,North,2.5,40.6,10,0.9,4.0,0,0,1,0
CUST_004826,2,Basic,26-35,West,17.0,27.3,7,2.4,1.0,1,0,0,0
CUST_004827,14,Standard,26-35,West,1.8,24.0,11,4.1,3.0,0,1,0,0
CUST_004828,2,Standard,18-25,East,4.2,65.2,9,0.8,2.0,0,0,0,0
CUST_004829,4,Standard,56+,West,14.7,38.6,3,3.0,2.0,0,0,0,0
CUST_004830,8,Standard,36-45,West,5.3,26.9,2,31.2,1.0,0,0,0,1
CUST_004831,19,Basic,18-25,East,,11.6,8,4.7,3.0,0,0,1,0
CUST_004832,16,Standard,36-45,East,3.6,12.4,3,12.5,6.0,2,0,0,1
CUST_004833,12,Standard,46-55,West,14.2,38.3,7,1.3,1.0,0,0,0,0
CUST_004834,2,Basic,46-55,East,2.8,29.7,5,4.5,2.0,0,0,0,0
CUST_004835,9,Standard,46-55,North,3.9,,9,6.3,0.0,0,0,0,0
CUST_004836,1,Basic,18-25,South,12.1,16.6,6,0.2,0.0,0,0,0,0
CUST_004837,5,Basic,36-45,South,4.2,33.7,9,2.1,0.0,0,0,0,0
CUST_004838,6,Standard,46-55,West,4.5,5.6,3,24.2,1.0,0,0,1,1
CUST_004839,1,Basic,36-45,East,3.2,20.4,5,7.5,3.0,2,1,1,1
CUST_004840,3,Basic,46-55,West,4.8,33.0,6,0.3,1.0,0,0,0,0
CUST_004841,37,Basic,26-35,West,3.9,3.1,3,8.6,3.0,2,1,0,1
CUST_004842,36,Basic,26-35,South,0.4,,5,0.4,1.0,2,0,0,1
CUST_004843,5,Basic,46-55,East,11.8,23.6,9,1.0,2.0,0,1,1,0
CUST_004844,1,Standard,36-45,North,5.7,22.0,3,4.0,0.0,4,0,1,1
CUST_004845,2,Standard,18-25,South,21.6,22.4,11,0.9,1.0,0,1,1,0
CUST_004846,5,Standard,26-35,West,3.7,11.8,6,0.1,1.0,0,0,0,0
CUST_004847,35,Basic,46-55,East,19.0,30.1,6,1.7,0.0,0,0,1,0
CUST_004848,1,Premium,18-25,West,5.8,11.3,14,4.1,1.0,0,0,0,0
CUST_004849,17,Standard,18-25,South,15.1,16.6,6,1.2,1.0,1,0,0,0
CUST_004850,1,Basic,26-35,East,2.5,21.6,7,2.7,3.0,0,0,0,0
CUST_004851,47,Standard,56+,North,4.2,30.7,5,1.1,0.0,0,0,1,0
CUST_004852,5,Standard,56+,East,4.5,11.2,3,0.2,0.0,0,1,0,0
CUST_004853,17,Standard,36-45,South,9.2,20.5,7,9.2,1.0,0,0,1,0
CUST_004854,5,Basic,36-45,East,10.9,15.6,8,2.2,2.0,1,0,0,0
CUST_004855,11,Basic,26-35,North,0.9,8.7,6,21.1,0.0,2,0,0,1
CUST_004856,2,Premium,26-35,South,7.5,16.6,2,26.1,6.0,4,0,1,1
CUST_004857,1,Standard,46-55,East,4.6,14.7,2,7.8,3.0,2,0,2,1
CUST_004858,33,Standard,18-25,East,10.8,,3,0.3,0.0,0,1,1,0
CUST_004859,29,Standard,36-45,East,11.0,35.7,6,2.7,1.0,0,0,1,0
CUST_004860,26,Standard,36-45,East,22.8,22.0,9,7.2,1.0,1,0,0,0
CUST_004861,11,Basic,18-25,West,4.9,61.6,13,4.6,0.0,0,1,0,0
CUST_004862,19,Standard,36-45,West,19.5,17.9,9,6.6,3.0,0,0,1,0
CUST_004863,1,Basic,36-45,South,12.0,,6,0.1,0.0,0,0,0,0
CUST_004864,4,Standard,46-55,South,6.4,3.9,9,4.7,3.0,0,0,1,0
CUST_004865,4,Standard,26-35,East,5.4,11.0,7,2.9,1.0,0,0,0,0
CUST_004866,12,Basic,26-35,North,13.9,47.8,8,12.0,3.0,0,1,0,0
CUST_004867,5,Standard,36-45,South,1.9,18.7,5,4.8,0.0,2,0,0,1
CUST_004868,1,Basic,56+,North,12.5,17.9,13,1.5,1.0,1,0,0,0
CUST_004869,10,Basic,26-35,North,5.5,39.3,9,4.2,1.0,0,0,1,0
CUST_004870,20,Basic,56+,East,14.3,36.9,6,1.0,2.0,0,0,2,0
CUST_004871,5,Basic,46-55,South,2.4,20.4,5,15.7,0.0,2,0,3,1
CUST_004872,1,Basic,46-55,North,,28.9,11,1.6,2.0,0,1,0,0
CUST_004873,2,Basic,18-25,West,5.7,33.4,11,1.1,0.0,0,1,2,0
CUST_004874,3,Standard,26-35,West,21.7,30.5,10,4.0,1.0,0,0,1,0
CUST_004875,4,Standard,18-25,West,27.1,41.0,5,7.3,0.0,1,1,0,0
CUST_004876,12,Standard,26-35,South,2.9,8.4,2,0.8,3.0,2,0,0,1
CUST_004877,11,Basic,56+,North,10.7,45.5,10,1.0,0.0,0,0,0,0
CUST_004878,14,Premium,18-25,North,12.9,10.8,11,0.2,0.0,0,0,0,0
CUST_004879,5,Standard,36-45,South,5.4,32.7,11,1.7,1.0,0,0,1,0
CUST_004880,20,Basic,18-25,North,3.7,18.3,5,0.3,2.0,0,1,0,0
CUST_004881,2,Standard,46-55,West,1.6,14.8,2,9.3,4.0,4,1,0,1
CUST_004882,7,Basic,26-35,West,4.4,27.8,8,0.3,0.0,0,0,0,0
CUST_004883,19,Standard,18-25,West,6.1,58.5,9,3.5,1.0,1,0,1,0
CUST_004884,2,Basic,26-35,East,6.8,10.9,8,3.7,0.0,0,1,0,0
CUST_004885,1,Basic,46-55,East,0.6,,6,2.5,6.0,2,0,0,1
CUST_004886,25,Premium,18-25,West,24.7,85.0,16,3.3,1.0,0,1,1,0
CUST_004887,5,Basic,26-35,West,20.2,20.1,10,1.2,3.0,1,0,1,0
CUST_004888,13,Basic,18-25,East,22.7,15.9,4,0.7,2.0,1,1,0,0
CUST_004889,1,Premium,56+,North,3.3,92.9,12,1.0,4.0,0,0,0,0
CUST_004890,14,Premium,36-45,North,10.8,2.8,9,5.2,3.0,0,0,1,0
CUST_004891,4,Standard,46-55,East,17.4,24.1,6,9.1,3.0,0,0,0,0
CUST_004892,1,Basic,36-45,South,0.9,34.5,4,1.2,3.0,0,1,0,0
CUST_004893,11,Basic,18-25,West,1.5,12.9,3,3.9,4.0,2,0,1,1
CUST_004894,3,Standard,36-45,East,14.6,46.6,9,1.1,0.0,0,0,0,0
CUST_004895,5,Basic,18-25,East,6.4,37.3,10,0.7,3.0,0,1,1,0
CUST_004896,1,Basic,26-35,North,7.3,43.2,7,0.3,0.0,1,0,0,0
CUST_004897,1,Standard,36-45,South,2.3,5.2,4,2.6,1.0,2,0,1,1
CUST_004898,4,Basic,36-45,South,10.4,68.3,6,2.6,2.0,0,0,1,0
CUST_004899,1,Basic,18-25,East,9.5,46.7,10,2.3,2.0,0,1,2,0
CUST_004900,29,Basic,18-25,South,3.3,19.0,12,0.4,1.0,0,0,0,0
CUST_004901,1,Basic,46-55,West,18.8,35.0,3,4.5,2.0,1,0,1,0
CUST_004902,7,Basic,46-55,East,0.6,22.2,7,2.9,3.0,0,0,3,0
CUST_004903,1,Basic,18-25,East,11.4,20.5,12,1.4,0.0,1,0,0,0
CUST_004904,4,Basic,18-25,West,9.5,18.0,3,5.5,0.0,0,0,0,0
CUST_004905,31,Standard,46-55,West,23.1,18.8,9,2.1,1.0,0,0,0,0
CUST_004906,2,Standard,46-55,North,2.9,3.2,3,1.4,4.0,2,0,0,1
CUST_004907,40,Basic,56+,West,2.5,10.0,3,15.2,3.0,0,1,0,1
CUST_004908,2,Standard,26-35,North,17.3,34.2,9,1.9,1.0,1,0,0,0
CUST_004909,16,Basic,36-45,South,2.2,15.9,2,2.7,3.0,2,1,1,1
CUST_004910,9,Basic,26-35,North,2.8,87.8,6,5.8,2.0,0,1,0,0
CUST_004911,25,Basic,36-45,East,15.7,22.5,10,4.0,0.0,0,1,0,0
CUST_004912,9,Standard,18-25,South,,41.4,10,1.0,1.0,0,0,0,0
CUST_004913,9,Standard,18-25,East,12.8,90.6,7,0.7,2.0,1,0,1,0
CUST_004914,2,Standard,18-25,East,4.0,23.1,9,1.0,1.0,0,1,0,0
CUST_004915,2,Basic,36-45,East,18.4,29.3,10,1.2,1.0,0,1,0,0
CUST_004916,29,Basic,36-45,South,9.2,52.5,9,1.2,0.0,1,0,0,0
CUST_004917,4,Standard,36-45,West,9.1,42.2,9,2.1,1.0,1,1,0,0
CUST_004918,5,Basic,46-55,East,27.8,21.1,8,2.8,1.0,1,0,0,0
CUST_004919,17,Standard,46-55,South,2.6,51.2,4,0.9,2.0,0,0,0,0
CUST_004920,4,Standard,36-45,West,14.5,15.7,6,1.7,0.0,1,0,0,0
CUST_004921,36,Standard,56+,South,,21.2,14,3.4,4.0,0,0,1,0
CUST_004922,16,Premium,36-45,East,2.2,35.2,2,3.6,4.0,2,0,0,1
CUST_004923,10,Premium,18-25,East,16.3,10.9,14,2.5,0.0,1,0,0,0
CUST_004924,25,Standard,56+,North,4.5,14.1,5,0.2,1.0,0,0,1,0
CUST_004925,1,Standard,18-25,South,12.4,24.4,7,4.9,0.0,0,0,0,0
CUST_004926,3,Basic,36-45,West,11.5,34.1,9,1.5,1.0,0,0,0,0
CUST_004927,7,Premium,26-35,North,21.3,74.4,9,5.6,1.0,2,0,0,0
CUST_004928,3,Basic,36-45,South,4.4,14.4,7,1.7,1.0,0,1,1,0
CUST_004929,16,Basic,36-45,East,5.3,18.7,0,5.4,3.0,2,0,0,1
CUST_004930,30,Basic,26-35,East,14.7,40.8,5,0.4,0.0,0,1,0,0
CUST_004931,6,Basic,36-45,East,2.6,11.3,2,4.3,3.0,2,0,0,1
CUST_004932,5,Standard,46-55,West,11.4,2.4,13,1.2,4.0,0,0,1,0
CUST_004933,39,Standard,26-35,South,6.5,16.8,5,0.9,1.0,0,1,0,0
CUST_004934,7,Basic,26-35,East,17.8,18.3,9,7.3,,0,0,0,0
CUST_004935,8,Basic,26-35,East,2.3,21.3,15,1.5,1.0,0,0,0,0
CUST_004936,5,Premium,46-55,South,15.8,21.4,14,5.3,4.0,0,0,0,0
CUST_004937,28,Standard,46-55,West,21.9,21.1,12,5.2,1.0,1,0,0,0
CUST_004938,10,Standard,46-55,West,6.7,24.4,9,4.4,1.0,0,0,2,0
CUST_004939,17,Basic,26-35,South,0.9,27.8,3,6.9,3.0,2,1,0,1
CUST_004940,20,Standard,18-25,East,10.2,51.1,7,1.3,1.0,0,0,1,0
CUST_004941,5,Basic,18-25,East,21.4,,7,1.9,3.0,0,1,1,0
CUST_004942,6,Basic,26-35,South,8.1,49.6,8,10.8,1.0,0,0,1,0
CUST_004943,22,Basic,36-45,West,8.6,23.6,13,0.7,3.0,0,0,0,0
CUST_004944,5,Basic,56+,East,1.0,16.5,2,6.4,1.0,2,0,0,1
CUST_004945,18,Basic,26-35,East,17.4,29.1,7,4.1,2.0,0,0,0,0
CUST_004946,33,Premium,56+,North,10.7,10.9,8,0.5,1.0,1,0,1,0
CUST_004947,11,Basic,18-25,South,17.3,19.2,9,2.1,1.0,0,0,0,0
CUST_004948,16,Basic,56+,South,15.0,17.0,8,0.5,0.0,1,1,1,0
CUST_004949,19,Basic,26-35,East,4.2,43.3,6,2.3,3.0,0,0,0,0
CUST_004950,22,Basic,56+,East,11.5,18.0,10,2.6,3.0,0,0,0,0
CUST_004951,6,Standard,18-25,North,15.2,29.0,12,0.5,0.0,0,0,1,0
CUST_004952,1,Basic,56+,South,19.9,43.5,4,2.1,2.0,1,0,0,0
CUST_004953,6,Standard,26-35,South,6.2,20.6,9,0.2,3.0,1,1,2,0
CUST_004954,13,Basic,26-35,East,4.4,29.5,4,14.3,1.0,4,0,0,1
CUST_004955,7,Standard,36-45,East,0.5,3.8,3,35.1,1.0,0,0,0,1
CUST_004956,16,Standard,26-35,South,11.6,7.0,1,21.6,1.0,2,0,0,1
CUST_004957,5,Premium,36-45,North,20.3,22.7,16,2.6,0.0,0,0,0,0
CUST_004958,12,Standard,56+,South,11.9,13.8,8,8.1,2.0,0,1,1,0
CUST_004959,2,Standard,36-45,South,1.0,37.2,3,2.5,2.0,0,0,0,0
CUST_004960,16,Basic,46-55,West,6.3,5.1,3,15.8,0.0,2,0,1,1
CUST_004961,9,Standard,18-25,North,10.2,33.8,3,1.7,1.0,0,0,1,0
CUST_004962,2,Standard,36-45,South,4.0,8.9,3,23.6,1.0,2,0,0,1
CUST_004963,4,Premium,36-45,East,16.5,6.3,12,10.4,0.0,0,0,0,0
CUST_004964,16,Basic,46-55,West,4.5,5.7,3,16.2,3.0,0,0,0,1
CUST_004965,7,Basic,26-35,West,12.9,,9,2.3,3.0,0,0,2,0
CUST_004966,2,Standard,36-45,West,10.7,35.6,4,4.2,2.0,1,0,1,0
CUST_004967,41,Basic,26-35,East,7.5,11.4,10,0.5,1.0,0,1,0,0
CUST_004968,15,Basic,26-35,East,12.4,21.7,6,5.3,0.0,1,0,1,0
CUST_004969,37,Basic,26-35,West,5.0,73.3,5,2.9,0.0,1,0,1,0
CUST_004970,6,Standard,26-35,West,10.7,15.5,5,1.5,3.0,0,1,1,0
CUST_004971,7,Premium,26-35,West,8.6,12.4,5,23.1,1.0,2,0,0,1
CUST_004972,27,Basic,18-25,South,11.6,7.6,9,0.5,0.0,0,0,0,0
CUST_004973,8,Basic,46-55,South,5.7,4.5,2,12.1,1.0,2,0,0,1
CUST_004974,14,Basic,18-25,South,16.0,16.4,9,0.9,1.0,0,0,1,0
CUST_004975,3,Basic,46-55,East,12.6,48.6,9,5.0,4.0,1,1,0,0
CUST_004976,7,Standard,18-25,West,7.6,17.9,3,44.2,0.0,0,0,2,1
CUST_004977,1,Standard,18-25,West,5.9,21.0,10,1.8,1.0,0,1,0,0
CUST_004978,2,Basic,36-45,South,,18.4,12,5.6,2.0,0,0,0,0
CUST_004979,1,Standard,36-45,South,20.7,8.2,14,11.2,2.0,0,1,0,0
CUST_004980,1,Standard,36-45,West,1.7,15.5,3,12.8,1.0,2,0,0,1
CUST_004981,45,Basic,36-45,North,14.7,35.3,6,1.5,1.0,1,0,0,0
CUST_004982,3,Basic,26-35,North,19.0,29.9,3,4.0,1.0,1,0,1,0
CUST_004983,13,Premium,36-45,East,12.3,34.2,15,16.5,0.0,0,1,0,0
CUST_004984,21,Basic,36-45,North,3.8,19.5,5,0.0,1.0,0,0,0,0
CUST_004985,9,Standard,26-35,South,8.9,23.2,6,1.7,1.0,0,1,0,0
CUST_004986,1,Basic,46-55,South,1.8,22.0,3,1.3,1.0,0,1,1,0
CUST_004987,15,Standard,46-55,North,6.4,51.4,13,2.9,3.0,0,0,1,0
CUST_004988,11,Standard,26-35,East,3.7,14.6,3,20.8,3.0,2,1,0,1
CUST_004989,15,Standard,46-55,South,12.0,38.5,11,0.7,2.0,0,0,0,0
CUST_004990,17,Premium,56+,South,4.3,24.2,11,10.4,4.0,4,1,1,1
CUST_004991,44,Premium,36-45,North,10.7,20.9,18,2.1,0.0,0,1,0,0
CUST_004992,10,Standard,26-35,West,19.5,,9,1.4,0.0,0,0,1,0
CUST_004993,5,Basic,56+,South,4.3,77.5,12,5.1,1.0,1,0,0,0
CUST_004994,12,Basic,26-35,South,19.9,19.9,6,5.6,2.0,0,1,1,0
CUST_004995,1,Standard,18-25,South,11.1,17.1,8,3.8,2.0,0,0,1,0
CUST_004996,27,Standard,26-35,South,15.9,29.9,10,0.2,2.0,0,1,0,0
CUST_004997,1,Basic,46-55,South,1.9,3.3,3,12.3,1.0,0,1,0,1
CUST_004998,4,Basic,56+,East,8.2,13.8,9,5.4,0.0,0,1,0,0
CUST_004999,20,Standard,36-45,West,8.2,10.2,9,1.0,0.0,0,1,0,0
CUST_005000,10,Basic,56+,West,7.7,25.6,8,2.8,0.0,1,0,1,0
CUST_005001,6,Basic,18-25,East,4.8,7.1,5,14.3,4.0,2,0,0,1
CUST_005002,7,Standard,18-25,North,5.5,28.5,10,1.0,1.0,1,0,0,0
CUST_005003,23,Standard,36-45,East,2.7,5.3,3,3.2,0.0,2,0,1,1
CUST_005004,4,Basic,56+,North,5.8,59.7,8,0.2,4.0,1,0,0,0
CUST_005005,24,Basic,36-45,East,16.1,45.6,6,1.4,1.0,0,0,0,0
CUST_005006,1,Basic,18-25,South,3.0,41.2,5,1.5,0.0,1,1,1,0
CUST_005007,17,Basic,26-35,West,5.6,48.1,9,5.5,3.0,0,0,0,0
CUST_005008,22,Standard,26-35,West,14.0,15.4,6,0.0,2.0,1,1,0,0
CUST_005009,2,Standard,26-35,South,21.4,37.1,3,2.2,2.0,0,0,1,0
CUST_005010,6,Basic,18-25,South,21.1,13.8,11,1.1,2.0,2,0,1,0
CUST_005011,2,Basic,56+,East,15.2,11.6,7,2.9,1.0,1,1,0,0
CUST_005012,14,Basic,36-45,North,18.8,46.1,7,0.2,0.0,2,1,1,0
CUST_005013,9,Premium,36-45,West,10.4,34.6,9,1.7,3.0,1,0,0,0
CUST_005014,12,Basic,18-25,South,2.9,32.8,5,9.6,3.0,2,0,0,1
CUST_005015,2,Premium,18-25,North,1.0,38.7,16,0.7,2.0,0,0,0,0
CUST_005016,2,Standard,36-45,West,2.9,20.2,4,5.3,,4,1,0,1
CUST_005017,1,Standard,46-55,North,6.5,33.5,8,1.6,1.0,0,1,0,0
CUST_005018,4,Standard,36-45,North,0.6,9.1,4,3.7,1.0,5,0,1,1
CUST_005019,9,Basic,46-55,East,3.7,65.1,7,1.4,1.0,0,0,4,0
CUST_005020,23,Standard,46-55,East,27.2,8.7,6,1.0,3.0,2,0,0,0
CUST_005021,13,Basic,18-25,East,8.0,14.2,9,0.4,1.0,0,0,0,0
CUST_005022,6,Standard,26-35,East,3.8,,13,1.0,3.0,1,0,0,0
CUST_005023,36,Basic,36-45,North,3.6,25.8,6,27.7,3.0,0,0,0,1
CUST_005024,15,Standard,26-35,South,10.1,22.7,8,8.9,0.0,0,1,0,0
CUST_005025,31,Basic,26-35,South,8.3,41.4,5,0.1,3.0,1,0,1,0
CUST_005026,8,Premium,26-35,West,7.2,52.2,9,0.4,,0,0,1,0
CUST_005027,3,Basic,26-35,North,14.3,36.0,7,5.6,5.0,0,0,1,0
CUST_005028,1,Standard,56+,South,30.0,20.9,8,0.6,1.0,0,0,0,0
CUST_005029,15,Basic,18-25,West,17.6,79.0,7,1.5,1.0,0,1,0,0
CUST_005030,1,Basic,26-35,West,7.2,28.4,8,0.3,0.0,0,1,0,0
CUST_005031,4,Standard,36-45,West,3.9,6.8,2,0.4,3.0,4,1,0,1
CUST_005032,9,Premium,36-45,North,18.7,23.6,8,2.9,1.0,0,1,1,0
CUST_005033,9,Basic,36-45,East,9.6,33.5,12,5.1,3.0,0,1,2,0
CUST_005034,11,Premium,56+,South,25.7,13.9,4,0.5,1.0,0,0,1,0
CUST_005035,2,Standard,46-55,West,19.2,12.2,7,2.6,1.0,0,0,1,0
CUST_005036,5,Standard,36-45,North,1.0,22.8,3,7.5,4.0,2,1,0,1
CUST_005037,11,Basic,26-35,North,11.9,80.8,13,10.5,1.0,1,0,1,0
CUST_005038,42,Basic,36-45,South,0.3,14.4,4,38.2,1.0,2,0,0,1
CUST_005039,15,Premium,36-45,North,36.0,44.6,8,1.3,2.0,1,0,0,0
CUST_005040,30,Basic,46-55,East,6.6,30.2,13,0.9,0.0,0,0,0,0
CUST_005041,17,Standard,56+,West,2.1,18.7,5,2.9,2.0,0,0,0,0
CUST_005042,10,Basic,36-45,East,10.3,11.5,17,0.6,1.0,1,0,0,0
CUST_005043,2,Basic,36-45,South,,30.9,6,1.2,2.0,2,0,0,0
CUST_005044,13,Standard,18-25,West,20.4,13.2,11,2.6,4.0,0,1,1,0
CUST_005045,11,Standard,18-25,North,11.7,31.6,3,0.1,2.0,0,1,0,0
CUST_005046,11,Standard,26-35,South,5.7,34.3,9,1.8,0.0,0,0,1,0
CUST_005047,8,Basic,18-25,South,7.0,21.8,9,1.1,2.0,0,0,0,0
CUST_005048,9,Basic,26-35,North,1.7,10.5,4,0.6,4.0,4,1,0,1
CUST_005049,4,Basic,26-35,North,,50.4,5,0.4,0.0,0,0,0,0
CUST_005050,8,Basic,36-45,South,9.7,24.6,5,1.3,2.0,1,0,0,0
CUST_005051,2,Premium,36-45,West,3.9,81.2,11,0.4,3.0,0,0,0,0
CUST_005052,19,Standard,36-45,West,16.5,31.2,11,3.3,1.0,1,0,0,0
CUST_005053,2,Basic,36-45,South,0.3,71.1,11,0.4,0.0,1,1,0,0
CUST_005054,1,Premium,26-35,North,18.8,23.5,5,0.8,2.0,1,1,0,0
CUST_005055,6,Basic,56+,North,15.4,15.2,10,1.6,2.0,0,1,1,0
CUST_005056,12,Standard,18-25,South,17.3,32.9,6,5.0,2.0,1,0,0,0
CUST_005057,6,Basic,56+,North,8.8,33.0,3,2.4,1.0,0,1,0,0
CUST_005058,3,Standard,26-35,North,9.6,41.6,10,3.3,2.0,0,0,1,0
CUST_005059,9,Basic,36-45,East,,14.2,4,2.9,3.0,4,1,0,1
CUST_005060,5,Basic,18-25,East,10.2,26.7,6,1.2,1.0,0,0,1,0
CUST_005061,32,Basic,18-25,South,2.4,12.6,4,7.7,4.0,4,0,3,1
CUST_005062,30,Basic,26-35,West,10.2,25.9,8,1.4,1.0,0,1,0,0
CUST_005063,8,Basic,46-55,West,,15.3,6,3.0,0.0,1,0,0,0
CUST_005064,4,Basic,26-35,South,5.9,23.9,9,2.6,2.0,0,0,1,0
CUST_005065,16,Basic,36-45,North,2.5,3.7,2,23.0,1.0,0,0,1,1
CUST_005066,1,Standard,26-35,West,7.2,32.2,11,0.9,2.0,0,1,0,0
CUST_005067,7,Basic,26-35,East,10.9,35.6,9,0.1,4.0,0,1,0,0
CUST_005068,4,Standard,56+,North,4.2,12.8,5,2.2,2.0,0,0,1,0
CUST_005069,30,Basic,46-55,East,0.9,19.2,2,1.7,1.0,2,1,0,1
CUST_005070,1,Premium,36-45,South,7.6,34.3,7,20.5,1.0,4,0,0,1
CUST_005071,9,Premium,26-35,East,13.9,46.5,11,3.8,2.0,1,0,1,0
CUST_005072,16,Basic,26-35,South,,7.8,7,1.0,3.0,0,0,0,0
CUST_005073,7,Standard,56+,South,1.4,15.1,5,5.4,1.0,2,0,0,1
CUST_005074,1,Basic,26-35,East,8.7,22.9,7,0.5,2.0,0,1,0,0
CUST_005075,43,Premium,46-55,East,4.5,10.0,5,12.1,3.0,2,1,1,1
CUST_005076,8,Standard,26-35,North,4.2,10.4,11,1.2,1.0,0,0,0,0
CUST_005077,11,Basic,56+,North,3.0,20.0,4,15.3,0.0,2,0,0,1
CUST_005078,3,Basic,26-35,South,4.4,30.9,9,1.5,2.0,0,1,0,0
CUST_005079,7,Basic,26-35,South,3.7,12.4,4,0.2,3.0,4,1,0,1
CUST_005080,6,Basic,36-45,South,14.3,31.7,6,1.2,3.0,0,0,0,0
CUST_005081,1,Standard,56+,East,15.9,27.7,7,4.4,2.0,1,0,0,0
CUST_005082,1,Basic,56+,North,2.3,3.8,2,5.8,4.0,2,0,0,1
CUST_005083,21,Basic,46-55,East,4.7,6.1,4,9.4,0.0,2,1,1,1
CUST_005084,3,Basic,46-55,West,9.4,34.5,8,3.4,1.0,1,0,0,0
CUST_005085,2,Basic,36-45,North,1.1,12.3,2,5.8,1.0,4,0,0,1
CUST_005086,8,Basic,46-55,East,1.0,44.1,11,0.9,1.0,1,0,1,0
CUST_005087,17,Standard,46-55,West,19.2,31.9,6,2.9,2.0,1,1,0,0
CUST_005088,1,Basic,36-45,North,6.2,6.6,2,16.6,3.0,2,0,1,1
CUST_005089,10,Standard,36-45,West,18.8,12.8,12,4.1,1.0,0,0,0,0
CUST_005090,1,Basic,36-45,East,15.7,,6,0.5,1.0,0,1,0,0
CUST_005091,1,Basic,36-45,East,12.4,49.1,11,1.9,2.0,0,0,0,0
CUST_005092,1,Standard,46-55,North,15.8,41.8,9,5.1,1.0,0,1,0,0
CUST_005093,21,Basic,26-35,East,3.7,9.9,5,0.5,4.0,4,1,0,1
CUST_005094,1,Basic,26-35,South,13.2,51.5,9,0.4,4.0,0,0,0,0
CUST_005095,1,Standard,36-45,East,,53.8,14,0.3,1.0,0,1,0,0
CUST_005096,6,Basic,26-35,West,12.7,71.1,10,1.1,0.0,1,0,0,0
CUST_005097,22,Basic,36-45,East,4.1,56.7,11,2.1,1.0,0,1,0,0
CUST_005098,3,Standard,56+,South,3.2,60.6,5,2.8,1.0,1,0,2,0
CUST_005099,6,Standard,36-45,North,12.0,18.2,19,1.3,1.0,0,0,1,0
CUST_005100,1,Basic,46-55,North,4.3,42.6,11,0.5,2.0,0,0,1,0
CUST_005101,7,Basic,26-35,West,2.3,17.0,3,2.0,0.0,4,1,1,1
CUST_005102,10,Basic,56+,North,6.0,25.8,11,0.5,2.0,1,0,0,0
CUST_005103,10,Basic,36-45,South,6.7,18.3,7,3.1,1.0,0,0,0,0
CUST_005104,4,Standard,18-25,South,3.1,7.3,5,4.8,1.0,2,0,1,1
CUST_005105,4,Premium,36-45,West,8.7,29.2,9,0.5,0.0,0,0,1,0
CUST_005106,1,Premium,56+,South,11.1,21.8,8,2.0,2.0,0,1,0,0
CUST_005107,5,Basic,18-25,West,1.3,17.4,3,5.1,1.0,2,0,0,1
CUST_005108,1,Basic,36-45,East,1.9,39.7,8,1.0,3.0,0,0,2,0
CUST_005109,17,Standard,56+,West,22.5,28.4,8,0.6,0.0,0,1,0,0
CUST_005110,40,Basic,18-25,North,3.7,25.0,7,5.6,2.0,0,0,2,0
CUST_005111,42,Standard,36-45,South,0.3,30.8,7,1.1,0.0,0,1,0,0
CUST_005112,24,Standard,36-45,North,,35.9,6,1.6,0.0,0,0,0,0
CUST_005113,11,Premium,26-35,South,0.9,20.7,7,32.5,0.0,0,0,0,1
CUST_005114,14,Basic,36-45,East,2.1,24.3,9,1.8,0.0,0,0,2,0
CUST_005115,4,Basic,18-25,North,7.8,44.4,7,1.4,1.0,0,0,0,0
CUST_005116,11,Standard,46-55,North,,19.1,7,1.2,3.0,0,0,0,0
CUST_005117,7,Standard,18-25,East,19.0,29.7,9,0.8,1.0,0,0,0,0
CUST_005118,7,Premium,26-35,North,20.1,156.0,7,3.1,2.0,2,0,2,0
CUST_005119,17,Basic,36-45,South,15.9,31.5,4,4.0,3.0,1,0,1,0
CUST_005120,3,Standard,26-35,North,8.3,6.5,8,0.7,0.0,0,0,0,0
CUST_005121,4,Standard,26-35,East,1.4,11.9,3,5.0,3.0,2,0,1,1
CUST_005122,31,Basic,46-55,East,2.9,2.7,4,7.8,4.0,4,0,1,1
CUST_005123,1,Standard,56+,East,9.7,38.6,4,2.6,0.0,0,1,1,0
CUST_005124,7,Standard,46-55,South,8.6,3.7,3,17.1,3.0,2,0,0,1
CUST_005125,29,Basic,36-45,South,1.5,2.6,4,5.0,,5,0,0,1
CUST_005126,11,Basic,46-55,West,8.0,35.2,9,0.4,1.0,0,0,0,0
CUST_005127,9,Standard,56+,East,7.7,7.2,3,20.7,1.0,4,0,0,1
CUST_005128,3,Basic,26-35,East,9.9,21.9,9,4.0,1.0,0,1,1,0
CUST_005129,5,Premium,26-35,East,33.8,54.8,7,4.6,2.0,0,1,1,0
CUST_005130,22,Basic,18-25,North,2.7,14.7,5,4.7,3.0,4,0,0,1
CUST_005131,9,Basic,36-45,West,5.6,53.7,9,1.1,1.0,1,0,0,0
CUST_005132,8,Premium,56+,West,0.6,26.1,4,22.1,1.0,0,0,0,1
CUST_005133,1,Premium,36-45,East,11.2,19.4,9,4.6,2.0,0,1,0,0
CUST_005134,1,Basic,36-45,West,11.6,67.5,5,0.5,3.0,0,0,3,0
CUST_005135,39,Standard,18-25,North,16.6,31.6,11,1.3,3.0,0,0,0,0
CUST_005136,5,Basic,18-25,East,8.2,87.4,5,6.9,3.0,1,1,2,0
CUST_005137,11,Basic,36-45,West,17.4,33.8,13,2.7,1.0,0,0,0,0
CUST_005138,1,Basic,56+,South,12.3,15.9,12,0.4,0.0,0,1,0,0
CUST_005139,13,Basic,26-35,North,26.5,17.6,6,0.4,1.0,0,1,0,0
CUST_005140,32,Standard,46-55,East,10.2,20.0,7,0.4,2.0,0,1,1,0
CUST_005141,10,Standard,18-25,North,13.2,33.7,13,0.1,3.0,0,1,0,0
CUST_005142,1,Premium,36-45,West,17.7,35.2,22,2.3,1.0,1,1,0,0
CUST_005143,10,Standard,36-45,North,16.6,8.1,2,3.4,1.0,0,1,0,0
CUST_005144,17,Basic,46-55,East,10.5,49.0,6,1.8,2.0,0,0,1,0
CUST_005145,6,Standard,18-25,South,3.2,9.3,7,4.1,6.0,2,1,1,1
CUST_005146,25,Premium,26-35,North,4.1,87.1,15,0.2,2.0,0,0,1,0
CUST_005147,12,Standard,26-35,West,5.2,70.8,9,1.2,3.0,0,0,1,0
CUST_005148,27,Standard,56+,East,6.0,26.9,5,3.4,0.0,0,0,0,0
CUST_005149,11,Premium,26-35,South,26.9,38.9,9,1.6,0.0,0,0,1,0
CUST_005150,1,Basic,18-25,South,14.5,43.2,6,0.8,1.0,1,0,1,0
CUST_005151,4,Standard,36-45,East,30.0,30.8,10,2.0,1.0,0,1,0,0
CUST_005152,2,Premium,36-45,West,12.0,31.5,16,0.5,1.0,0,0,1,0
CUST_005153,28,Premium,46-55,East,5.1,32.4,14,1.6,0.0,1,0,0,0
CUST_005154,17,Basic,56+,East,2.0,18.0,2,5.2,0.0,2,1,0,1
CUST_005155,13,Standard,36-45,North,15.9,9.7,10,0.6,3.0,0,0,1,0
CUST_005156,4,Standard,56+,West,2.5,10.3,3,12.5,0.0,2,0,0,1
CUST_005157,2,Basic,46-55,East,0.9,21.1,2,2.7,1.0,4,0,0,1
CUST_005158,16,Standard,26-35,East,11.9,22.1,11,0.2,0.0,0,0,1,0
CUST_005159,7,Basic,56+,East,15.2,13.0,7,0.3,1.0,0,0,0,0
CUST_005160,3,Basic,36-45,East,1.6,23.9,10,4.5,1.0,0,0,0,0
CUST_005161,11,Basic,26-35,West,2.7,34.4,4,27.4,4.0,4,0,1,1
CUST_005162,1,Standard,36-45,East,5.0,67.9,10,0.2,0.0,1,1,1,0
CUST_005163,4,Basic,26-35,West,8.5,59.3,11,0.8,0.0,0,0,0,0
CUST_005164,7,Basic,18-25,East,2.5,24.8,4,9.0,3.0,2,1,0,1
CUST_005165,1,Basic,46-55,East,7.6,42.5,7,0.7,3.0,0,1,3,0
CUST_005166,50,Basic,46-55,West,9.8,16.4,5,4.9,3.0,0,0,0,0
CUST_005167,2,Basic,46-55,North,0.8,11.8,3,7.4,4.0,0,1,0,1
CUST_005168,1,Basic,26-35,South,6.8,12.1,5,1.9,1.0,0,0,1,0
CUST_005169,2,Standard,56+,East,5.8,43.5,8,0.3,1.0,1,0,1,0
CUST_005170,17,Standard,18-25,West,6.8,34.0,9,0.9,1.0,1,0,0,0
CUST_005171,6,Basic,26-35,North,6.8,27.4,7,1.1,1.0,0,0,3,0
CUST_005172,10,Basic,26-35,North,0.7,22.2,4,21.8,1.0,0,1,0,1
CUST_005173,1,Standard,18-25,North,25.2,7.1,7,7.9,2.0,1,1,0,0
CUST_005174,1,Basic,26-35,South,4.4,3.4,3,0.2,,2,1,0,1
CUST_005175,7,Premium,36-45,South,24.3,16.5,9,5.3,1.0,0,0,1,0
CUST_005176,20,Standard,46-55,East,3.9,35.6,12,2.2,1.0,1,0,0,0
CUST_005177,25,Basic,56+,West,19.1,22.0,12,2.3,1.0,0,1,2,0
CUST_005178,1,Basic,46-55,East,8.7,21.5,3,3.3,4.0,0,1,1,0
CUST_005179,9,Standard,36-45,North,,10.3,5,15.8,3.0,2,0,1,1
CUST_005180,29,Basic,46-55,West,1.1,24.9,2,13.9,3.0,4,0,2,1
CUST_005181,5,Basic,46-55,East,3.0,12.5,2,6.7,1.0,2,0,1,1
CUST_005182,21,Basic,36-45,North,9.2,10.3,11,2.9,0.0,0,0,0,0
CUST_005183,1,Standard,46-55,South,25.3,24.5,6,0.6,3.0,2,1,0,0
CUST_005184,32,Standard,36-45,West,11.7,42.5,6,0.2,2.0,0,0,0,0
CUST_005185,16,Basic,26-35,East,1.5,32.0,4,10.3,3.0,2,0,0,1
CUST_005186,34,Standard,36-45,East,3.4,50.9,10,1.1,4.0,0,1,1,0
CUST_005187,13,Basic,36-45,North,0.9,3.4,5,5.3,0.0,2,0,1,1
CUST_005188,5,Standard,46-55,West,4.2,37.5,6,5.6,0.0,0,0,0,0
CUST_005189,33,Basic,26-35,South,19.3,31.2,5,6.5,2.0,1,0,0,0
CUST_005190,3,Standard,36-45,West,11.1,25.1,11,3.2,4.0,0,0,1,0
CUST_005191,4,Premium,56+,East,19.3,57.6,18,0.4,0.0,1,0,1,0
CUST_005192,14,Basic,56+,South,19.4,28.5,10,2.7,1.0,0,0,2,0
CUST_005193,17,Basic,26-35,North,13.1,30.6,7,1.6,2.0,1,0,1,0
CUST_005194,31,Basic,26-35,North,1.2,3.3,4,0.3,1.0,2,0,0,1
CUST_005195,2,Basic,36-45,North,15.2,15.8,11,13.3,2.0,0,0,0,0
CUST_005196,19,Basic,26-35,North,29.0,56.1,8,1.1,2.0,0,0,0,0
CUST_005197,16,Standard,18-25,East,2.4,40.7,9,2.2,2.0,0,0,2,0
CUST_005198,1,Premium,26-35,East,14.9,25.5,12,5.1,3.0,0,0,0,0
CUST_005199,5,Basic,46-55,East,18.9,46.2,8,2.1,2.0,0,0,0,0
CUST_005200,3,Standard,46-55,East,15.9,10.2,5,0.8,0.0,0,1,1,0
CUST_005201,4,Standard,36-45,West,29.2,20.2,10,0.6,3.0,0,0,0,0
CUST_005202,48,Standard,36-45,West,19.4,15.7,11,7.6,2.0,0,1,2,0
CUST_005203,12,Basic,36-45,North,4.7,36.6,6,1.7,2.0,0,1,0,0
CUST_005204,15,Basic,26-35,East,17.3,22.1,11,1.0,1.0,1,0,0,0
CUST_005205,45,Basic,36-45,North,8.2,8.2,7,2.1,0.0,0,0,0,0
CUST_005206,5,Basic,18-25,North,3.3,9.2,2,1.5,1.0,2,0,0,1
CUST_005207,19,Standard,36-45,East,2.4,8.0,6,2.1,0.0,4,1,1,1
CUST_005208,6,Standard,26-35,South,17.6,21.6,9,4.2,0.0,0,1,0,0
CUST_005209,24,Basic,36-45,West,2.7,12.1,11,4.7,2.0,0,1,1,0
CUST_005210,2,Basic,36-45,South,9.6,18.0,7,1.1,1.0,0,0,2,0
CUST_005211,35,Premium,26-35,North,7.5,13.8,5,0.2,2.0,0,1,0,0
CUST_005212,2,Standard,18-25,West,8.6,40.9,8,1.4,1.0,0,1,0,0
CUST_005213,4,Premium,26-35,North,10.9,77.6,11,3.4,1.0,0,0,0,0
CUST_005214,16,Basic,36-45,North,8.8,90.9,8,7.2,2.0,0,0,0,0
CUST_005215,6,Standard,18-25,South,11.2,32.1,4,4.0,2.0,0,0,0,0
CUST_005216,11,Standard,18-25,West,4.4,15.8,8,0.6,0.0,0,0,0,0
CUST_005217,7,Premium,36-45,South,4.1,40.5,14,2.1,3.0,0,1,1,0
CUST_005218,16,Basic,46-55,East,4.3,66.1,10,1.1,1.0,1,0,0,0
CUST_005219,3,Basic,26-35,West,4.8,,2,7.4,4.0,4,0,1,1
CUST_005220,1,Basic,36-45,East,,46.9,13,10.6,1.0,0,1,1,0
CUST_005221,4,Premium,56+,West,6.5,5.4,11,0.5,2.0,0,1,2,0
CUST_005222,7,Premium,56+,South,14.3,44.7,9,1.1,0.0,0,1,0,0
CUST_005223,2,Premium,26-35,West,27.4,12.2,18,2.5,1.0,0,0,1,0
CUST_005224,5,Premium,46-55,West,13.0,82.5,8,0.6,2.0,2,1,1,0
CUST_005225,6,Basic,36-45,South,4.1,45.2,13,1.5,,0,1,0,0
CUST_005226,1,Basic,56+,South,2.2,44.8,8,5.1,0.0,0,0,1,0
CUST_005227,10,Basic,36-45,West,8.6,12.8,7,1.3,2.0,0,0,0,0
CUST_005228,25,Basic,46-55,East,1.9,16.5,4,1.2,3.0,2,0,2,1
CUST_005229,1,Standard,46-55,East,6.4,13.3,11,1.2,3.0,0,0,0,0
CUST_005230,10,Premium,36-45,West,17.1,48.0,11,4.1,1.0,1,0,0,0
CUST_005231,13,Basic,46-55,East,10.6,18.3,13,1.0,1.0,0,0,1,0
CUST_005232,6,Standard,26-35,North,18.8,30.9,11,2.9,0.0,0,0,1,0
CUST_005233,14,Premium,18-25,South,2.1,41.2,11,5.0,2.0,0,1,0,0
CUST_005234,6,Basic,26-35,East,3.5,23.6,6,1.1,4.0,4,0,0,1
CUST_005235,8,Basic,56+,North,7.3,25.6,10,5.4,,0,1,0,0
CUST_005236,1,Basic,36-45,South,9.7,35.7,6,1.6,1.0,0,1,1,0
CUST_005237,14,Basic,36-45,West,3.1,,7,3.8,0.0,0,0,2,0
CUST_005238,12,Standard,36-45,North,2.3,7.1,1,13.2,1.0,2,0,0,1
CUST_005239,1,Basic,18-25,North,1.4,21.7,3,16.1,1.0,4,1,1,1
CUST_005240,5,Basic,26-35,West,5.1,21.2,4,2.7,3.0,4,1,0,1
CUST_005241,46,Premium,46-55,East,3.4,8.1,8,26.6,3.0,0,1,0,1
CUST_005242,6,Standard,56+,North,7.8,7.8,5,4.8,4.0,4,1,1,1
CUST_005243,8,Basic,26-35,West,14.1,16.8,12,4.4,1.0,1,0,1,0
CUST_005244,28,Premium,26-35,East,25.6,31.0,8,1.6,1.0,0,0,1,0
CUST_005245,15,Basic,18-25,South,5.9,15.3,5,1.2,,0,0,1,0
CUST_005246,10,Basic,26-35,South,3.0,15.3,5,6.8,3.0,4,0,0,1
CUST_005247,19,Standard,26-35,North,6.3,19.8,11,0.5,1.0,1,0,0,0
CUST_005248,23,Basic,36-45,West,4.1,64.9,14,7.1,2.0,0,0,0,0
CUST_005249,7,Standard,26-35,East,1.3,22.1,6,13.5,4.0,0,0,0,1
CUST_005250,7,Basic,26-35,East,1.8,25.8,3,19.8,7.0,2,0,0,1
CUST_005251,5,Basic,46-55,West,21.6,1.8,7,1.4,2.0,1,0,1,0
CUST_005252,40,Standard,56+,North,5.4,12.5,8,0.8,3.0,0,0,0,0
CUST_005253,14,Basic,26-35,North,25.4,27.5,9,1.3,1.0,0,0,0,0
CUST_005254,1,Standard,36-45,North,5.1,24.4,13,2.4,3.0,0,1,0,0
CUST_005255,23,Standard,26-35,North,9.4,15.0,7,0.1,3.0,0,0,0,0
CUST_005256,7,Premium,56+,East,15.8,38.4,16,2.1,1.0,1,0,0,0
CUST_005257,1,Standard,36-45,East,8.4,41.1,10,0.1,1.0,0,0,0,0
CUST_005258,9,Basic,46-55,North,5.1,17.7,10,4.8,0.0,0,1,1,0
CUST_005259,6,Standard,18-25,North,0.6,24.6,4,3.6,0.0,2,1,0,1
CUST_005260,25,Standard,36-45,North,7.8,17.6,7,0.9,1.0,1,0,1,0
CUST_005261,2,Standard,36-45,West,4.1,65.7,9,0.2,1.0,0,0,2,0
CUST_005262,21,Standard,26-35,East,5.4,35.8,6,2.7,1.0,0,0,2,0
CUST_005263,9,Standard,26-35,East,5.1,48.6,7,2.0,3.0,0,0,0,0
CUST_005264,1,Basic,36-45,South,21.6,12.6,4,5.5,1.0,1,0,0,0
CUST_005265,42,Standard,46-55,South,1.7,6.3,4,15.2,0.0,0,0,0,1
CUST_005266,8,Basic,18-25,North,25.0,30.3,5,2.2,2.0,2,0,0,0
CUST_005267,4,Basic,36-45,West,28.7,21.2,10,1.0,1.0,1,0,0,0
CUST_005268,7,Standard,26-35,West,15.3,32.1,6,0.6,6.0,1,0,1,0
CUST_005269,23,Basic,18-25,East,0.3,9.0,3,0.3,7.0,0,1,2,1
CUST_005270,4,Basic,36-45,East,2.5,34.4,6,1.7,1.0,0,0,1,0
CUST_005271,2,Basic,26-35,East,17.6,53.8,7,2.0,2.0,0,1,0,0
CUST_005272,1,Standard,26-35,South,3.2,23.7,8,0.7,1.0,0,1,1,0
CUST_005273,4,Basic,26-35,North,8.9,12.2,8,0.2,0.0,0,0,1,0
CUST_005274,18,Standard,36-45,East,5.1,40.7,6,4.0,2.0,0,0,0,0
CUST_005275,7,Basic,36-45,North,18.6,25.3,6,2.4,1.0,0,1,0,0
CUST_005276,3,Basic,56+,North,4.2,8.2,5,12.8,1.0,2,1,0,1
CUST_005277,2,Basic,26-35,East,4.7,27.4,3,9.4,4.0,2,0,0,1
CUST_005278,4,Standard,46-55,West,30.0,38.3,6,0.3,0.0,1,0,0,0
CUST_005279,33,Basic,26-35,West,25.3,28.0,7,3.1,0.0,2,0,1,0
CUST_005280,5,Premium,36-45,North,6.3,5.3,3,13.9,6.0,2,1,0,1
CUST_005281,53,Premium,36-45,North,0.6,15.9,7,6.5,4.0,2,1,1,1
CUST_005282,7,Standard,26-35,East,13.6,27.1,5,2.6,2.0,0,0,0,0
CUST_005283,2,Premium,36-45,West,45.0,38.6,16,7.0,0.0,0,0,0,0
CUST_005284,26,Basic,26-35,West,1.1,12.4,10,2.6,1.0,0,0,1,0
CUST_005285,7,Standard,18-25,West,14.7,24.2,9,8.5,1.0,0,0,0,0
CUST_005286,14,Standard,26-35,East,19.3,17.8,8,4.0,0.0,1,0,1,0
CUST_005287,49,Standard,46-55,North,8.4,13.2,6,0.6,1.0,1,0,2,0
CUST_005288,1,Premium,46-55,North,13.7,1.8,9,0.2,1.0,0,0,1,0
CUST_005289,1,Standard,26-35,North,8.6,50.6,7,5.8,1.0,0,0,0,0
CUST_005290,15,Premium,26-35,East,4.3,19.5,9,3.0,1.0,0,0,0,0
CUST_005291,3,Basic,18-25,North,30.0,87.5,8,4.0,2.0,0,0,0,0
CUST_005292,2,Standard,26-35,East,2.0,30.3,11,0.1,2.0,0,0,0,0
CUST_005293,1,Standard,46-55,East,14.9,21.9,10,0.2,0.0,1,0,1,0
CUST_005294,1,Standard,36-45,North,14.2,31.4,10,6.6,3.0,0,0,0,0
CUST_005295,17,Basic,26-35,West,1.6,19.4,4,1.4,4.0,2,0,0,1
CUST_005296,1,Standard,26-35,East,4.5,19.3,2,9.3,1.0,2,1,0,1
CUST_005297,7,Premium,46-55,West,3.9,8.7,12,0.2,,0,1,0,0
CUST_005298,11,Basic,26-35,West,12.1,35.2,9,3.4,2.0,1,0,0,0
CUST_005299,6,Standard,26-35,North,10.0,16.9,3,12.6,1.0,4,0,0,1
CUST_005300,1,Basic,36-45,South,9.3,31.9,7,2.8,1.0,0,0,0,0
CUST_005301,18,Premium,36-45,North,21.3,26.9,15,10.9,0.0,0,0,0,0
CUST_005302,1,Basic,36-45,West,3.6,43.8,12,1.4,2.0,0,0,1,0
CUST_005303,17,Basic,46-55,East,3.5,50.0,7,0.1,4.0,0,0,0,0
CUST_005304,26,Basic,26-35,West,4.4,8.3,3,8.0,0.0,4,0,1,1
CUST_005305,6,Standard,46-55,North,2.4,19.7,5,2.2,3.0,0,1,1,0
CUST_005306,9,Basic,26-35,East,3.2,64.7,7,3.4,2.0,0,0,0,0
CUST_005307,7,Standard,36-45,West,2.5,25.0,2,17.1,4.0,0,0,0,1
CUST_005308,5,Premium,46-55,East,18.2,30.1,14,0.9,1.0,0,0,1,0
CUST_005309,26,Premium,36-45,North,5.2,32.4,23,0.7,0.0,1,0,2,0
CUST_005310,26,Basic,46-55,East,8.2,22.7,9,1.6,1.0,0,1,1,0
CUST_005311,4,Premium,46-55,North,22.1,23.3,5,2.6,0.0,1,1,2,0
CUST_005312,11,Standard,18-25,North,5.5,32.1,9,6.0,3.0,0,1,1,0
CUST_005313,31,Basic,46-55,South,5.6,22.5,6,2.6,2.0,0,0,1,0
CUST_005314,39,Basic,56+,South,12.2,55.3,15,5.1,2.0,0,1,0,0
CUST_005315,8,Basic,36-45,West,9.6,18.9,7,2.7,1.0,0,0,0,0
CUST_005316,7,Standard,26-35,South,3.0,22.5,3,9.0,1.0,2,0,1,1
CUST_005317,3,Basic,18-25,East,2.0,33.3,3,10.0,3.0,2,1,1,1
CUST_005318,38,Basic,26-35,North,2.4,29.8,6,33.7,1.0,2,0,0,1
CUST_005319,1,Standard,18-25,North,15.0,23.9,9,3.4,2.0,1,0,1,0
CUST_005320,10,Standard,36-45,North,5.5,25.1,9,0.3,0.0,0,0,0,0
CUST_005321,3,Standard,18-25,North,30.0,18.0,6,5.3,1.0,2,0,0,0
CUST_005322,3,Standard,26-35,South,4.3,19.7,4,3.1,0.0,0,1,1,0
CUST_005323,6,Basic,26-35,East,13.0,41.6,6,0.8,2.0,1,0,0,0
CUST_005324,60,Premium,36-45,West,20.2,68.6,11,2.1,1.0,1,1,1,0
CUST_005325,1,Basic,36-45,South,5.5,11.2,2,11.0,3.0,2,0,0,1
CUST_005326,10,Standard,46-55,North,1.1,9.9,2,1.3,3.0,2,1,1,1
CUST_005327,1,Standard,18-25,North,17.0,46.2,3,3.1,2.0,1,0,1,0
CUST_005328,2,Basic,18-25,West,4.0,3.0,5,20.0,3.0,0,0,1,1
CUST_005329,6,Premium,18-25,East,31.2,42.9,5,2.5,2.0,0,1,1,0
CUST_005330,8,Basic,26-35,West,3.2,8.4,2,25.5,0.0,0,0,1,1
CUST_005331,3,Basic,18-25,North,6.4,12.2,7,6.1,0.0,0,0,1,0
CUST_005332,4,Premium,46-55,North,17.1,17.7,14,1.5,1.0,0,0,0,0
CUST_005333,1,Standard,26-35,North,8.0,16.1,7,0.4,1.0,1,1,0,0
CUST_005334,4,Standard,56+,West,1.2,22.7,5,8.8,1.0,2,0,1,1
CUST_005335,40,Standard,36-45,North,15.0,26.0,7,4.3,1.0,0,0,2,0
CUST_005336,34,Standard,26-35,East,1.9,59.1,10,5.0,2.0,0,1,1,0
CUST_005337,4,Basic,46-55,East,8.4,10.9,1,0.2,3.0,4,0,2,1
CUST_005338,10,Basic,46-55,East,1.9,15.5,3,21.4,1.0,2,0,1,1
CUST_005339,28,Basic,36-45,North,29.7,43.7,12,0.9,1.0,0,0,0,0
CUST_005340,1,Basic,56+,East,,15.1,7,2.4,1.0,0,0,0,0
CUST_005341,19,Standard,26-35,North,2.5,14.3,6,0.5,2.0,0,0,0,0
CUST_005342,35,Basic,46-55,West,1.8,7.1,4,1.5,3.0,2,0,1,1
CUST_005343,1,Basic,26-35,North,16.3,31.6,8,0.5,0.0,1,1,1,0
CUST_005344,2,Basic,46-55,North,12.4,16.8,12,7.7,1.0,0,1,0,0
CUST_005345,38,Standard,26-35,South,17.3,25.0,5,1.5,0.0,0,0,0,0
CUST_005346,9,Standard,26-35,West,13.2,16.2,4,1.6,1.0,0,0,0,0
CUST_005347,1,Basic,36-45,South,7.9,66.0,11,5.5,1.0,1,0,0,0
CUST_005348,3,Standard,26-35,South,19.8,14.3,17,0.6,3.0,0,1,1,0
CUST_005349,7,Basic,26-35,North,25.1,37.4,5,8.0,1.0,2,0,0,0
CUST_005350,14,Standard,26-35,North,3.3,23.8,7,0.1,1.0,0,0,0,0
CUST_005351,15,Basic,36-45,East,19.1,28.4,9,7.2,2.0,0,0,0,0
CUST_005352,60,Basic,46-55,North,18.8,51.2,5,1.9,2.0,1,0,0,0
CUST_005353,4,Standard,36-45,East,3.8,51.3,11,0.9,2.0,0,1,1,0
CUST_005354,9,Premium,46-55,West,3.7,14.5,7,35.0,0.0,0,1,0,1
CUST_005355,9,Basic,36-45,West,7.8,18.1,3,2.7,1.0,4,0,0,1
CUST_005356,6,Standard,18-25,North,2.8,10.4,2,6.5,1.0,2,0,0,1
CUST_005357,2,Standard,18-25,South,,49.6,5,1.5,1.0,1,1,0,0
CUST_005358,45,Premium,36-45,West,15.0,5.0,11,5.4,4.0,0,0,0,0
CUST_005359,23,Basic,26-35,West,3.6,26.7,4,5.6,1.0,0,1,0,0
CUST_005360,8,Basic,26-35,North,3.6,26.2,9,0.9,1.0,0,1,0,0
CUST_005361,11,Premium,36-45,East,4.5,17.5,14,1.3,4.0,0,0,1,0
CUST_005362,3,Basic,36-45,West,12.6,46.3,9,3.1,3.0,0,0,0,0
CUST_005363,9,Basic,26-35,South,1.1,3.1,3,10.7,1.0,0,1,0,1
CUST_005364,14,Basic,46-55,West,,18.8,12,4.6,0.0,0,0,0,0
CUST_005365,8,Standard,46-55,South,5.3,21.8,9,2.0,0.0,1,0,3,0
CUST_005366,55,Basic,46-55,North,4.7,26.4,6,25.5,3.0,2,0,0,1
CUST_005367,11,Premium,56+,North,4.3,89.2,9,0.4,0.0,1,0,0,0
CUST_005368,5,Basic,26-35,North,30.0,40.4,4,3.5,0.0,1,1,2,0
CUST_005369,17,Basic,36-45,North,13.4,30.3,9,1.8,2.0,1,0,0,0
CUST_005370,2,Basic,46-55,West,13.0,62.4,10,0.0,0.0,1,0,0,0
CUST_005371,5,Basic,36-45,East,13.9,12.9,8,1.9,0.0,0,1,0,0
CUST_005372,5,Standard,46-55,East,6.1,25.9,4,19.5,0.0,2,0,0,1
CUST_005373,6,Standard,26-35,East,1.6,9.1,4,7.5,3.0,4,0,1,1
CUST_005374,18,Basic,36-45,South,2.1,15.2,3,0.5,1.0,2,0,0,1
CUST_005375,7,Basic,18-25,North,7.8,38.1,9,2.0,0.0,0,1,1,0
CUST_005376,18,Standard,56+,West,6.3,20.3,4,6.6,1.0,4,1,0,1
CUST_005377,10,Standard,46-55,East,15.0,18.8,10,5.2,3.0,1,0,2,0
CUST_005378,5,Standard,46-55,South,4.5,12.0,8,0.0,0.0,0,1,1,0
CUST_005379,19,Standard,36-45,West,7.3,40.7,7,1.7,1.0,1,1,0,0
CUST_005380,3,Basic,26-35,South,26.3,19.6,8,0.9,2.0,0,0,1,0
CUST_005381,3,Premium,18-25,West,9.4,48.2,19,3.5,0.0,0,0,1,0
CUST_005382,8,Basic,46-55,West,17.1,41.9,7,0.3,1.0,0,0,0,0
CUST_005383,3,Basic,26-35,North,2.0,70.0,10,3.4,2.0,0,0,2,0
CUST_005384,1,Standard,26-35,North,3.2,8.2,6,1.1,1.0,4,0,1,1
CUST_005385,12,Premium,36-45,West,28.7,26.6,16,2.0,3.0,2,1,0,0
CUST_005386,8,Standard,26-35,South,22.1,31.4,6,0.3,1.0,0,1,0,0
CUST_005387,7,Basic,36-45,North,,73.9,10,5.4,2.0,0,0,0,0
CUST_005388,40,Basic,36-45,South,0.5,6.4,4,8.3,1.0,4,0,0,1
CUST_005389,10,Basic,36-45,East,0.9,27.5,6,1.1,1.0,0,1,1,0
CUST_005390,23,Premium,46-55,West,16.1,52.3,12,0.6,0.0,0,1,0,0
CUST_005391,1,Basic,26-35,West,11.5,16.1,5,4.5,3.0,0,0,0,0
CUST_005392,10,Standard,26-35,West,30.0,14.8,6,0.8,3.0,0,1,0,0
CUST_005393,24,Basic,26-35,West,4.6,69.2,8,1.2,,0,0,1,0
CUST_005394,10,Standard,56+,North,2.8,38.5,7,0.7,1.0,0,0,0,0
CUST_005395,15,Premium,26-35,East,11.2,25.2,7,1.0,1.0,0,0,2,0
CUST_005396,5,Basic,26-35,North,,15.2,6,1.9,1.0,0,0,0,0
CUST_005397,1,Basic,36-45,North,13.6,89.3,9,5.1,0.0,0,0,2,0
CUST_005398,7,Standard,26-35,West,15.3,43.4,5,4.3,2.0,1,0,0,0
CUST_005399,6,Standard,56+,South,7.3,15.2,7,0.5,1.0,1,0,0,0
CUST_005400,24,Standard,46-55,West,14.8,84.2,7,2.1,3.0,1,0,1,0
CUST_005401,3,Standard,36-45,North,3.5,50.1,12,0.0,0.0,1,0,0,0
CUST_005402,40,Basic,36-45,West,10.2,39.9,7,0.2,1.0,0,1,0,0
CUST_005403,38,Standard,18-25,North,0.5,50.4,8,3.0,0.0,0,0,0,0
CUST_005404,3,Basic,36-45,North,4.5,80.3,5,2.2,0.0,0,0,1,0
CUST_005405,5,Premium,46-55,South,19.1,47.0,8,8.2,1.0,0,1,0,0
CUST_005406,27,Basic,26-35,South,25.5,14.0,6,4.8,1.0,0,1,1,0
CUST_005407,40,Standard,26-35,South,4.0,26.9,7,0.8,1.0,0,0,1,0
CUST_005408,7,Basic,56+,West,10.4,39.4,3,2.6,0.0,1,0,1,0
CUST_005409,4,Basic,26-35,East,1.9,10.8,4,22.2,0.0,2,0,0,1
CUST_005410,8,Basic,36-45,South,3.1,10.3,6,5.1,1.0,2,0,0,1
CUST_005411,13,Standard,18-25,North,11.9,34.2,6,1.1,1.0,0,1,0,0
CUST_005412,3,Standard,26-35,South,3.2,23.4,4,2.4,2.0,0,0,3,0
CUST_005413,16,Premium,46-55,South,9.2,62.6,16,0.2,1.0,0,0,0,0
CUST_005414,1,Basic,26-35,East,4.8,17.8,3,0.6,3.0,4,0,4,1
CUST_005415,1,Standard,36-45,South,5.0,5.4,4,9.3,4.0,2,0,0,1
CUST_005416,5,Standard,26-35,West,8.8,73.6,6,5.6,1.0,0,0,1,0
CUST_005417,5,Basic,26-35,North,9.6,23.9,5,0.6,0.0,0,0,1,0
CUST_005418,4,Basic,56+,East,4.7,27.2,6,0.2,2.0,0,0,0,0
CUST_005419,8,Basic,36-45,East,2.1,13.6,3,2.7,6.0,2,1,0,1
CUST_005420,4,Basic,56+,North,3.3,16.0,13,3.7,3.0,0,1,0,0
CUST_005421,2,Basic,56+,West,3.7,36.8,11,7.2,1.0,0,1,0,0
CUST_005422,4,Standard,56+,East,3.4,34.8,7,1.1,0.0,0,0,0,0
CUST_005423,44,Basic,46-55,East,8.9,59.8,14,2.0,2.0,0,0,0,0
CUST_005424,6,Standard,18-25,South,3.8,14.3,10,0.6,1.0,1,1,3,0
CUST_005425,7,Premium,56+,West,14.4,32.3,12,0.7,3.0,1,0,0,0
CUST_005426,10,Standard,18-25,East,7.4,15.3,8,0.7,5.0,0,0,2,0
CUST_005427,49,Standard,18-25,South,10.9,13.5,10,1.9,6.0,0,0,0,0
CUST_005428,3,Basic,18-25,North,4.2,2.3,4,2.4,1.0,2,0,0,1
CUST_005429,13,Premium,26-35,North,11.7,27.5,8,0.2,1.0,0,0,0,0
CUST_005430,15,Basic,36-45,North,16.6,15.7,8,0.3,0.0,0,1,0,0
CUST_005431,11,Standard,26-35,West,15.5,28.2,8,3.0,4.0,1,0,1,0
CUST_005432,1,Premium,18-25,South,15.5,31.4,14,3.0,2.0,0,0,0,0
CUST_005433,13,Standard,36-45,West,15.3,21.9,2,4.6,2.0,0,1,2,0
CUST_005434,1,Standard,26-35,North,3.8,41.2,8,3.4,3.0,0,0,0,0
CUST_005435,10,Basic,46-55,South,3.1,21.8,6,8.8,3.0,5,0,0,1
CUST_005436,16,Basic,26-35,West,3.2,31.0,5,20.2,3.0,2,1,0,1
CUST_005437,2,Standard,26-35,North,9.9,26.1,8,0.7,2.0,0,0,0,0
CUST_005438,22,Basic,26-35,East,1.0,7.5,5,8.3,0.0,2,0,1,1
CUST_005439,1,Standard,26-35,West,5.1,30.9,3,17.6,3.0,2,1,0,1
CUST_005440,22,Basic,36-45,West,12.6,36.4,13,0.1,3.0,0,0,1,0
CUST_005441,7,Premium,36-45,West,18.4,21.1,7,1.2,1.0,0,0,0,0
CUST_005442,2,Basic,26-35,West,1.0,7.6,1,19.5,1.0,0,0,1,1
CUST_005443,1,Standard,26-35,East,1.2,8.3,4,38.5,0.0,0,0,1,1
CUST_005444,36,Standard,26-35,North,4.6,,4,1.1,0.0,0,0,0,0
CUST_005445,1,Basic,56+,East,26.1,67.7,6,5.7,2.0,1,0,0,0
CUST_005446,2,Basic,26-35,West,10.4,20.5,7,0.2,1.0,0,1,0,0
CUST_005447,5,Basic,46-55,East,2.4,35.9,11,1.8,2.0,0,0,0,0
CUST_005448,11,Basic,46-55,South,10.9,,3,1.3,0.0,0,1,0,0
CUST_005449,9,Basic,18-25,East,8.8,26.3,9,2.7,1.0,0,0,1,0
CUST_005450,1,Basic,56+,East,12.0,21.0,10,6.1,2.0,0,1,0,0
CUST_005451,4,Standard,46-55,North,7.7,25.8,6,0.4,2.0,1,1,0,0
CUST_005452,3,Basic,36-45,East,4.0,19.5,4,7.2,1.0,4,0,1,1
CUST_005453,2,Premium,26-35,East,3.4,21.7,4,7.0,3.0,4,0,0,1
CUST_005454,6,Standard,36-45,East,30.0,39.8,2,4.4,0.0,0,1,1,0
CUST_005455,14,Basic,26-35,South,6.0,44.6,16,2.2,1.0,1,1,1,0
CUST_005456,2,Basic,18-25,North,7.1,23.5,6,0.8,2.0,0,0,1,0
CUST_005457,5,Premium,46-55,East,8.0,50.4,15,0.1,1.0,0,1,1,0
CUST_005458,5,Basic,46-55,East,0.4,29.7,4,21.4,1.0,0,0,1,1
CUST_005459,44,Standard,26-35,South,2.2,24.1,2,0.2,,0,1,0,0
CUST_005460,37,Standard,46-55,South,9.1,39.8,7,2.6,1.0,0,0,0,0
CUST_005461,19,Basic,46-55,South,5.8,33.0,8,1.1,2.0,0,0,0,0
CUST_005462,3,Standard,26-35,South,0.8,34.3,4,7.6,3.0,4,0,0,1
CUST_005463,1,Basic,26-35,West,13.2,41.9,9,0.1,0.0,0,0,1,0
CUST_005464,4,Basic,26-35,West,12.9,14.7,10,3.9,0.0,0,0,0,0
CUST_005465,3,Standard,46-55,West,11.5,15.3,6,0.9,2.0,1,1,1,0
CUST_005466,8,Standard,46-55,East,8.6,21.8,8,2.7,4.0,0,0,0,0
CUST_005467,18,Premium,18-25,East,34.1,35.3,9,1.4,0.0,0,0,0,0
CUST_005468,23,Standard,36-45,North,5.5,16.4,8,0.7,4.0,0,1,0,0
CUST_005469,22,Standard,46-55,East,8.5,25.1,8,1.2,1.0,0,1,0,0
CUST_005470,5,Standard,46-55,South,2.9,50.8,9,3.3,0.0,0,0,0,0
CUST_005471,13,Basic,18-25,East,1.9,50.8,6,0.0,0.0,0,1,0,0
CUST_005472,4,Standard,36-45,South,20.7,26.7,9,2.1,,0,0,1,0
CUST_005473,1,Standard,46-55,North,11.5,17.9,2,0.6,2.0,0,0,2,0
CUST_005474,14,Basic,26-35,North,10.4,38.6,10,2.7,1.0,0,1,0,0
CUST_005475,1,Standard,26-35,West,29.5,51.6,9,5.1,0.0,0,0,2,0
CUST_005476,6,Basic,46-55,South,1.5,36.0,13,2.2,3.0,0,1,0,0
CUST_005477,4,Standard,18-25,South,2.4,29.2,8,1.6,2.0,0,0,2,0
CUST_005478,14,Standard,46-55,West,26.1,,9,2.7,1.0,1,0,0,0
CUST_005479,17,Premium,26-35,East,6.6,15.8,9,1.7,0.0,5,0,0,1
CUST_005480,4,Basic,18-25,North,8.6,49.8,9,0.0,0.0,0,1,0,0
CUST_005481,20,Standard,26-35,North,6.1,23.0,5,3.9,0.0,0,0,0,0
CUST_005482,4,Basic,18-25,South,4.2,11.9,6,10.5,3.0,2,0,1,1
CUST_005483,7,Standard,18-25,East,11.0,64.1,7,3.6,1.0,1,1,0,0
CUST_005484,15,Standard,36-45,West,19.4,19.4,9,8.5,2.0,0,1,0,0
CUST_005485,14,Standard,26-35,South,23.7,22.4,3,0.3,2.0,2,1,1,0
CUST_005486,52,Standard,56+,West,14.3,41.8,10,0.3,1.0,0,0,0,0
CUST_005487,3,Premium,36-45,North,3.4,7.7,3,3.7,1.0,2,1,1,1
CUST_005488,13,Basic,36-45,North,16.7,47.6,6,3.0,1.0,0,0,0,0
CUST_005489,11,Basic,26-35,West,10.9,76.0,11,2.3,5.0,1,1,0,0
CUST_005490,29,Standard,36-45,North,10.1,24.6,4,1.3,1.0,0,0,0,0
CUST_005491,2,Basic,36-45,West,4.9,17.5,10,1.3,4.0,0,1,0,0
CUST_005492,16,Basic,18-25,East,3.9,11.5,4,3.4,0.0,4,1,0,1
CUST_005493,10,Standard,46-55,North,5.7,23.4,9,0.1,0.0,0,0,0,0
CUST_005494,3,Basic,26-35,South,0.8,52.2,9,2.9,2.0,0,0,0,0
CUST_005495,7,Basic,18-25,East,9.9,45.2,6,0.9,1.0,0,0,2,0
CUST_005496,4,Standard,36-45,West,26.6,36.0,8,0.9,1.0,1,0,0,0
CUST_005497,10,Basic,36-45,South,2.4,17.1,2,10.4,0.0,2,0,0,1
CUST_005498,26,Basic,26-35,South,10.3,14.3,7,3.0,1.0,0,0,0,0
CUST_005499,10,Basic,46-55,North,3.4,29.6,6,2.4,1.0,0,0,2,0
CUST_005500,11,Premium,36-45,East,23.3,18.3,9,1.4,2.0,0,1,0,0
CUST_005501,8,Premium,36-45,North,29.8,24.8,12,1.9,0.0,1,0,0,0
CUST_005502,1,Standard,26-35,North,1.1,28.6,13,5.1,0.0,0,0,0,0
CUST_005503,3,Basic,56+,West,7.1,31.3,11,1.4,0.0,0,0,1,0
CUST_005504,8,Premium,26-35,South,8.8,53.0,14,1.1,1.0,1,0,1,0
CUST_005505,4,Standard,36-45,North,7.0,39.3,8,1.4,3.0,0,0,0,0
CUST_005506,2,Standard,26-35,East,14.8,67.7,9,1.2,2.0,1,0,3,0
CUST_005507,8,Standard,46-55,West,6.8,19.6,4,3.3,2.0,0,1,1,0
CUST_005508,4,Basic,18-25,North,17.6,40.0,9,10.8,0.0,0,0,3,0
CUST_005509,3,Basic,18-25,North,0.8,35.7,9,0.1,1.0,0,0,0,0
CUST_005510,7,Basic,46-55,North,9.4,37.2,9,3.1,0.0,0,0,0,0
CUST_005511,1,Basic,26-35,North,10.1,51.2,7,1.9,0.0,1,1,2,0
CUST_005512,31,Standard,26-35,East,1.3,21.5,6,19.0,1.0,2,1,1,1
CUST_005513,24,Premium,36-45,East,36.6,33.0,16,1.4,3.0,0,0,0,0
CUST_005514,14,Standard,46-55,East,6.2,39.0,6,0.2,3.0,1,0,0,0
CUST_005515,1,Basic,26-35,East,13.2,21.7,12,1.7,2.0,0,0,0,0
CUST_005516,17,Basic,26-35,West,4.4,20.2,7,0.5,0.0,0,1,1,0
CUST_005517,19,Basic,56+,East,1.8,7.9,4,1.5,6.0,2,0,0,1
CUST_005518,17,Basic,36-45,West,,58.7,6,6.6,4.0,1,1,0,0
CUST_005519,1,Basic,26-35,South,4.1,78.1,5,2.2,4.0,0,1,0,0
CUST_005520,12,Standard,46-55,West,3.5,24.8,5,14.4,3.0,2,0,2,1
CUST_005521,21,Basic,36-45,South,4.8,,9,1.4,1.0,0,0,0,0
CUST_005522,10,Premium,26-35,South,20.8,40.5,5,3.7,2.0,0,1,0,0
CUST_005523,12,Basic,26-35,West,5.8,32.0,14,4.7,0.0,0,1,0,0
CUST_005524,7,Standard,26-35,North,1.5,23.1,3,0.2,3.0,2,0,0,1
CUST_005525,9,Standard,46-55,East,5.5,12.3,5,15.1,9.0,2,1,0,1
CUST_005526,1,Basic,18-25,East,22.7,30.2,9,0.1,0.0,1,0,0,0
CUST_005527,12,Standard,26-35,West,15.4,41.2,7,0.1,0.0,0,1,1,0
CUST_005528,1,Standard,46-55,East,15.7,36.0,10,4.6,3.0,0,0,0,0
CUST_005529,6,Standard,18-25,South,2.5,22.5,6,2.0,6.0,2,0,0,1
CUST_005530,4,Standard,36-45,South,9.6,26.3,8,1.8,1.0,0,0,0,0
CUST_005531,9,Basic,26-35,West,6.2,20.6,3,0.9,1.0,0,0,0,0
CUST_005532,1,Standard,36-45,South,1.6,28.1,5,8.2,4.0,2,1,1,1
CUST_005533,14,Premium,26-35,West,16.8,6.2,11,1.6,4.0,0,0,1,0
CUST_005534,19,Basic,18-25,North,10.3,61.5,17,2.6,1.0,1,0,1,0
CUST_005535,2,Basic,36-45,North,3.7,14.6,3,8.0,1.0,2,0,0,1
CUST_005536,1,Premium,36-45,South,28.2,40.6,8,1.5,4.0,0,0,1,0
CUST_005537,1,Basic,36-45,East,1.0,17.6,5,0.5,1.0,2,1,1,1
CUST_005538,25,Standard,36-45,South,12.7,68.2,10,6.4,0.0,0,0,1,0
CUST_005539,9,Standard,36-45,North,5.7,13.4,4,3.3,0.0,4,1,0,1
CUST_005540,7,Standard,36-45,North,1.4,67.7,7,2.2,4.0,0,0,0,0
CUST_005541,1,Basic,36-45,South,11.1,38.3,6,10.9,1.0,0,1,0,0
CUST_005542,12,Basic,36-45,North,0.9,32.6,3,2.0,3.0,4,1,2,1
CUST_005543,24,Basic,36-45,North,5.9,47.4,7,0.5,0.0,1,0,0,0
CUST_005544,21,Standard,36-45,West,3.2,12.9,5,6.4,7.0,2,0,0,1
CUST_005545,11,Standard,26-35,South,2.3,4.0,3,2.1,4.0,4,1,1,1
CUST_005546,1,Standard,26-35,South,4.4,21.9,7,5.8,2.0,0,0,2,0
CUST_005547,1,Standard,26-35,West,2.4,2.6,4,12.4,,0,0,0,1
CUST_005548,1,Basic,56+,South,9.0,26.4,10,0.3,,1,1,0,0
CUST_005549,3,Basic,46-55,West,17.1,61.2,7,12.4,2.0,1,0,0,0
CUST_005550,1,Standard,36-45,South,11.9,13.7,7,4.3,2.0,0,0,1,0
CUST_005551,3,Basic,26-35,South,6.9,17.7,2,0.4,1.0,4,1,1,1
CUST_005552,5,Basic,18-25,South,10.9,15.8,4,26.8,4.0,2,0,0,1
CUST_005553,34,Basic,46-55,East,19.0,57.3,6,0.1,0.0,0,0,0,0
CUST_005554,11,Basic,46-55,East,13.5,5.7,11,0.5,1.0,0,0,0,0
CUST_005555,21,Basic,18-25,North,2.4,51.7,10,0.9,1.0,1,0,2,0
CUST_005556,14,Standard,46-55,West,5.7,9.7,9,3.0,0.0,0,0,1,0
CUST_005557,1,Premium,26-35,South,1.8,49.9,7,7.1,0.0,0,0,0,0
CUST_005558,15,Premium,26-35,North,3.4,32.8,8,0.8,5.0,0,0,0,0
CUST_005559,3,Premium,46-55,East,4.7,15.8,5,2.8,7.0,2,0,0,1
CUST_005560,12,Premium,36-45,West,13.1,38.8,7,0.4,0.0,1,1,0,0
CUST_005561,5,Standard,46-55,South,17.3,19.1,13,2.5,4.0,1,1,0,0
CUST_005562,60,Basic,18-25,North,14.0,26.0,7,4.2,1.0,0,0,1,0
CUST_005563,3,Standard,26-35,West,20.6,63.9,7,1.9,3.0,0,0,3,0
CUST_005564,3,Basic,26-35,West,,9.6,3,2.1,0.0,2,0,0,1
CUST_005565,32,Basic,26-35,North,20.0,9.4,6,1.1,0.0,0,0,0,0
CUST_005566,1,Basic,36-45,West,5.9,10.0,3,10.9,1.0,2,0,1,1
CUST_005567,14,Standard,26-35,South,15.5,25.9,9,5.0,2.0,0,0,0,0
CUST_005568,15,Basic,26-35,West,4.9,15.4,3,6.7,1.0,4,0,0,1
CUST_005569,21,Basic,26-35,East,11.6,18.9,7,2.7,4.0,0,0,0,0
CUST_005570,44,Basic,46-55,West,8.5,46.9,12,0.8,1.0,1,1,2,0
CUST_005571,44,Premium,36-45,West,,70.1,15,5.7,0.0,0,1,1,0
CUST_005572,1,Standard,36-45,North,4.5,9.9,2,5.3,1.0,2,0,0,1
CUST_005573,20,Premium,26-35,North,16.8,23.8,5,5.9,1.0,0,0,0,0
CUST_005574,12,Basic,26-35,East,25.2,20.8,9,0.7,0.0,0,0,1,0
CUST_005575,12,Basic,18-25,North,2.4,22.9,5,5.9,1.0,2,1,0,1
CUST_005576,1,Standard,18-25,South,4.9,10.9,7,3.4,3.0,0,0,1,0
CUST_005577,12,Basic,26-35,West,5.9,32.7,7,2.2,3.0,0,1,0,0
CUST_005578,48,Standard,18-25,South,21.3,22.8,3,0.1,2.0,0,0,0,0
CUST_005579,29,Standard,36-45,South,17.4,18.2,13,1.8,1.0,0,1,0,0
CUST_005580,6,Standard,56+,South,10.0,59.8,4,2.3,0.0,0,0,0,0
CUST_005581,1,Premium,18-25,East,5.8,14.2,2,5.7,1.0,4,1,0,1
CUST_005582,5,Basic,46-55,North,3.5,20.3,11,1.3,2.0,0,0,1,0
CUST_005583,21,Basic,18-25,South,1.0,37.9,4,11.5,4.0,2,0,0,1
CUST_005584,14,Standard,36-45,West,6.8,28.4,16,2.7,1.0,1,1,2,0
CUST_005585,7,Basic,36-45,West,1.6,35.3,4,16.8,4.0,2,0,1,1
CUST_005586,1,Basic,56+,West,16.7,43.6,16,2.7,1.0,0,0,0,0
CUST_005587,6,Basic,18-25,West,4.7,9.3,3,5.8,1.0,2,0,0,1
CUST_005588,7,Basic,26-35,South,4.1,16.6,4,10.5,1.0,2,0,1,1
CUST_005589,31,Basic,18-25,East,2.8,33.8,10,5.0,2.0,0,1,0,0
CUST_005590,12,Basic,26-35,South,6.0,59.8,7,2.0,2.0,0,0,0,0
CUST_005591,4,Standard,56+,North,4.2,10.3,5,0.3,1.0,5,0,0,1
CUST_005592,8,Standard,46-55,South,21.5,39.8,5,4.6,0.0,0,0,0,0
CUST_005593,1,Standard,46-55,North,8.7,,7,3.9,0.0,2,1,1,0
CUST_005594,43,Standard,36-45,South,12.2,21.0,7,7.6,1.0,0,1,0,0
CUST_005595,5,Basic,46-55,South,4.4,30.7,9,1.7,3.0,0,0,0,0
CUST_005596,7,Basic,26-35,East,7.4,29.2,9,2.9,1.0,1,0,0,0
CUST_005597,5,Basic,18-25,South,2.4,40.8,15,2.6,3.0,0,1,0,0
CUST_005598,13,Standard,46-55,East,19.0,28.3,5,1.7,1.0,0,0,0,0
CUST_005599,13,Standard,26-35,East,16.2,31.4,9,2.5,2.0,1,0,0,0
CUST_005600,15,Basic,18-25,West,24.6,32.6,8,1.7,1.0,1,0,0,0
CUST_005601,3,Basic,18-25,North,4.1,8.3,4,1.2,1.0,4,1,0,1
CUST_005602,4,Premium,36-45,East,1.9,77.7,7,2.2,1.0,1,0,1,0
CUST_005603,1,Standard,36-45,East,7.6,29.4,13,0.5,2.0,0,1,1,0
CUST_005604,12,Standard,26-35,West,4.5,9.5,10,3.1,4.0,0,0,1,0
CUST_005605,1,Basic,46-55,South,9.4,61.2,10,4.3,1.0,1,1,0,0
CUST_005606,10,Basic,46-55,South,8.6,33.7,5,0.5,1.0,0,0,0,0
CUST_005607,24,Standard,56+,North,6.8,26.2,11,0.9,2.0,1,1,0,0
CUST_005608,26,Standard,36-45,South,4.3,39.9,10,0.9,0.0,0,0,0,0
CUST_005609,7,Standard,46-55,East,16.4,22.8,11,0.9,1.0,1,0,1,0
CUST_005610,7,Standard,46-55,West,3.7,65.0,3,4.8,1.0,0,0,1,0
CUST_005611,1,Standard,26-35,South,9.7,13.3,4,1.4,0.0,0,0,1,0
CUST_005612,13,Standard,26-35,North,23.3,59.4,11,1.7,1.0,2,0,0,0
CUST_005613,20,Basic,36-45,South,7.8,16.5,5,25.3,3.0,2,0,0,1
CUST_005614,3,Basic,18-25,North,2.0,35.5,2,7.0,3.0,2,0,0,1
CUST_005615,6,Premium,26-35,West,15.2,51.0,15,0.9,1.0,1,0,0,0
CUST_005616,21,Basic,36-45,West,2.2,24.6,10,0.9,1.0,0,1,1,0
CUST_005617,25,Standard,18-25,South,3.5,17.0,9,0.1,,0,0,0,0
CUST_005618,3,Standard,18-25,North,6.6,10.6,14,0.4,1.0,0,0,0,0
CUST_005619,9,Premium,36-45,West,10.8,25.7,8,2.8,0.0,0,0,0,0
CUST_005620,2,Basic,46-55,North,7.5,33.4,5,47.4,4.0,4,0,1,1
CUST_005621,1,Basic,46-55,East,7.0,70.7,6,3.4,0.0,0,0,1,0
CUST_005622,29,Standard,36-45,West,8.4,31.0,7,1.4,2.0,1,0,0,0
CUST_005623,20,Standard,36-45,East,14.5,6.0,7,8.9,1.0,0,0,0,0
CUST_005624,17,Standard,26-35,North,4.2,18.9,8,0.7,1.0,0,0,1,0
CUST_005625,1,Basic,26-35,North,22.8,10.2,5,2.3,3.0,1,0,0,0
CUST_005626,22,Basic,18-25,West,19.8,43.5,12,4.9,2.0,1,1,0,0
CUST_005627,6,Standard,46-55,North,4.5,13.6,1,10.3,0.0,2,0,1,1
CUST_005628,5,Premium,36-45,South,20.4,31.6,15,7.9,1.0,1,1,0,0
CUST_005629,9,Premium,46-55,West,13.6,27.3,11,0.1,0.0,1,0,0,0
CUST_005630,1,Basic,46-55,West,3.9,13.6,5,22.0,4.0,0,0,0,1
CUST_005631,16,Basic,26-35,South,10.3,10.8,8,1.0,3.0,0,1,1,0
CUST_005632,10,Basic,36-45,North,16.5,12.7,10,0.1,4.0,0,0,0,0
CUST_005633,2,Premium,26-35,East,11.6,24.6,6,36.4,1.0,2,0,1,1
CUST_005634,2,Standard,26-35,South,2.4,15.9,5,13.1,3.0,2,0,0,1
CUST_005635,2,Basic,36-45,South,8.1,19.0,7,0.6,0.0,0,0,1,0
CUST_005636,1,Basic,56+,West,3.0,76.9,6,0.8,4.0,1,0,0,0
CUST_005637,10,Standard,46-55,North,12.3,40.1,6,3.9,1.0,0,0,1,0
CUST_005638,22,Basic,56+,North,13.7,17.3,9,8.7,3.0,0,1,0,0
CUST_005639,1,Standard,18-25,South,11.6,20.1,12,3.6,1.0,0,0,0,0
CUST_005640,1,Standard,18-25,South,15.0,14.9,5,2.1,3.0,5,0,0,1
CUST_005641,10,Basic,18-25,East,4.8,21.8,3,5.6,6.0,2,0,0,1
CUST_005642,20,Basic,26-35,West,0.6,11.2,4,0.4,6.0,4,0,1,1
CUST_005643,4,Premium,26-35,East,12.8,36.6,9,0.8,0.0,2,0,2,0
CUST_005644,5,Basic,36-45,East,3.9,54.4,15,8.6,2.0,0,1,0,0
CUST_005645,10,Basic,36-45,East,14.7,26.6,7,1.0,0.0,0,0,0,0
CUST_005646,3,Premium,56+,South,25.3,30.3,7,1.3,2.0,0,1,1,0
CUST_005647,1,Standard,56+,South,6.9,16.6,5,2.2,1.0,0,0,0,0
CUST_005648,15,Standard,26-35,East,8.5,42.4,7,1.1,0.0,1,0,0,0
CUST_005649,11,Basic,46-55,North,10.6,32.3,6,0.4,0.0,0,1,0,0
CUST_005650,10,Basic,36-45,South,5.2,9.8,4,3.7,0.0,4,1,0,1
CUST_005651,16,Basic,36-45,South,,32.4,12,0.1,0.0,1,0,0,0
CUST_005652,13,Basic,46-55,East,10.0,120.0,5,1.3,0.0,1,1,1,0
CUST_005653,2,Standard,18-25,South,8.2,38.8,6,0.9,1.0,0,0,0,0
CUST_005654,5,Basic,46-55,East,6.9,45.8,5,3.0,1.0,1,0,1,0
CUST_005655,1,Standard,36-45,South,1.3,17.1,4,1.1,3.0,2,1,0,1
CUST_005656,1,Basic,46-55,West,1.8,13.2,4,7.3,6.0,0,1,0,1
CUST_005657,13,Basic,56+,South,3.5,49.8,9,1.6,0.0,0,0,0,0
CUST_005658,23,Premium,36-45,East,45.0,60.1,9,2.1,1.0,1,1,0,0
CUST_005659,39,Basic,18-25,North,8.0,43.5,13,1.4,2.0,0,0,1,0
CUST_005660,11,Basic,26-35,South,13.6,30.7,6,0.5,2.0,0,0,1,0
CUST_005661,2,Basic,26-35,West,12.4,38.4,8,0.4,1.0,0,1,0,0
CUST_005662,1,Basic,18-25,South,1.3,93.6,8,0.6,3.0,0,1,0,0
CUST_005663,20,Basic,46-55,South,3.6,18.2,3,6.1,3.0,2,0,0,1
CUST_005664,10,Basic,26-35,East,11.4,23.5,4,1.0,2.0,0,0,0,0
CUST_005665,11,Standard,56+,North,0.4,20.9,4,5.8,1.0,4,0,0,1
CUST_005666,18,Standard,46-55,East,7.3,42.3,5,0.7,3.0,0,0,0,0
CUST_005667,14,Standard,26-35,South,14.4,16.9,8,4.0,2.0,0,0,2,0
CUST_005668,21,Basic,36-45,South,6.3,39.3,7,0.9,2.0,0,0,0,0
CUST_005669,1,Standard,36-45,West,13.0,24.5,8,6.4,2.0,0,0,1,0
CUST_005670,16,Basic,36-45,East,4.0,74.0,13,2.7,3.0,0,0,1,0
CUST_005671,22,Standard,36-45,South,6.0,13.4,9,1.2,,0,0,0,0
CUST_005672,4,Standard,18-25,East,13.6,48.1,9,8.6,2.0,0,0,0,0
CUST_005673,12,Basic,36-45,West,7.5,89.5,8,0.4,1.0,1,1,1,0
CUST_005674,4,Standard,36-45,East,1.5,7.3,3,20.0,1.0,0,0,0,1
CUST_005675,38,Premium,46-55,North,21.7,74.7,12,0.2,2.0,1,0,1,0
CUST_005676,1,Standard,46-55,South,10.3,20.5,10,2.6,3.0,0,1,1,0
CUST_005677,10,Basic,26-35,South,4.2,9.0,13,4.7,2.0,0,0,0,0
CUST_005678,2,Standard,18-25,North,13.4,18.2,4,4.2,1.0,1,0,0,0
CUST_005679,14,Premium,46-55,North,10.0,54.5,8,3.6,3.0,0,0,0,0
CUST_005680,2,Basic,56+,North,19.9,39.8,8,0.1,1.0,0,0,2,0
CUST_005681,3,Standard,26-35,West,16.8,26.6,7,1.1,1.0,1,0,0,0
CUST_005682,8,Basic,26-35,East,8.6,12.2,7,1.1,0.0,0,1,0,0
CUST_005683,29,Basic,26-35,South,11.9,10.4,8,0.2,2.0,0,1,1,0
CUST_005684,2,Standard,26-35,East,19.1,31.3,7,4.3,5.0,0,0,0,0
CUST_005685,1,Standard,26-35,East,8.5,13.6,6,0.8,1.0,0,0,1,0
CUST_005686,17,Standard,26-35,South,0.6,13.0,5,19.3,3.0,2,0,0,1
CUST_005687,8,Premium,36-45,South,17.7,16.4,16,3.2,0.0,0,1,0,0
CUST_005688,29,Basic,26-35,North,14.9,37.1,7,3.0,0.0,0,1,0,0
CUST_005689,1,Basic,18-25,East,15.3,16.9,15,0.3,0.0,0,0,1,0
CUST_005690,12,Premium,26-35,South,5.9,70.6,8,0.7,1.0,0,0,0,0
CUST_005691,3,Basic,46-55,South,20.1,15.5,2,1.2,1.0,0,1,0,0
CUST_005692,2,Standard,36-45,South,30.0,36.6,7,1.0,3.0,1,0,0,0
CUST_005693,13,Standard,56+,East,15.1,5.0,6,1.1,1.0,0,0,0,0
CUST_005694,10,Basic,36-45,East,6.6,62.2,11,1.0,0.0,1,0,0,0
CUST_005695,16,Basic,26-35,South,10.8,49.2,8,3.7,1.0,1,1,0,0
CUST_005696,4,Standard,26-35,North,13.0,49.4,5,3.2,3.0,0,1,1,0
CUST_005697,7,Premium,36-45,East,21.0,51.5,11,0.0,0.0,0,0,0,0
CUST_005698,6,Standard,36-45,West,9.7,36.6,7,0.6,2.0,0,0,0,0
CUST_005699,49,Standard,36-45,West,3.3,31.3,6,4.3,1.0,0,0,0,0
CUST_005700,4,Basic,46-55,West,13.8,16.5,12,2.4,1.0,0,1,3,0
CUST_005701,4,Basic,46-55,North,2.5,5.5,4,2.3,1.0,2,1,1,1
CUST_005702,5,Basic,18-25,North,,26.4,5,5.9,1.0,0,0,0,0
CUST_005703,9,Basic,46-55,East,4.2,18.8,6,2.1,3.0,0,0,1,0
CUST_005704,3,Basic,36-45,North,1.5,9.2,5,4.8,0.0,4,0,0,1
CUST_005705,29,Basic,26-35,North,6.3,33.2,6,4.2,0.0,0,0,0,0
CUST_005706,3,Basic,36-45,South,10.4,40.9,11,2.1,0.0,1,1,0,0
CUST_005707,27,Basic,36-45,South,5.5,31.2,7,0.5,1.0,0,0,0,0
CUST_005708,1,Basic,18-25,South,4.0,8.6,0,0.5,2.0,0,0,1,0
CUST_005709,12,Standard,26-35,West,4.2,35.6,5,10.4,3.0,4,0,0,1
CUST_005710,28,Standard,26-35,North,0.7,6.7,2,9.3,1.0,0,1,0,1
CUST_005711,2,Basic,26-35,North,0.3,,5,0.1,0.0,2,1,1,1
CUST_005712,41,Premium,18-25,North,23.6,43.2,5,2.5,1.0,1,1,0,0
CUST_005713,7,Basic,26-35,West,1.3,16.2,5,3.1,3.0,2,0,0,1
CUST_005714,34,Premium,26-35,East,13.4,33.4,14,0.3,0.0,1,0,0,0
CUST_005715,13,Basic,26-35,North,15.8,28.3,11,2.0,2.0,0,0,0,0
CUST_005716,4,Premium,46-55,North,6.8,22.2,7,16.9,0.0,4,0,0,1
CUST_005717,2,Basic,26-35,East,2.2,9.6,4,3.9,1.0,4,1,0,1
CUST_005718,4,Standard,26-35,South,4.2,15.0,3,5.7,1.0,2,0,0,1
CUST_005719,1,Basic,26-35,West,2.4,10.0,6,14.8,3.0,0,0,0,1
CUST_005720,1,Standard,46-55,East,6.1,19.9,11,0.7,2.0,0,1,1,0
CUST_005721,1,Basic,18-25,North,1.9,32.9,6,1.7,0.0,0,0,0,0
CUST_005722,6,Basic,26-35,West,0.6,15.4,14,0.8,2.0,0,1,0,0
CUST_005723,19,Standard,26-35,South,2.9,11.7,4,29.2,4.0,0,0,0,1
CUST_005724,1,Basic,56+,South,1.4,5.9,5,0.1,1.0,2,0,0,1
CUST_005725,1,Premium,36-45,South,17.5,31.5,4,5.7,1.0,0,0,0,0
CUST_005726,12,Basic,18-25,West,8.2,39.3,8,1.6,1.0,0,0,0,0
CUST_005727,2,Basic,26-35,North,3.1,7.8,3,23.4,0.0,2,0,0,1
CUST_005728,1,Standard,26-35,South,24.3,18.8,6,1.9,0.0,0,0,0,0
CUST_005729,2,Basic,18-25,North,5.1,6.2,3,6.1,1.0,2,1,0,1
CUST_005730,30,Basic,46-55,West,4.6,12.9,4,5.1,4.0,2,1,0,1
CUST_005731,20,Standard,36-45,South,19.6,23.4,7,0.3,1.0,0,1,1,0
CUST_005732,5,Standard,36-45,North,1.8,19.5,2,17.9,4.0,4,0,0,1
CUST_005733,12,Premium,26-35,East,4.0,22.0,2,5.9,1.0,4,1,0,1
CUST_005734,9,Basic,36-45,East,3.3,50.5,2,1.0,0.0,0,1,0,0
CUST_005735,13,Standard,26-35,West,8.1,9.1,9,1.2,0.0,0,0,0,0
CUST_005736,13,Basic,26-35,South,29.0,13.2,9,0.1,0.0,0,0,0,0
CUST_005737,11,Basic,36-45,West,2.7,3.6,3,1.5,3.0,2,1,1,1
CUST_005738,3,Standard,26-35,South,7.4,13.5,8,1.7,1.0,0,0,1,0
CUST_005739,1,Basic,36-45,North,2.5,45.6,10,0.9,0.0,0,1,0,0
CUST_005740,7,Basic,46-55,West,15.9,52.7,6,0.7,,0,0,2,0
CUST_005741,26,Basic,18-25,East,22.1,33.4,7,2.9,0.0,2,0,3,0
CUST_005742,10,Standard,46-55,East,5.5,19.0,14,2.5,0.0,1,0,0,0
CUST_005743,21,Premium,18-25,West,45.0,33.7,11,6.6,4.0,1,0,0,0
CUST_005744,57,Standard,26-35,East,0.7,17.8,6,4.4,1.0,2,1,1,1
CUST_005745,2,Basic,36-45,North,6.8,26.2,7,2.4,4.0,0,0,0,0
CUST_005746,14,Standard,36-45,West,5.4,16.4,9,0.9,4.0,0,0,2,0
CUST_005747,13,Standard,18-25,South,4.3,9.3,5,13.8,3.0,2,0,0,1
CUST_005748,46,Basic,46-55,East,7.0,10.1,4,21.3,0.0,4,0,0,1
CUST_005749,50,Basic,56+,North,21.2,16.1,10,2.0,1.0,1,0,1,0
CUST_005750,13,Basic,26-35,South,4.7,45.3,5,0.2,2.0,0,0,0,0
CUST_005751,3,Basic,46-55,East,10.4,33.0,12,1.0,0.0,0,0,0,0
CUST_005752,19,Standard,36-45,South,9.4,43.9,7,0.0,0.0,1,0,0,0
CUST_005753,1,Basic,56+,East,,25.9,10,0.6,1.0,1,0,0,0
CUST_005754,18,Basic,26-35,West,6.0,34.8,9,0.0,1.0,0,1,0,0
CUST_005755,28,Premium,46-55,South,6.7,44.6,11,3.1,2.0,1,0,3,0
CUST_005756,5,Standard,18-25,East,5.0,26.4,8,5.3,1.0,0,0,1,0
CUST_005757,11,Standard,46-55,West,12.8,27.2,10,6.1,1.0,0,0,0,0
CUST_005758,6,Basic,36-45,East,1.8,33.1,8,0.9,0.0,0,0,0,0
CUST_005759,6,Basic,26-35,East,5.2,30.2,9,2.4,2.0,0,0,1,0
CUST_005760,4,Basic,26-35,South,7.5,62.2,10,3.6,1.0,0,0,0,0
CUST_005761,17,Basic,46-55,South,10.2,21.0,7,3.9,1.0,0,0,1,0
CUST_005762,33,Basic,36-45,South,4.9,15.6,5,0.2,3.0,4,0,0,1
CUST_005763,33,Standard,26-35,South,1.7,15.3,4,1.5,0.0,2,1,0,1
CUST_005764,2,Basic,26-35,East,2.4,25.8,12,1.4,2.0,0,0,0,0
CUST_005765,24,Basic,46-55,North,10.9,52.9,8,0.9,0.0,1,1,0,0
CUST_005766,16,Basic,26-35,West,4.8,13.7,8,4.5,2.0,0,0,1,0
CUST_005767,3,Standard,18-25,West,7.4,48.9,15,0.5,4.0,0,0,0,0
CUST_005768,1,Standard,56+,South,1.9,11.9,3,15.1,1.0,2,0,1,1
CUST_005769,3,Standard,26-35,North,3.8,98.9,7,5.9,1.0,0,0,0,0
CUST_005770,29,Basic,26-35,East,11.9,14.4,7,2.2,1.0,0,0,0,0
CUST_005771,12,Basic,26-35,East,8.8,,15,5.2,2.0,0,0,2,0
CUST_005772,15,Basic,46-55,West,6.6,14.9,11,1.5,0.0,0,1,1,0
CUST_005773,3,Basic,26-35,South,7.9,79.9,13,0.5,0.0,2,0,0,0
CUST_005774,15,Premium,36-45,North,8.1,24.1,8,1.1,2.0,1,1,1,0
CUST_005775,1,Premium,46-55,West,12.4,43.1,12,0.0,1.0,1,0,0,0
CUST_005776,5,Standard,18-25,South,3.2,13.0,2,22.5,6.0,0,0,1,1
CUST_005777,11,Premium,46-55,East,32.2,34.8,14,4.5,,1,0,1,0
CUST_005778,1,Standard,26-35,North,2.6,27.7,5,0.0,0.0,4,0,1,1
CUST_005779,20,Basic,36-45,West,2.0,3.8,3,10.5,1.0,4,0,0,1
CUST_005780,3,Premium,26-35,North,25.2,12.3,11,0.6,0.0,0,0,4,0
CUST_005781,12,Basic,36-45,East,,27.2,7,7.9,2.0,0,1,1,0
CUST_005782,6,Standard,26-35,East,17.7,31.7,5,0.7,2.0,1,1,0,0
CUST_005783,10,Basic,18-25,West,12.1,33.2,9,0.7,2.0,1,1,0,0
CUST_005784,1,Basic,56+,North,3.7,51.7,5,8.2,1.0,0,1,1,0
CUST_005785,1,Standard,18-25,South,8.5,41.9,5,2.0,1.0,0,0,1,0
CUST_005786,28,Basic,46-55,North,2.8,2.8,8,0.3,1.0,0,0,1,0
CUST_005787,3,Basic,26-35,West,20.4,5.6,9,2.5,2.0,0,1,0,0
CUST_005788,20,Basic,26-35,East,2.0,6.5,2,5.6,0.0,2,1,0,1
CUST_005789,60,Basic,46-55,East,0.2,,4,6.7,3.0,0,0,0,1
CUST_005790,2,Premium,26-35,North,4.9,31.9,21,1.7,3.0,0,0,0,0
CUST_005791,3,Standard,46-55,South,23.3,28.1,10,4.3,0.0,0,0,2,0
CUST_005792,13,Basic,36-45,South,10.6,16.4,5,3.8,0.0,0,1,2,0
CUST_005793,40,Basic,26-35,South,8.4,44.6,7,0.0,1.0,0,1,0,0
CUST_005794,29,Standard,36-45,West,0.8,8.5,4,3.0,3.0,2,1,0,1
CUST_005795,8,Basic,26-35,North,24.5,72.8,7,1.4,1.0,0,1,0,0
CUST_005796,19,Basic,26-35,East,18.6,29.6,8,9.2,1.0,1,0,0,0
CUST_005797,1,Basic,46-55,West,3.2,52.6,9,0.1,1.0,0,1,0,0
CUST_005798,45,Premium,26-35,West,2.2,28.4,8,0.9,1.0,0,1,2,0
CUST_005799,40,Basic,26-35,East,13.6,29.9,5,0.3,5.0,0,1,0,0
CUST_005800,2,Basic,46-55,South,15.8,24.9,1,0.1,2.0,0,0,1,0
CUST_005801,4,Basic,46-55,East,5.5,5.1,4,5.4,3.0,2,0,0,1
CUST_005802,1,Basic,36-45,North,18.4,28.9,6,3.8,0.0,0,1,0,0
CUST_005803,3,Standard,36-45,North,9.7,10.8,7,1.3,1.0,0,0,0,0
CUST_005804,20,Basic,36-45,East,2.4,13.9,4,11.4,0.0,2,1,1,1
CUST_005805,5,Basic,36-45,West,19.5,24.7,8,0.1,2.0,0,0,1,0
CUST_005806,1,Basic,26-35,North,4.6,,6,2.0,2.0,1,0,1,0
CUST_005807,5,Basic,56+,North,8.0,42.0,10,5.6,0.0,0,0,0,0
CUST_005808,47,Standard,18-25,East,5.4,15.7,6,10.3,4.0,2,0,0,1
CUST_005809,11,Premium,36-45,North,11.2,39.9,14,2.2,1.0,0,1,0,0
CUST_005810,6,Basic,46-55,East,21.0,42.7,6,11.9,2.0,0,1,1,0
CUST_005811,2,Basic,36-45,North,17.3,39.4,11,0.1,0.0,0,0,1,0
CUST_005812,51,Basic,46-55,North,4.8,27.7,5,5.3,0.0,0,1,0,0
CUST_005813,20,Standard,26-35,East,20.9,18.7,7,6.5,2.0,1,1,1,0
CUST_005814,3,Standard,26-35,West,0.7,24.1,4,4.2,1.0,4,0,0,1
CUST_005815,1,Basic,46-55,East,0.7,4.7,4,7.5,1.0,2,1,1,1
CUST_005816,1,Standard,26-35,West,30.0,35.4,10,2.8,1.0,0,0,1,0
CUST_005817,1,Standard,46-55,South,17.3,76.3,11,0.7,3.0,0,0,0,0
CUST_005818,10,Premium,18-25,West,4.5,,9,2.4,0.0,0,1,1,0
CUST_005819,31,Basic,46-55,South,3.3,10.1,4,2.7,1.0,4,1,0,1
CUST_005820,8,Basic,36-45,West,3.3,15.1,1,8.5,1.0,4,0,1,1
CUST_005821,22,Basic,26-35,South,15.4,101.8,12,5.7,0.0,0,0,1,0
CUST_005822,7,Premium,36-45,South,19.2,9.8,12,2.6,1.0,0,0,1,0
CUST_005823,14,Standard,36-45,South,20.0,37.5,9,1.8,0.0,1,0,1,0
CUST_005824,15,Standard,18-25,East,4.5,13.1,14,3.6,1.0,0,1,0,0
CUST_005825,2,Basic,36-45,North,16.1,11.5,6,1.2,0.0,0,1,1,0
CUST_005826,5,Basic,36-45,West,4.0,32.8,9,2.2,2.0,0,0,0,0
CUST_005827,12,Basic,26-35,South,10.8,45.2,10,0.4,2.0,0,0,0,0
CUST_005828,1,Standard,46-55,South,10.9,29.7,8,3.8,0.0,1,0,0,0
CUST_005829,5,Basic,26-35,North,7.5,4.2,9,0.6,1.0,1,1,1,0
CUST_005830,9,Basic,26-35,North,4.0,,9,3.1,1.0,0,0,0,0
CUST_005831,60,Standard,36-45,East,11.7,28.5,12,5.8,2.0,0,0,2,0
CUST_005832,7,Basic,36-45,East,15.9,54.5,8,0.4,1.0,1,0,0,0
CUST_005833,20,Basic,56+,West,30.0,30.7,12,6.0,3.0,1,0,0,0
CUST_005834,6,Basic,18-25,North,3.9,2.1,2,8.2,0.0,2,1,1,1
CUST_005835,19,Standard,26-35,West,6.8,59.9,7,1.6,0.0,0,1,0,0
CUST_005836,10,Standard,18-25,South,20.2,35.3,5,2.5,2.0,0,0,2,0
CUST_005837,26,Premium,46-55,West,29.1,31.8,8,1.3,3.0,0,0,0,0
CUST_005838,6,Basic,26-35,North,2.0,26.0,10,2.9,1.0,0,0,0,0
CUST_005839,11,Premium,46-55,East,24.4,12.3,12,1.2,1.0,1,0,0,0
CUST_005840,11,Premium,26-35,East,22.3,51.7,9,1.3,2.0,1,0,1,0
CUST_005841,6,Standard,46-55,South,3.6,25.2,1,11.4,1.0,2,1,0,1
CUST_005842,1,Premium,36-45,North,14.6,67.4,11,0.2,1.0,0,1,0,0
CUST_005843,1,Basic,56+,East,2.2,40.5,8,1.7,,0,0,1,0
CUST_005844,1,Basic,18-25,North,15.9,68.6,4,4.0,2.0,0,0,0,0
CUST_005845,24,Basic,36-45,East,13.7,42.4,7,0.4,2.0,0,0,1,0
CUST_005846,3,Standard,46-55,East,21.3,42.2,8,3.3,3.0,0,1,0,0
CUST_005847,2,Standard,36-45,East,4.4,13.8,13,4.3,2.0,0,0,0,0
CUST_005848,15,Standard,18-25,West,2.6,,3,7.0,0.0,2,0,1,1
CUST_005849,4,Basic,56+,South,7.5,29.9,6,2.9,0.0,1,0,1,0
CUST_005850,8,Basic,26-35,South,1.7,27.5,14,4.9,2.0,0,1,0,0
CUST_005851,2,Basic,26-35,South,6.1,5.4,9,3.3,1.0,0,0,0,0
CUST_005852,38,Standard,36-45,East,19.8,27.7,9,13.6,0.0,1,1,1,0
CUST_005853,22,Basic,36-45,West,11.5,53.7,9,0.4,1.0,0,0,0,0
CUST_005854,23,Premium,46-55,West,2.7,60.8,14,4.1,3.0,0,0,1,0
CUST_005855,6,Basic,26-35,West,4.7,80.3,8,0.4,2.0,0,0,1,0
CUST_005856,17,Basic,26-35,West,4.4,40.5,8,6.2,1.0,0,1,0,0
CUST_005857,1,Premium,36-45,West,36.7,73.1,16,5.7,2.0,1,1,0,0
CUST_005858,1,Basic,26-35,South,12.7,49.6,10,0.1,2.0,0,1,0,0
CUST_005859,1,Basic,56+,West,19.8,58.8,7,1.0,2.0,1,0,0,0
CUST_005860,10,Basic,46-55,West,1.3,19.3,4,0.1,1.0,0,0,0,0
CUST_005861,7,Basic,36-45,North,4.0,8.0,1,5.2,4.0,4,0,0,1
CUST_005862,8,Premium,18-25,North,6.5,88.5,14,5.0,2.0,1,1,1,0
CUST_005863,1,Standard,56+,North,5.1,3.4,14,1.4,0.0,0,0,0,0
CUST_005864,6,Basic,18-25,West,3.2,7.0,4,6.4,3.0,4,1,0,1
CUST_005865,15,Standard,26-35,East,3.5,13.5,5,5.5,6.0,2,1,1,1
CUST_005866,7,Basic,26-35,North,6.1,22.6,9,0.7,3.0,0,0,0,0
CUST_005867,15,Standard,26-35,East,2.3,26.5,9,0.7,0.0,0,0,1,0
CUST_005868,3,Premium,46-55,North,37.2,30.6,9,4.7,0.0,0,0,0,0
CUST_005869,20,Premium,36-45,West,13.5,36.8,5,1.1,2.0,0,0,0,0
CUST_005870,10,Basic,56+,West,30.0,35.4,11,3.6,3.0,0,1,1,0
CUST_005871,2,Basic,26-35,West,18.9,33.5,11,7.5,0.0,0,0,0,0
CUST_005872,3,Basic,36-45,North,2.6,3.5,2,4.0,1.0,2,0,0,1
CUST_005873,11,Standard,56+,West,18.8,20.3,12,2.0,0.0,0,1,0,0
CUST_005874,21,Standard,46-55,South,2.7,24.1,8,5.2,2.0,0,1,1,0
CUST_005875,6,Basic,46-55,South,5.2,57.4,7,2.3,1.0,0,0,1,0
CUST_005876,3,Premium,26-35,South,10.0,10.8,14,0.8,0.0,0,1,0,0
CUST_005877,24,Basic,46-55,East,8.4,45.4,6,0.1,2.0,0,1,0,0
CUST_005878,13,Basic,26-35,West,5.5,41.9,11,0.0,1.0,1,0,0,0
CUST_005879,7,Basic,36-45,East,7.6,31.3,6,0.0,2.0,0,1,1,0
CUST_005880,8,Basic,36-45,West,10.5,32.0,8,1.3,1.0,1,0,1,0
CUST_005881,2,Basic,36-45,South,7.9,20.4,11,5.7,2.0,0,0,0,0
CUST_005882,11,Standard,46-55,South,3.4,13.4,3,8.0,1.0,2,1,1,1
CUST_005883,5,Basic,36-45,East,17.0,42.0,7,3.4,0.0,0,1,1,0
CUST_005884,60,Basic,18-25,South,9.3,9.6,5,15.4,4.0,4,0,0,1
CUST_005885,7,Standard,36-45,West,11.9,30.2,5,2.7,2.0,0,0,0,0
CUST_005886,7,Basic,36-45,East,3.9,18.6,4,2.8,1.0,0,0,0,0
CUST_005887,10,Standard,26-35,South,1.4,21.9,4,4.5,1.0,2,1,1,1
CUST_005888,29,Basic,26-35,West,8.3,24.1,9,0.6,0.0,0,0,0,0
CUST_005889,19,Standard,18-25,South,2.4,8.1,3,21.4,1.0,0,0,0,1
CUST_005890,7,Premium,26-35,North,15.8,58.0,18,9.6,0.0,0,0,1,0
CUST_005891,15,Basic,56+,East,1.7,9.0,3,20.2,0.0,0,0,0,1
CUST_005892,10,Standard,26-35,East,18.8,29.2,7,0.3,2.0,1,1,1,0
CUST_005893,8,Premium,36-45,West,38.4,84.5,15,1.7,4.0,1,0,2,0
CUST_005894,2,Standard,46-55,North,8.5,43.1,13,1.8,1.0,0,0,0,0
CUST_005895,7,Basic,18-25,East,6.7,29.8,9,1.8,2.0,0,1,0,0
CUST_005896,3,Basic,56+,North,27.5,20.3,8,0.2,5.0,2,1,0,0
CUST_005897,29,Standard,26-35,North,13.8,75.7,10,1.3,2.0,1,0,0,0
CUST_005898,4,Premium,46-55,East,35.7,38.0,14,1.6,0.0,0,1,0,0
CUST_005899,36,Basic,18-25,North,8.3,29.9,11,3.6,2.0,0,0,0,0
CUST_005900,9,Basic,18-25,East,4.0,31.3,6,1.4,0.0,1,0,1,0
CUST_005901,11,Basic,26-35,East,8.6,16.0,10,2.1,2.0,1,0,2,0
CUST_005902,9,Basic,26-35,North,8.5,16.3,1,18.7,3.0,4,1,0,1
CUST_005903,1,Basic,46-55,South,13.6,27.0,11,7.9,2.0,0,0,0,0
CUST_005904,5,Basic,18-25,North,7.3,18.7,6,0.8,1.0,1,0,0,0
CUST_005905,1,Basic,36-45,West,1.4,30.7,4,18.1,1.0,2,1,0,1
CUST_005906,11,Basic,18-25,North,3.4,32.6,2,4.2,1.0,4,1,1,1
CUST_005907,7,Premium,46-55,North,4.4,31.2,11,2.0,1.0,0,0,0,0
CUST_005908,18,Basic,46-55,East,27.4,,8,2.2,3.0,0,0,1,0
CUST_005909,2,Basic,36-45,West,0.4,20.7,3,5.3,0.0,2,0,1,1
CUST_005910,2,Basic,26-35,West,2.2,12.8,6,1.5,4.0,2,1,0,1
CUST_005911,6,Premium,36-45,South,10.0,56.8,8,5.2,1.0,1,0,0,0
CUST_005912,31,Standard,26-35,North,13.0,9.7,10,0.4,0.0,0,1,0,0
CUST_005913,14,Standard,26-35,East,5.1,18.2,6,3.5,3.0,4,1,0,1
CUST_005914,6,Basic,36-45,West,1.4,55.0,8,1.5,1.0,0,0,2,0
CUST_005915,8,Standard,56+,South,2.5,,4,1.5,3.0,2,0,0,1
CUST_005916,1,Basic,46-55,South,3.0,7.7,4,0.2,1.0,2,0,0,1
CUST_005917,50,Basic,36-45,North,6.1,28.3,8,0.2,0.0,1,1,0,0
CUST_005918,13,Standard,36-45,North,9.8,27.3,11,2.7,0.0,0,1,0,0
CUST_005919,4,Standard,56+,East,20.6,12.3,3,7.9,2.0,1,0,1,0
CUST_005920,10,Standard,36-45,North,2.2,3.7,9,0.6,2.0,0,0,0,0
CUST_005921,1,Premium,26-35,North,14.2,7.1,15,0.6,0.0,0,0,0,0
CUST_005922,40,Premium,56+,North,4.3,73.7,12,1.3,3.0,1,1,1,0
CUST_005923,2,Basic,26-35,South,15.7,5.3,12,0.6,1.0,1,1,0,0
CUST_005924,12,Basic,18-25,North,11.6,49.6,7,1.8,0.0,1,1,0,0
CUST_005925,3,Basic,36-45,South,0.8,6.6,3,0.5,0.0,2,0,1,1
CUST_005926,15,Premium,18-25,West,22.4,24.6,8,6.4,0.0,0,1,0,0
CUST_005927,17,Basic,26-35,North,9.2,14.0,12,0.1,1.0,0,0,0,0
CUST_005928,13,Premium,26-35,East,2.6,22.6,11,4.2,2.0,0,0,0,0
CUST_005929,11,Basic,36-45,West,7.6,45.7,12,3.0,3.0,0,0,0,0
CUST_005930,26,Basic,56+,South,11.5,16.0,9,0.7,5.0,0,0,1,0
CUST_005931,1,Basic,26-35,North,30.0,43.3,3,8.4,1.0,1,0,2,0
CUST_005932,4,Basic,26-35,North,1.6,11.8,4,5.0,1.0,2,1,0,1
CUST_005933,3,Premium,18-25,East,1.9,35.3,9,5.7,0.0,0,0,1,0
CUST_005934,53,Basic,36-45,East,5.0,11.5,3,0.9,1.0,0,1,0,0
CUST_005935,5,Basic,46-55,North,10.2,36.2,5,1.9,3.0,0,0,0,0
CUST_005936,15,Basic,36-45,West,10.3,42.2,10,2.8,2.0,1,1,0,0
CUST_005937,13,Basic,26-35,East,8.4,30.5,7,3.7,0.0,1,0,1,0
CUST_005938,2,Basic,36-45,South,8.2,18.9,5,0.6,1.0,0,0,0,0
CUST_005939,3,Basic,36-45,West,7.2,23.5,12,9.3,0.0,0,1,0,0
CUST_005940,3,Premium,26-35,North,10.1,20.6,16,3.6,0.0,0,1,0,0
CUST_005941,6,Basic,26-35,East,10.8,6.8,2,17.9,3.0,4,0,1,1
CUST_005942,3,Basic,26-35,North,3.7,34.2,9,0.7,1.0,0,0,0,0
CUST_005943,1,Standard,56+,East,5.4,15.7,6,2.2,2.0,0,0,0,0
CUST_005944,25,Basic,46-55,North,1.1,19.7,4,5.7,6.0,2,1,0,1
CUST_005945,40,Basic,46-55,East,10.7,38.7,6,0.2,1.0,1,1,0,0
CUST_005946,5,Standard,46-55,North,16.7,25.0,14,1.4,3.0,0,0,0,0
CUST_005947,4,Basic,46-55,East,4.3,31.1,4,23.4,,2,0,0,1
CUST_005948,1,Standard,56+,North,22.3,28.9,12,3.6,2.0,1,0,0,0
CUST_005949,13,Basic,18-25,North,7.5,29.1,8,0.9,1.0,1,0,0,0
CUST_005950,20,Standard,36-45,North,2.1,15.5,6,0.8,0.0,0,1,0,0
CUST_005951,1,Premium,46-55,North,18.3,49.2,12,0.6,2.0,1,0,0,0
CUST_005952,2,Basic,36-45,East,1.2,68.8,8,0.2,1.0,0,0,0,0
CUST_005953,18,Basic,26-35,West,4.1,15.9,8,0.3,2.0,0,0,0,0
CUST_005954,11,Basic,26-35,West,3.5,10.2,2,4.3,3.0,2,0,0,1
CUST_005955,1,Basic,26-35,West,3.9,38.6,9,1.1,5.0,0,0,0,0
CUST_005956,11,Standard,26-35,North,30.0,27.5,10,3.9,1.0,1,0,0,0
CUST_005957,4,Standard,26-35,North,,20.4,3,9.7,3.0,2,0,1,1
CUST_005958,5,Basic,36-45,East,4.1,15.8,3,3.6,1.0,4,0,0,1
CUST_005959,17,Standard,46-55,West,11.7,78.2,10,3.7,2.0,1,1,0,0
CUST_005960,19,Basic,46-55,East,3.7,14.4,10,0.4,2.0,0,1,1,0
CUST_005961,6,Standard,46-55,South,12.8,44.5,10,0.7,1.0,0,0,0,0
CUST_005962,35,Standard,46-55,North,14.9,21.5,8,2.1,3.0,0,1,1,0
CUST_005963,6,Standard,26-35,North,11.9,22.8,13,1.4,2.0,0,0,0,0
CUST_005964,17,Basic,26-35,South,30.0,23.7,9,11.0,1.0,0,0,0,0
CUST_005965,7,Standard,18-25,East,5.1,45.6,8,3.5,3.0,0,0,1,0
CUST_005966,27,Basic,56+,North,7.5,53.3,7,4.1,6.0,0,1,1,0
CUST_005967,28,Standard,18-25,West,2.1,13.4,11,2.0,0.0,0,0,0,0
CUST_005968,1,Basic,46-55,West,3.4,6.6,4,10.8,0.0,2,0,1,1
CUST_005969,33,Basic,26-35,West,7.9,23.6,9,0.6,1.0,0,0,0,0
CUST_005970,20,Standard,56+,West,10.8,43.9,6,1.4,3.0,1,1,1,0
CUST_005971,18,Premium,26-35,North,12.1,21.5,7,3.1,2.0,0,0,0,0
CUST_005972,2,Basic,46-55,West,3.7,26.0,5,2.1,0.0,0,1,0,0
CUST_005973,19,Premium,26-35,South,17.6,14.1,15,3.2,0.0,0,0,0,0
CUST_005974,22,Standard,26-35,West,10.5,17.3,8,0.7,2.0,0,0,1,0
CUST_005975,4,Standard,36-45,North,7.0,36.0,12,0.0,2.0,0,1,0,0
CUST_005976,36,Premium,56+,South,4.0,9.6,4,6.8,1.0,2,1,0,1
CUST_005977,1,Basic,36-45,North,4.1,10.0,5,2.6,1.0,0,0,0,0
CUST_005978,1,Standard,56+,North,20.0,35.3,8,3.7,2.0,0,1,0,0
CUST_005979,9,Basic,46-55,West,14.3,31.3,8,3.0,2.0,0,1,0,0
CUST_005980,10,Basic,46-55,West,13.9,22.3,15,3.1,3.0,0,1,0,0
CUST_005981,12,Standard,26-35,East,3.9,20.5,4,8.3,,2,0,0,1
CUST_005982,1,Premium,26-35,East,24.5,47.2,11,0.2,1.0,0,1,0,0
CUST_005983,38,Premium,26-35,East,,24.0,11,2.1,1.0,0,1,2,0
CUST_005984,1,Standard,56+,South,7.7,10.1,5,5.4,1.0,0,0,0,0
CUST_005985,1,Standard,56+,West,2.0,20.1,4,10.7,0.0,2,1,0,1
CUST_005986,1,Basic,46-55,South,8.0,11.3,9,0.8,0.0,1,1,0,0
CUST_005987,10,Premium,26-35,East,0.9,70.4,7,1.4,0.0,1,1,2,0
CUST_005988,32,Basic,26-35,West,15.9,30.4,10,8.0,2.0,0,0,0,0
CUST_005989,13,Standard,56+,South,1.8,24.1,2,9.4,3.0,2,1,2,1
CUST_005990,20,Standard,18-25,South,2.2,14.2,3,0.2,1.0,2,0,0,1
CUST_005991,1,Standard,46-55,West,5.9,20.1,6,0.7,1.0,0,0,2,0
CUST_005992,9,Basic,26-35,West,4.1,53.1,7,2.7,1.0,0,0,0,0
CUST_005993,7,Premium,26-35,West,16.8,40.9,8,1.9,1.0,1,0,0,0
CUST_005994,8,Standard,46-55,East,17.7,42.6,7,0.6,4.0,0,1,0,0
CUST_005995,1,Premium,18-25,South,27.6,67.6,14,1.3,1.0,0,0,0,0
CUST_005996,13,Basic,26-35,North,6.8,44.8,6,0.3,1.0,0,0,1,0
CUST_005997,8,Standard,56+,North,4.6,77.6,9,1.6,3.0,1,1,0,0
CUST_005998,17,Standard,36-45,East,16.9,40.1,11,3.5,2.0,0,0,1,0
CUST_005999,7,Standard,46-55,North,2.9,13.2,8,1.3,3.0,0,0,0,0
CUST_006000,1,Premium,46-55,East,22.9,28.5,8,0.7,,0,0,0,0
CUST_006001,12,Basic,18-25,West,11.6,32.6,7,2.2,0.0,1,0,0,0
CUST_006002,2,Basic,26-35,West,10.9,13.4,9,3.6,1.0,0,0,0,0
CUST_006003,24,Basic,36-45,North,2.4,20.7,2,19.7,1.0,2,0,1,1
CUST_006004,11,Basic,26-35,South,14.3,23.7,8,1.3,1.0,0,0,2,0
CUST_006005,2,Premium,26-35,West,12.7,27.4,2,1.0,2.0,1,0,0,0
CUST_006006,39,Basic,46-55,East,14.7,66.4,7,1.5,3.0,0,0,2,0
CUST_006007,8,Basic,18-25,West,1.8,42.0,8,9.2,1.0,0,1,2,0
CUST_006008,1,Basic,36-45,West,0.5,19.5,8,2.7,3.0,2,0,0,1
CUST_006009,11,Standard,18-25,South,30.0,37.3,12,3.8,3.0,2,0,0,0
CUST_006010,3,Basic,18-25,South,0.8,7.8,3,10.1,1.0,0,0,1,1
CUST_006011,19,Basic,26-35,South,19.8,,11,1.0,2.0,1,0,0,0
CUST_006012,20,Basic,46-55,East,13.3,35.6,10,1.0,2.0,0,0,1,0
CUST_006013,46,Basic,18-25,South,14.4,19.2,8,0.4,0.0,1,0,0,0
CUST_006014,8,Premium,36-45,West,1.7,40.1,14,1.1,2.0,0,1,1,0
CUST_006015,7,Basic,36-45,West,12.3,54.3,5,1.0,0.0,0,0,1,0
CUST_006016,16,Standard,26-35,South,8.2,42.9,3,2.0,2.0,0,0,0,0
CUST_006017,1,Premium,36-45,West,4.4,44.0,4,4.6,0.0,0,1,0,0
CUST_006018,9,Standard,56+,East,5.1,45.2,12,1.2,3.0,0,1,1,0
CUST_006019,9,Premium,36-45,West,5.4,16.1,4,27.5,1.0,0,0,0,1
CUST_006020,1,Premium,26-35,North,9.8,54.1,14,1.6,1.0,1,1,1,0
CUST_006021,6,Basic,36-45,South,25.0,11.0,11,2.0,2.0,0,1,0,0
CUST_006022,23,Standard,36-45,South,3.1,14.8,5,11.0,1.0,2,1,0,1
CUST_006023,23,Basic,18-25,South,18.0,36.3,7,4.4,0.0,0,0,0,0
CUST_006024,1,Basic,18-25,North,5.2,26.3,7,10.2,6.0,5,0,0,1
CUST_006025,1,Standard,26-35,West,0.8,7.9,4,40.2,1.0,2,0,0,1
CUST_006026,3,Standard,18-25,South,1.3,18.0,4,12.2,1.0,2,0,0,1
CUST_006027,24,Standard,26-35,West,1.9,29.5,11,0.4,0.0,0,1,0,0
CUST_006028,1,Standard,36-45,East,5.2,3.3,5,11.4,3.0,4,0,3,1
CUST_006029,15,Basic,26-35,North,12.3,36.2,6,1.4,0.0,0,1,0,0
CUST_006030,1,Premium,46-55,East,3.7,13.5,6,6.0,3.0,2,1,0,1
CUST_006031,11,Basic,36-45,West,13.6,23.4,15,1.1,2.0,1,0,1,0
CUST_006032,5,Basic,46-55,East,10.3,33.4,5,3.1,2.0,1,0,1,0
CUST_006033,18,Premium,36-45,North,22.7,31.7,15,0.4,3.0,1,1,1,0
CUST_006034,3,Basic,18-25,West,10.5,12.0,13,8.1,2.0,0,0,0,0
CUST_006035,12,Standard,36-45,North,12.9,18.6,5,1.0,3.0,0,0,0,0
CUST_006036,3,Standard,46-55,East,5.4,34.4,9,0.4,0.0,1,0,1,0
CUST_006037,15,Basic,26-35,East,8.6,14.8,9,5.1,0.0,0,0,1,0
CUST_006038,24,Standard,18-25,South,2.2,20.0,4,8.7,4.0,2,1,1,1
CUST_006039,1,Standard,26-35,South,25.5,31.7,10,2.8,1.0,0,0,0,0
CUST_006040,24,Basic,26-35,West,6.6,14.6,2,7.0,4.0,2,0,0,1
CUST_006041,10,Basic,26-35,West,10.1,39.4,8,5.5,1.0,0,0,0,0
CUST_006042,1,Premium,18-25,East,1.5,35.7,2,3.3,4.0,2,0,0,1
CUST_006043,6,Basic,26-35,South,17.6,22.6,9,2.1,2.0,0,0,3,0
CUST_006044,2,Premium,36-45,North,29.9,25.9,11,0.3,0.0,1,1,0,0
CUST_006045,14,Basic,26-35,North,1.5,12.7,3,27.3,3.0,0,0,0,1
CUST_006046,17,Standard,36-45,East,8.0,28.1,12,2.6,1.0,0,0,1,0
CUST_006047,1,Premium,36-45,South,14.1,46.3,8,0.2,2.0,1,1,0,0
CUST_006048,8,Basic,36-45,North,3.6,68.8,8,0.1,1.0,0,0,1,0
CUST_006049,20,Standard,26-35,South,5.8,15.9,7,2.6,0.0,0,0,1,0
CUST_006050,33,Standard,36-45,East,2.6,7.6,3,4.6,0.0,2,0,1,1
CUST_006051,8,Standard,18-25,West,16.9,12.4,2,1.8,0.0,0,1,0,0
CUST_006052,36,Standard,26-35,East,23.4,25.6,7,5.0,1.0,2,0,0,0
CUST_006053,9,Standard,36-45,East,7.1,25.1,4,0.3,1.0,1,0,0,0
CUST_006054,6,Standard,26-35,South,11.8,21.8,10,1.1,1.0,0,0,1,0
CUST_006055,22,Standard,26-35,South,0.8,31.3,4,5.1,3.0,2,0,0,1
CUST_006056,8,Standard,26-35,East,19.4,51.6,16,1.9,1.0,0,0,1,0
CUST_006057,7,Basic,18-25,East,12.2,43.3,9,0.9,2.0,0,0,2,0
CUST_006058,8,Premium,26-35,South,14.0,29.2,15,5.2,2.0,0,0,0,0
CUST_006059,22,Basic,56+,East,7.7,32.4,11,3.0,0.0,0,1,0,0
CUST_006060,21,Basic,26-35,West,,39.9,5,4.3,1.0,0,0,1,0
CUST_006061,6,Basic,36-45,East,,69.6,6,2.2,3.0,0,0,0,0
CUST_006062,4,Basic,36-45,East,12.8,26.3,4,5.0,2.0,1,0,2,0
CUST_006063,8,Basic,36-45,West,15.1,29.0,5,0.6,1.0,0,0,2,0
CUST_006064,10,Basic,56+,North,9.0,18.4,12,2.6,2.0,1,0,0,0
CUST_006065,3,Basic,46-55,East,18.7,53.7,5,1.2,0.0,0,1,2,0
CUST_006066,18,Standard,46-55,West,,53.9,7,1.9,1.0,1,0,1,0
CUST_006067,7,Basic,56+,South,21.9,28.5,10,6.3,1.0,0,0,1,0
CUST_006068,4,Basic,26-35,South,17.9,12.2,9,11.2,1.0,0,0,0,0
CUST_006069,1,Basic,36-45,East,10.4,20.5,6,0.7,3.0,0,1,1,0
CUST_006070,3,Basic,46-55,North,3.6,64.4,9,12.1,1.0,0,0,0,0
CUST_006071,35,Basic,36-45,East,17.3,14.7,4,3.8,1.0,0,0,0,0
CUST_006072,4,Standard,56+,North,4.5,32.7,6,0.3,0.0,0,0,0,0
CUST_006073,2,Premium,18-25,East,10.2,48.6,18,2.5,0.0,1,0,0,0
CUST_006074,7,Premium,26-35,East,3.8,15.4,12,4.2,0.0,0,0,0,0
CUST_006075,4,Premium,56+,South,5.6,18.9,9,2.6,0.0,0,0,1,0
CUST_006076,1,Basic,26-35,South,9.6,30.0,7,1.2,2.0,0,1,0,0
CUST_006077,4,Basic,46-55,North,23.3,33.2,5,1.1,1.0,0,0,0,0
CUST_006078,9,Basic,18-25,South,11.5,20.2,8,0.7,2.0,0,1,1,0
CUST_006079,9,Standard,36-45,South,12.0,28.6,8,2.8,2.0,0,1,1,0
CUST_006080,5,Basic,56+,North,11.2,47.0,8,0.6,0.0,2,0,1,0
CUST_006081,7,Standard,26-35,West,12.8,69.5,7,4.0,3.0,0,0,0,0
CUST_006082,40,Basic,18-25,East,13.8,6.4,7,3.6,0.0,1,0,0,0
CUST_006083,5,Basic,18-25,South,17.1,52.2,10,1.5,1.0,0,0,0,0
CUST_006084,3,Premium,46-55,North,30.7,19.0,15,5.1,3.0,0,0,0,0
CUST_006085,3,Standard,46-55,North,5.4,29.3,10,4.0,0.0,0,1,0,0
CUST_006086,7,Standard,18-25,East,16.3,42.0,5,1.6,1.0,1,0,0,0
CUST_006087,17,Standard,18-25,North,11.8,4.4,2,8.0,3.0,4,0,0,1
CUST_006088,2,Premium,46-55,North,9.1,22.6,19,5.3,1.0,1,0,1,0
CUST_006089,14,Standard,46-55,South,4.1,36.9,12,0.1,,1,0,1,0
CUST_006090,1,Premium,18-25,West,26.6,29.0,7,3.9,0.0,0,0,1,0
CUST_006091,6,Basic,26-35,East,22.4,23.2,6,1.0,1.0,2,1,1,0
CUST_006092,17,Standard,46-55,West,6.6,12.7,7,0.8,2.0,0,0,1,0
CUST_006093,4,Standard,36-45,North,20.3,13.9,7,3.9,1.0,1,1,0,0
CUST_006094,9,Basic,56+,North,20.1,15.5,14,5.4,1.0,0,0,1,0
CUST_006095,2,Premium,36-45,North,11.1,57.4,9,0.4,2.0,1,0,0,0
CUST_006096,16,Premium,36-45,West,7.6,32.4,11,0.8,1.0,0,1,0,0
CUST_006097,1,Basic,36-45,South,,6.2,2,1.3,1.0,2,1,0,1
CUST_006098,22,Basic,56+,South,9.8,38.9,7,2.2,2.0,0,0,2,0
CUST_006099,2,Basic,26-35,South,4.6,45.0,7,2.9,0.0,0,0,1,0
CUST_006100,24,Premium,26-35,East,5.2,8.7,19,1.3,1.0,0,0,0,0
CUST_006101,5,Standard,26-35,South,5.2,49.7,6,1.7,1.0,0,1,1,0
CUST_006102,15,Basic,46-55,East,16.5,11.9,7,0.2,0.0,0,0,0,0
CUST_006103,4,Standard,36-45,West,8.1,44.5,12,0.5,2.0,1,0,0,0
CUST_006104,28,Basic,26-35,South,4.4,37.8,8,1.6,2.0,0,0,1,0
CUST_006105,1,Standard,36-45,East,5.0,12.1,1,18.8,1.0,0,0,0,1
CUST_006106,2,Basic,18-25,East,11.0,6.3,9,3.0,2.0,1,0,2,0
CUST_006107,8,Basic,18-25,West,1.5,21.2,4,8.0,1.0,4,1,1,1
CUST_006108,1,Standard,26-35,South,0.6,26.0,12,2.3,1.0,0,0,0,0
CUST_006109,2,Basic,36-45,North,0.8,25.8,7,3.6,6.0,2,0,1,1
CUST_006110,34,Basic,46-55,West,3.0,17.0,4,1.1,6.0,2,0,0,1
CUST_006111,45,Basic,46-55,South,19.9,25.3,8,1.6,4.0,0,0,1,0
CUST_006112,5,Basic,56+,West,23.9,32.8,9,0.7,1.0,2,1,0,0
CUST_006113,30,Basic,26-35,East,0.7,16.1,3,7.3,7.0,2,0,2,1
CUST_006114,9,Premium,46-55,East,18.1,67.4,12,1.4,2.0,0,1,1,0
CUST_006115,3,Standard,18-25,North,2.2,13.8,3,1.8,4.0,2,1,0,1
CUST_006116,14,Premium,18-25,East,7.5,58.3,5,0.1,0.0,0,1,2,0
CUST_006117,12,Premium,18-25,East,4.8,28.0,7,38.5,3.0,4,0,0,1
CUST_006118,54,Basic,26-35,East,5.6,30.2,4,0.3,2.0,0,1,0,0
CUST_006119,3,Basic,26-35,South,4.8,7.8,12,0.6,1.0,0,0,0,0
CUST_006120,13,Basic,26-35,West,14.9,24.7,7,0.9,4.0,0,0,1,0
CUST_006121,1,Standard,36-45,South,4.2,6.7,4,8.5,3.0,2,0,0,1
CUST_006122,1,Standard,26-35,North,3.2,11.3,2,32.5,3.0,0,0,0,1
CUST_006123,1,Basic,36-45,West,4.8,18.0,15,0.1,1.0,0,0,0,0
CUST_006124,60,Basic,26-35,East,16.2,45.5,7,3.2,1.0,1,1,0,0
CUST_006125,19,Standard,26-35,South,1.9,,4,3.1,4.0,4,0,1,1
CUST_006126,18,Standard,18-25,West,1.9,28.9,6,20.9,1.0,4,0,2,1
CUST_006127,8,Premium,26-35,North,10.3,13.9,11,8.8,4.0,0,0,1,0
CUST_006128,4,Basic,18-25,North,17.1,23.6,5,2.5,1.0,1,0,0,0
CUST_006129,1,Premium,36-45,East,33.7,100.0,11,3.7,2.0,1,0,0,0
CUST_006130,4,Basic,46-55,North,7.6,31.3,10,0.5,3.0,0,0,1,0
CUST_006131,5,Standard,26-35,West,2.0,10.1,2,3.3,1.0,2,1,0,1
CUST_006132,16,Premium,26-35,West,36.3,17.5,8,9.1,3.0,0,0,0,0
CUST_006133,9,Premium,46-55,South,45.0,51.4,11,5.6,3.0,1,1,0,0
CUST_006134,1,Basic,26-35,West,11.2,24.8,9,0.2,0.0,0,1,1,0
CUST_006135,1,Basic,18-25,North,20.0,45.4,8,3.6,0.0,0,0,0,0
CUST_006136,1,Basic,36-45,East,2.5,5.3,2,10.3,1.0,2,0,0,1
CUST_006137,6,Basic,36-45,West,2.1,1.3,4,3.1,1.0,4,0,2,1
CUST_006138,32,Standard,36-45,West,9.0,,9,1.9,3.0,0,0,1,0
CUST_006139,12,Premium,46-55,South,12.3,32.4,9,0.5,1.0,1,0,0,0
CUST_006140,19,Basic,18-25,North,25.5,10.2,8,0.3,3.0,0,1,1,0
CUST_006141,7,Basic,26-35,North,6.3,48.2,6,8.6,1.0,0,0,0,0
CUST_006142,5,Basic,26-35,East,7.5,34.7,6,3.0,4.0,0,0,0,0
CUST_006143,1,Premium,46-55,East,20.4,60.1,15,9.2,4.0,1,0,0,0
CUST_006144,25,Premium,46-55,North,19.3,60.4,5,1.8,1.0,0,0,0,0
CUST_006145,18,Basic,26-35,South,2.8,11.3,6,0.4,0.0,0,0,1,0
CUST_006146,2,Basic,18-25,West,16.4,31.2,10,2.9,3.0,0,0,0,0
CUST_006147,8,Standard,26-35,South,4.8,37.5,14,1.4,1.0,0,0,1,0
CUST_006148,8,Standard,18-25,North,22.2,45.2,9,1.0,1.0,1,0,1,0
CUST_006149,11,Basic,26-35,West,5.3,35.5,5,12.5,7.0,2,0,0,1
CUST_006150,35,Premium,36-45,South,12.6,70.9,11,2.7,2.0,0,0,2,0
CUST_006151,10,Premium,56+,West,39.5,15.1,12,0.7,2.0,0,0,0,0
CUST_006152,9,Standard,26-35,North,1.7,16.4,5,2.9,0.0,2,1,0,1
CUST_006153,1,Standard,26-35,South,1.3,13.9,3,5.0,3.0,4,1,0,1
CUST_006154,1,Basic,26-35,South,20.0,16.1,9,1.6,1.0,0,0,1,0
CUST_006155,2,Standard,26-35,East,17.4,20.7,7,4.0,1.0,0,0,1,0
CUST_006156,1,Basic,26-35,East,28.2,57.5,7,1.5,1.0,0,1,0,0
CUST_006157,16,Basic,46-55,North,18.5,31.2,4,13.8,2.0,0,0,0,0
CUST_006158,15,Basic,18-25,East,4.9,3.2,3,30.7,3.0,0,0,2,1
CUST_006159,1,Basic,56+,South,2.5,4.8,1,12.2,3.0,0,0,1,1
CUST_006160,21,Basic,36-45,North,12.8,22.3,5,5.7,0.0,1,0,0,0
CUST_006161,2,Standard,36-45,West,6.0,71.9,10,5.6,2.0,0,1,2,0
CUST_006162,4,Standard,26-35,West,1.0,6.6,5,0.5,1.0,2,0,3,1
CUST_006163,3,Standard,36-45,West,4.1,44.5,12,9.2,2.0,0,0,0,0
CUST_006164,5,Basic,36-45,East,2.3,17.2,3,0.6,6.0,2,0,0,1
CUST_006165,3,Basic,26-35,North,5.9,23.3,5,5.0,1.0,4,1,0,1
CUST_006166,8,Standard,26-35,East,1.9,40.2,9,3.4,2.0,0,1,0,0
CUST_006167,6,Basic,56+,West,1.1,41.8,5,1.6,0.0,4,0,0,1
CUST_006168,51,Premium,26-35,North,8.1,55.3,5,1.1,0.0,1,0,2,0
CUST_006169,1,Basic,26-35,South,2.1,14.0,4,7.3,3.0,2,0,2,1
CUST_006170,1,Standard,26-35,South,9.9,18.7,11,0.7,0.0,0,1,1,0
CUST_006171,1,Basic,18-25,North,6.2,60.3,7,3.7,,1,0,2,0
CUST_006172,11,Standard,26-35,South,6.6,20.9,14,1.9,0.0,1,0,0,0
CUST_006173,1,Premium,26-35,West,22.2,41.6,7,6.6,1.0,0,0,0,0
CUST_006174,21,Premium,36-45,East,12.4,7.7,2,3.7,9.0,5,0,0,1
CUST_006175,8,Premium,26-35,South,7.1,14.0,9,4.2,3.0,0,0,0,0
CUST_006176,8,Basic,46-55,East,12.0,27.6,9,1.9,2.0,1,0,0,0
CUST_006177,9,Standard,46-55,North,3.8,10.8,6,2.8,0.0,0,0,0,0
CUST_006178,2,Basic,26-35,East,14.5,31.0,13,0.3,3.0,0,0,1,0
CUST_006179,2,Standard,36-45,West,1.7,6.4,4,0.4,1.0,2,0,0,1
CUST_006180,4,Basic,46-55,East,17.5,43.3,12,8.6,1.0,0,1,1,0
CUST_006181,10,Premium,36-45,East,0.8,16.7,4,23.2,3.0,0,0,0,1
CUST_006182,2,Premium,36-45,South,5.3,51.5,8,10.6,1.0,0,1,2,0
CUST_006183,1,Basic,46-55,East,2.7,23.3,4,8.2,1.0,2,0,0,1
CUST_006184,42,Basic,18-25,East,3.2,22.2,2,4.3,3.0,2,1,0,1
CUST_006185,1,Basic,46-55,West,2.8,32.9,8,0.5,0.0,0,1,0,0
CUST_006186,19,Standard,26-35,East,5.0,32.3,10,0.1,2.0,0,1,0,0
CUST_006187,18,Basic,36-45,West,6.9,22.4,5,5.1,1.0,0,0,0,0
CUST_006188,4,Premium,26-35,West,0.8,19.9,4,1.7,1.0,2,0,1,1
CUST_006189,1,Standard,46-55,West,10.4,60.3,5,1.1,0.0,0,0,0,0
CUST_006190,1,Standard,36-45,West,10.5,45.1,10,3.5,1.0,1,1,2,0
CUST_006191,14,Standard,36-45,South,17.3,25.7,8,0.8,0.0,0,1,0,0
CUST_006192,12,Basic,46-55,South,30.0,15.1,6,11.9,2.0,1,0,0,0
CUST_006193,18,Premium,46-55,East,5.3,19.0,16,0.1,1.0,0,0,0,0
CUST_006194,33,Standard,46-55,South,19.6,30.3,11,0.1,0.0,1,0,0,0
CUST_006195,14,Premium,18-25,West,3.5,57.2,14,5.6,0.0,1,0,2,0
CUST_006196,2,Standard,46-55,North,3.3,23.1,6,13.4,1.0,4,0,0,1
CUST_006197,3,Standard,36-45,North,10.8,120.0,7,13.3,1.0,0,0,1,0
CUST_006198,22,Basic,36-45,West,10.7,11.7,11,0.0,4.0,1,0,1,0
CUST_006199,2,Standard,56+,North,16.7,16.0,3,1.0,3.0,1,1,0,0
CUST_006200,1,Standard,26-35,North,5.9,49.8,7,2.4,2.0,0,0,0,0
CUST_006201,14,Standard,26-35,South,4.4,11.4,4,10.3,,2,0,0,1
CUST_006202,6,Standard,36-45,West,4.8,12.1,4,23.4,4.0,0,0,1,1
CUST_006203,30,Basic,46-55,East,21.9,71.7,4,9.5,2.0,1,0,1,0
CUST_006204,12,Premium,26-35,West,6.1,31.2,4,8.9,1.0,4,0,0,1
CUST_006205,1,Premium,36-45,North,8.6,48.4,16,3.9,1.0,0,0,0,0
CUST_006206,35,Basic,36-45,West,7.6,4.4,3,47.5,4.0,0,0,1,1
CUST_006207,3,Premium,36-45,South,12.1,39.0,7,10.7,0.0,0,0,0,0
CUST_006208,4,Basic,46-55,North,17.2,17.1,9,1.2,2.0,0,0,0,0
CUST_006209,6,Standard,26-35,South,17.2,19.0,14,1.4,0.0,1,1,1,0
CUST_006210,1,Basic,36-45,North,1.4,58.2,10,7.6,1.0,0,0,0,0
CUST_006211,8,Premium,46-55,South,45.0,19.3,11,0.3,1.0,1,0,1,0
CUST_006212,1,Basic,26-35,South,1.3,15.6,1,1.1,0.0,2,1,0,1
CUST_006213,6,Basic,26-35,North,9.4,30.7,15,5.3,1.0,1,0,0,0
CUST_006214,5,Basic,18-25,West,2.4,12.8,3,12.7,3.0,0,0,0,1
CUST_006215,17,Basic,46-55,South,2.3,8.6,2,6.9,1.0,2,1,0,1
CUST_006216,19,Standard,26-35,West,3.3,29.4,9,4.0,1.0,0,1,0,0
CUST_006217,1,Basic,26-35,West,15.7,29.4,14,0.6,2.0,0,1,0,0
CUST_006218,5,Standard,26-35,North,3.0,21.0,3,0.2,1.0,4,0,1,1
CUST_006219,5,Premium,36-45,East,28.6,57.1,9,3.1,3.0,1,1,0,0
CUST_006220,1,Standard,46-55,East,5.9,17.0,11,1.6,3.0,0,1,0,0
CUST_006221,19,Premium,46-55,West,8.7,17.6,8,0.6,0.0,0,1,2,0
CUST_006222,14,Basic,26-35,West,3.7,27.8,12,1.6,2.0,0,0,0,0
CUST_006223,2,Basic,36-45,East,3.7,8.8,3,2.3,3.0,2,0,0,1
CUST_006224,5,Standard,46-55,North,0.5,24.3,4,25.3,3.0,0,0,0,1
CUST_006225,1,Basic,26-35,South,18.6,23.4,15,3.4,3.0,1,0,1,0
CUST_006226,11,Premium,18-25,West,16.2,72.8,15,0.6,3.0,0,0,0,0
CUST_006227,1,Basic,46-55,East,8.3,17.6,13,1.9,0.0,0,1,1,0
CUST_006228,51,Premium,36-45,West,0.9,23.2,3,6.7,4.0,2,0,0,1
CUST_006229,18,Basic,36-45,East,3.9,20.3,13,5.1,,0,0,1,0
CUST_006230,5,Standard,18-25,North,0.8,11.8,6,3.9,0.0,0,0,1,0
CUST_006231,10,Basic,46-55,West,1.4,12.3,5,1.8,0.0,2,0,1,1
CUST_006232,29,Basic,36-45,West,7.6,16.9,8,4.1,3.0,0,0,1,0
CUST_006233,9,Standard,46-55,North,11.3,14.3,6,2.7,2.0,0,0,0,0
CUST_006234,2,Basic,56+,North,3.9,8.5,12,3.6,2.0,0,0,1,0
CUST_006235,5,Standard,56+,East,3.4,43.5,7,0.5,0.0,0,0,1,0
CUST_006236,22,Standard,46-55,West,13.7,21.2,5,1.7,2.0,0,1,0,0
CUST_006237,12,Basic,18-25,South,8.6,120.0,12,1.9,5.0,1,0,1,0
CUST_006238,12,Premium,46-55,North,22.3,44.4,12,0.8,0.0,1,1,1,0
CUST_006239,24,Basic,18-25,East,21.4,14.5,7,0.3,2.0,1,0,2,0
CUST_006240,26,Standard,46-55,South,10.1,25.7,8,0.0,2.0,0,0,1,0
CUST_006241,30,Standard,26-35,South,5.3,21.9,14,1.1,1.0,1,0,0,0
CUST_006242,1,Standard,36-45,East,6.6,,12,3.2,1.0,0,0,1,0
CUST_006243,9,Basic,18-25,West,7.2,31.9,8,0.3,0.0,0,0,1,0
CUST_006244,16,Basic,46-55,East,6.5,24.1,4,1.4,1.0,0,0,0,0
CUST_006245,16,Standard,18-25,East,10.9,33.0,5,2.2,0.0,1,0,0,0
CUST_006246,11,Basic,26-35,East,8.4,20.2,15,0.7,1.0,1,0,1,0
CUST_006247,2,Basic,46-55,East,1.7,7.1,6,29.7,1.0,0,1,0,1
CUST_006248,19,Standard,36-45,South,2.4,28.1,11,5.9,1.0,0,0,0,0
CUST_006249,15,Standard,18-25,South,7.6,19.1,6,2.2,2.0,0,0,1,0
CUST_006250,1,Basic,26-35,South,0.6,48.5,15,6.0,1.0,0,0,1,0
CUST_006251,7,Basic,18-25,West,17.5,26.8,9,3.7,1.0,0,1,0,0
CUST_006252,2,Basic,36-45,West,4.6,11.0,11,1.2,6.0,0,0,0,0
CUST_006253,4,Basic,56+,East,23.9,12.8,7,2.9,1.0,2,0,1,0
CUST_006254,1,Basic,36-45,West,19.7,38.6,13,0.7,1.0,0,1,0,0
CUST_006255,6,Basic,26-35,West,10.0,4.9,1,5.2,4.0,4,0,1,1
CUST_006256,9,Premium,26-35,West,8.1,67.1,12,0.3,1.0,0,0,1,0
CUST_006257,11,Standard,56+,North,2.6,7.9,8,1.6,1.0,0,0,3,0
CUST_006258,13,Basic,26-35,East,10.7,21.7,10,2.8,1.0,0,0,0,0
CUST_006259,21,Basic,36-45,East,12.6,66.8,4,1.4,2.0,1,0,0,0
CUST_006260,2,Standard,26-35,East,2.5,37.6,11,0.4,2.0,0,0,0,0
CUST_006261,1,Basic,46-55,South,30.0,34.2,9,0.4,0.0,0,0,0,0
CUST_006262,22,Standard,46-55,East,3.5,12.4,6,1.1,3.0,0,1,3,0
CUST_006263,2,Premium,26-35,South,4.0,48.0,3,22.1,4.0,2,0,1,1
CUST_006264,44,Standard,36-45,West,13.3,34.7,9,7.1,2.0,0,0,0,0
CUST_006265,22,Basic,36-45,West,12.4,66.0,2,6.8,1.0,1,1,0,0
CUST_006266,8,Standard,26-35,North,3.2,8.8,3,7.2,3.0,2,1,0,1
CUST_006267,47,Premium,26-35,North,4.6,14.8,4,16.9,4.0,2,0,1,1
CUST_006268,1,Standard,36-45,East,3.0,7.1,4,1.5,4.0,2,0,2,1
CUST_006269,4,Standard,26-35,East,17.4,17.6,6,4.9,2.0,1,0,0,0
CUST_006270,12,Basic,46-55,East,10.3,18.2,12,3.7,4.0,0,0,0,0
CUST_006271,5,Basic,18-25,West,2.2,25.4,4,51.5,1.0,0,1,1,1
CUST_006272,31,Standard,18-25,West,7.8,23.3,9,2.5,0.0,0,0,0,0
CUST_006273,1,Premium,26-35,North,23.0,46.1,8,1.0,1.0,1,0,0,0
CUST_006274,9,Standard,18-25,East,5.3,31.9,6,0.0,,1,1,1,0
CUST_006275,10,Standard,36-45,West,11.5,10.2,11,7.3,0.0,0,0,1,0
CUST_006276,12,Basic,26-35,West,2.6,19.8,3,15.3,3.0,2,1,1,1
CUST_006277,3,Basic,46-55,South,1.4,20.7,3,10.1,4.0,2,0,0,1
CUST_006278,5,Standard,56+,North,6.1,32.6,7,2.0,0.0,0,0,0,0
CUST_006279,22,Basic,46-55,North,10.0,23.0,10,0.9,1.0,1,1,1,0
CUST_006280,2,Standard,26-35,West,30.0,65.2,7,2.2,0.0,1,0,0,0
CUST_006281,21,Basic,56+,South,8.2,47.1,6,0.2,2.0,1,1,0,0
CUST_006282,9,Standard,26-35,South,6.9,14.0,6,0.5,0.0,0,0,1,0
CUST_006283,17,Standard,36-45,North,4.9,67.9,7,0.7,2.0,0,0,0,0
CUST_006284,15,Basic,26-35,North,9.7,26.8,8,0.5,0.0,1,0,1,0
CUST_006285,2,Basic,26-35,East,7.5,22.6,12,3.1,5.0,0,0,0,0
CUST_006286,10,Standard,46-55,East,3.1,7.9,3,1.8,3.0,4,0,0,1
CUST_006287,24,Premium,26-35,East,6.8,33.4,5,1.3,2.0,1,0,1,0
CUST_006288,6,Standard,36-45,North,0.8,38.4,8,2.0,1.0,0,0,2,0
CUST_006289,40,Basic,26-35,South,11.3,21.9,7,1.8,1.0,0,0,0,0
CUST_006290,7,Basic,46-55,West,6.0,37.3,12,1.8,1.0,1,0,0,0
CUST_006291,1,Basic,46-55,North,1.3,36.1,3,18.2,0.0,2,1,0,1
CUST_006292,5,Basic,26-35,West,6.8,57.2,11,2.2,2.0,0,1,0,0
CUST_006293,36,Standard,36-45,North,6.1,64.5,11,4.0,2.0,0,1,0,0
CUST_006294,4,Standard,46-55,North,,14.6,3,15.5,1.0,0,0,0,1
CUST_006295,24,Basic,36-45,South,0.9,20.4,3,2.5,3.0,4,0,0,1
CUST_006296,25,Basic,36-45,West,1.0,16.1,5,3.0,1.0,4,0,0,1
CUST_006297,5,Basic,36-45,South,25.7,41.8,7,13.2,0.0,0,0,0,0
CUST_006298,1,Premium,18-25,East,16.1,48.2,8,3.0,2.0,1,1,0,0
CUST_006299,15,Standard,36-45,East,2.3,14.5,4,4.2,0.0,2,0,0,1
CUST_006300,4,Standard,36-45,North,6.4,31.1,5,3.7,2.0,0,0,0,0
CUST_006301,18,Basic,26-35,North,3.8,,4,15.0,0.0,2,1,1,1
CUST_006302,7,Standard,46-55,West,14.0,57.6,7,2.4,3.0,0,1,0,0
CUST_006303,7,Basic,18-25,North,16.9,26.6,4,3.8,0.0,1,0,0,0
CUST_006304,18,Basic,26-35,East,20.4,,8,8.1,3.0,0,0,1,0
CUST_006305,5,Standard,18-25,West,3.3,13.9,3,20.9,4.0,2,0,0,1
CUST_006306,7,Standard,18-25,North,5.2,30.6,7,0.6,1.0,0,0,0,0
CUST_006307,5,Basic,26-35,South,1.4,14.9,3,2.5,1.0,2,1,1,1
CUST_006308,5,Basic,56+,North,21.4,15.0,9,16.6,1.0,0,0,1,0
CUST_006309,8,Basic,26-35,North,18.6,10.2,7,5.5,2.0,0,0,0,0
CUST_006310,19,Basic,36-45,North,14.3,21.7,13,7.4,0.0,0,1,0,0
CUST_006311,5,Standard,18-25,East,19.4,24.5,10,4.9,2.0,0,1,0,0
CUST_006312,8,Premium,36-45,East,8.0,43.7,12,4.2,3.0,1,0,1,0
CUST_006313,13,Basic,56+,East,9.8,43.4,7,0.8,1.0,0,0,1,0
CUST_006314,3,Basic,26-35,West,19.2,16.7,3,3.0,1.0,0,0,1,0
CUST_006315,3,Basic,46-55,North,15.3,21.5,7,4.5,1.0,0,0,0,0
CUST_006316,32,Standard,56+,South,16.7,38.5,4,5.7,1.0,0,1,1,0
CUST_006317,15,Basic,36-45,South,12.2,27.8,7,0.6,1.0,1,1,1,0
CUST_006318,10,Standard,26-35,North,10.1,14.8,4,4.0,1.0,0,0,0,0
CUST_006319,12,Basic,36-45,North,5.5,29.6,9,0.3,2.0,0,1,0,0
CUST_006320,1,Standard,46-55,South,17.3,15.5,9,6.7,1.0,1,0,0,0
CUST_006321,11,Premium,26-35,West,30.9,48.7,9,1.0,1.0,1,1,0,0
CUST_006322,8,Premium,36-45,West,7.1,85.5,8,1.3,2.0,1,0,1,0
CUST_006323,9,Premium,26-35,North,11.5,50.7,12,0.1,2.0,0,0,1,0
CUST_006324,5,Standard,26-35,West,4.7,52.0,9,3.0,2.0,1,0,2,0
CUST_006325,1,Premium,46-55,West,21.3,14.9,11,0.0,0.0,1,1,1,0
CUST_006326,2,Basic,26-35,South,23.4,31.3,8,0.7,0.0,2,1,0,0
CUST_006327,36,Basic,26-35,North,10.8,38.7,8,0.0,0.0,0,0,1,0
CUST_006328,6,Basic,36-45,West,10.5,10.8,15,4.0,1.0,0,0,0,0
CUST_006329,7,Standard,26-35,East,30.0,30.9,9,6.7,2.0,0,0,1,0
CUST_006330,1,Premium,26-35,West,7.7,24.5,7,9.4,4.0,4,0,1,1
CUST_006331,1,Basic,36-45,South,11.8,10.4,9,3.2,2.0,0,1,0,0
CUST_006332,15,Standard,26-35,South,19.5,27.5,9,9.4,1.0,0,0,0,0
CUST_006333,9,Standard,26-35,North,4.6,20.3,2,9.8,4.0,2,0,1,1
CUST_006334,8,Premium,18-25,West,25.2,50.6,7,7.6,2.0,1,1,0,0
CUST_006335,3,Standard,36-45,South,6.6,7.4,3,0.6,0.0,4,1,0,1
CUST_006336,16,Premium,46-55,North,2.8,5.6,9,1.9,1.0,4,1,0,1
CUST_006337,2,Basic,46-55,East,0.2,18.6,4,2.2,3.0,2,0,1,1
CUST_006338,2,Basic,26-35,South,2.4,22.3,13,8.4,0.0,0,0,3,0
CUST_006339,7,Standard,36-45,South,9.0,52.2,8,2.7,2.0,0,0,0,0
CUST_006340,4,Basic,46-55,East,18.7,78.6,5,1.8,2.0,0,1,2,0
CUST_006341,3,Basic,26-35,South,7.9,40.4,9,0.5,1.0,0,0,0,0
CUST_006342,12,Standard,56+,South,7.9,61.6,8,2.0,1.0,1,1,0,0
CUST_006343,12,Standard,56+,North,3.2,11.4,4,22.6,3.0,2,0,0,1
CUST_006344,20,Standard,26-35,East,5.6,39.7,6,0.8,2.0,0,1,3,0
CUST_006345,6,Basic,26-35,North,30.0,17.6,13,1.3,0.0,1,0,0,0
CUST_006346,1,Standard,26-35,North,10.0,42.1,7,1.3,2.0,0,0,0,0
CUST_006347,3,Basic,26-35,East,5.4,,10,0.1,2.0,0,1,0,0
CUST_006348,46,Basic,56+,South,9.8,43.3,8,0.7,,0,1,0,0
CUST_006349,10,Standard,56+,North,10.6,14.6,7,3.6,0.0,1,1,0,0
CUST_006350,14,Basic,18-25,East,3.9,39.2,6,1.0,0.0,0,1,0,0
CUST_006351,1,Basic,36-45,North,21.7,4.6,2,1.9,2.0,1,0,0,0
CUST_006352,8,Standard,36-45,South,6.4,50.2,11,5.8,0.0,1,0,1,0
CUST_006353,1,Basic,26-35,East,10.6,20.5,5,9.6,0.0,5,0,1,1
CUST_006354,10,Premium,36-45,East,4.3,24.1,6,10.5,1.0,4,0,0,1
CUST_006355,30,Standard,56+,East,2.3,12.0,3,9.0,1.0,2,0,1,1
CUST_006356,41,Premium,26-35,South,38.5,131.4,8,1.7,1.0,0,0,1,0
CUST_006357,9,Basic,18-25,South,22.1,30.5,7,2.8,2.0,0,1,2,0
CUST_006358,7,Standard,18-25,West,6.3,28.7,6,0.7,3.0,0,0,1,0
CUST_006359,34,Basic,26-35,North,5.5,27.0,9,5.6,2.0,0,1,1,0
CUST_006360,13,Standard,26-35,North,13.4,21.5,8,0.2,0.0,0,0,1,0
CUST_006361,1,Basic,26-35,East,1.5,24.2,2,17.8,1.0,0,0,0,1
CUST_006362,7,Basic,36-45,South,11.7,44.4,8,5.3,1.0,0,0,0,0
CUST_006363,3,Premium,46-55,East,29.6,53.3,14,0.7,1.0,0,1,1,0
CUST_006364,7,Basic,26-35,South,6.6,75.1,5,4.3,3.0,1,1,1,0
CUST_006365,7,Basic,26-35,South,20.3,13.6,10,1.2,2.0,0,0,0,0
CUST_006366,10,Basic,46-55,West,18.2,28.2,5,3.7,0.0,0,0,0,0
CUST_006367,5,Standard,46-55,South,12.1,8.5,12,0.5,4.0,0,0,1,0
CUST_006368,2,Basic,26-35,East,30.0,26.3,7,5.9,1.0,1,1,0,0
CUST_006369,8,Basic,26-35,North,3.1,42.0,5,3.3,2.0,0,0,1,0
CUST_006370,21,Basic,46-55,North,3.1,14.6,11,1.0,3.0,0,1,0,0
CUST_006371,13,Standard,18-25,North,20.0,11.2,8,6.6,3.0,0,0,0,0
CUST_006372,4,Standard,26-35,South,1.5,6.2,3,5.2,0.0,2,1,1,1
CUST_006373,32,Basic,26-35,West,7.8,10.3,13,4.2,,0,0,1,0
CUST_006374,29,Basic,26-35,West,,45.3,3,13.4,0.0,0,0,0,0
CUST_006375,2,Basic,26-35,East,19.4,12.8,13,1.8,2.0,1,0,1,0
CUST_006376,1,Basic,26-35,West,9.1,43.0,15,0.8,2.0,1,0,0,0
CUST_006377,16,Basic,46-55,East,2.5,23.4,7,5.4,0.0,0,0,1,0
CUST_006378,21,Basic,46-55,South,13.4,16.1,8,0.6,1.0,0,0,0,0
CUST_006379,41,Standard,56+,North,14.2,31.4,10,0.8,3.0,0,0,0,0
CUST_006380,26,Premium,18-25,East,13.3,33.7,12,1.7,1.0,1,1,0,0
CUST_006381,11,Basic,26-35,North,3.4,11.7,4,12.8,,4,0,1,1
CUST_006382,9,Standard,46-55,South,17.4,7.8,9,1.2,1.0,2,1,2,0
CUST_006383,1,Standard,36-45,West,11.6,17.6,12,5.9,1.0,0,0,0,0
CUST_006384,3,Standard,26-35,North,8.2,21.5,9,3.4,1.0,0,0,1,0
CUST_006385,7,Premium,26-35,North,28.9,34.7,4,1.5,,0,0,0,0
CUST_006386,11,Basic,26-35,North,8.1,28.1,7,1.0,1.0,1,0,0,0
CUST_006387,9,Basic,26-35,East,8.7,17.8,4,1.1,0.0,0,0,0,0
CUST_006388,16,Standard,26-35,South,2.3,19.4,2,1.4,1.0,2,0,0,1
CUST_006389,3,Basic,56+,East,18.2,38.9,7,1.5,2.0,1,1,0,0
CUST_006390,9,Basic,18-25,South,7.9,58.6,9,4.1,2.0,1,0,2,0
CUST_006391,1,Basic,56+,East,5.8,43.5,8,1.2,3.0,0,0,0,0
CUST_006392,6,Basic,46-55,South,15.0,9.4,7,0.6,3.0,1,1,0,0
CUST_006393,16,Standard,26-35,West,4.3,44.6,16,1.3,1.0,0,0,0,0
CUST_006394,14,Basic,46-55,South,4.7,33.7,2,3.0,4.0,5,0,0,1
CUST_006395,56,Basic,36-45,East,9.1,64.2,7,8.4,1.0,0,1,1,0
CUST_006396,3,Basic,26-35,East,18.2,12.1,16,2.9,3.0,0,0,0,0
CUST_006397,8,Basic,26-35,South,4.1,14.3,6,11.5,3.0,2,1,0,1
CUST_006398,4,Premium,36-45,North,25.6,11.9,12,1.4,1.0,0,1,0,0
CUST_006399,6,Basic,36-45,East,11.0,23.7,11,13.4,1.0,0,0,1,0
CUST_006400,23,Premium,36-45,East,5.2,12.8,2,1.5,0.0,4,0,1,1
CUST_006401,13,Standard,36-45,South,30.0,29.4,10,1.4,2.0,1,0,0,0
CUST_006402,25,Standard,26-35,North,9.4,39.7,1,1.0,1.0,0,0,0,0
CUST_006403,2,Basic,36-45,North,,24.7,4,5.1,0.0,0,0,0,0
CUST_006404,24,Basic,26-35,South,7.3,80.8,7,1.3,1.0,0,0,0,0
CUST_006405,1,Premium,36-45,North,0.4,29.2,8,11.6,3.0,4,0,1,1
CUST_006406,26,Premium,46-55,West,18.2,48.4,9,1.8,0.0,0,0,0,0
CUST_006407,4,Basic,36-45,North,1.0,23.4,5,2.8,3.0,2,0,1,1
CUST_006408,4,Basic,46-55,South,3.9,6.4,4,3.5,3.0,2,1,0,1
CUST_006409,8,Basic,36-45,East,8.0,39.8,14,3.1,1.0,0,0,0,0
CUST_006410,33,Premium,36-45,West,2.3,22.1,15,0.5,2.0,0,0,0,0
CUST_006411,1,Basic,36-45,South,8.9,36.0,6,0.8,0.0,0,0,0,0
CUST_006412,5,Standard,18-25,North,7.6,27.4,10,0.5,0.0,0,0,1,0
CUST_006413,23,Standard,56+,South,6.9,24.7,3,1.7,2.0,0,0,0,0
CUST_006414,6,Standard,18-25,South,5.8,16.9,8,0.6,,1,1,1,0
CUST_006415,2,Standard,26-35,South,,21.8,5,1.9,0.0,0,1,1,0
CUST_006416,6,Basic,18-25,South,12.3,25.5,11,2.4,1.0,1,0,0,0
CUST_006417,5,Premium,18-25,North,34.6,23.8,12,1.6,3.0,1,0,0,0
CUST_006418,29,Standard,46-55,West,11.2,7.5,5,0.1,2.0,0,0,1,0
CUST_006419,17,Standard,26-35,North,7.1,24.2,2,2.5,1.0,4,0,0,1
CUST_006420,8,Basic,46-55,South,2.0,2.5,1,3.5,3.0,2,0,0,1
CUST_006421,53,Standard,26-35,West,25.9,18.0,8,0.9,0.0,0,0,1,0
CUST_006422,7,Basic,26-35,East,1.3,13.2,4,9.7,0.0,2,1,0,1
CUST_006423,1,Basic,26-35,South,16.2,24.6,10,4.6,1.0,0,1,0,0
CUST_006424,3,Standard,36-45,North,2.9,65.2,13,0.7,2.0,1,0,0,0
CUST_006425,6,Standard,46-55,West,0.4,25.1,3,3.1,0.0,2,0,0,1
CUST_006426,2,Standard,36-45,North,1.9,5.7,6,0.3,3.0,0,0,0,0
CUST_006427,35,Basic,26-35,East,30.0,47.4,8,4.8,2.0,0,1,1,0
CUST_006428,17,Standard,56+,West,3.2,5.0,3,5.0,3.0,2,1,0,1
CUST_006429,3,Basic,18-25,North,5.8,19.4,4,20.9,0.0,2,0,0,1
CUST_006430,10,Standard,36-45,East,7.1,34.9,8,2.3,0.0,1,0,0,0
CUST_006431,15,Basic,26-35,West,1.7,7.8,4,4.7,4.0,5,0,1,1
CUST_006432,34,Standard,18-25,East,14.1,16.7,10,1.6,0.0,0,0,0,0
CUST_006433,25,Standard,26-35,South,10.3,19.4,11,4.7,1.0,1,0,1,0
CUST_006434,8,Basic,18-25,West,6.6,17.8,8,1.3,3.0,0,0,0,0
CUST_006435,17,Basic,46-55,East,7.5,11.0,11,0.0,1.0,0,0,0,0
CUST_006436,9,Standard,36-45,East,3.7,,7,2.4,,0,1,1,0
CUST_006437,9,Standard,46-55,East,,11.6,11,1.3,1.0,0,1,0,0
CUST_006438,1,Standard,36-45,North,3.2,12.8,5,0.4,0.0,4,0,0,1
CUST_006439,1,Standard,36-45,North,10.7,19.2,5,1.3,2.0,1,0,1,0
CUST_006440,9,Basic,46-55,North,2.2,11.9,2,16.6,0.0,0,0,0,1
CUST_006441,3,Basic,56+,North,0.9,13.8,2,9.4,4.0,0,0,0,1
CUST_006442,1,Basic,18-25,North,10.3,26.0,12,0.3,1.0,1,0,0,0
CUST_006443,15,Basic,26-35,South,9.9,1.8,12,1.9,1.0,0,0,0,0
CUST_006444,1,Standard,46-55,North,4.4,7.6,4,0.8,4.0,2,0,0,1
CUST_006445,10,Basic,56+,West,12.4,48.5,8,0.6,3.0,1,1,0,0
CUST_006446,9,Premium,56+,West,9.1,50.0,19,2.8,1.0,0,0,0,0
CUST_006447,41,Standard,36-45,East,6.2,5.5,9,0.0,3.0,0,1,1,0
CUST_006448,7,Premium,26-35,South,37.5,19.2,11,3.0,2.0,0,0,0,0
CUST_006449,1,Premium,18-25,South,7.3,31.0,12,0.7,0.0,1,0,0,0
CUST_006450,9,Basic,56+,South,6.9,12.4,10,7.5,1.0,0,1,0,0
CUST_006451,22,Standard,26-35,East,16.1,24.2,4,0.1,1.0,0,0,0,0
CUST_006452,60,Basic,26-35,West,13.3,13.6,9,0.0,1.0,0,0,1,0
CUST_006453,6,Basic,56+,North,8.0,45.8,10,2.5,3.0,1,0,0,0
CUST_006454,4,Standard,18-25,East,7.1,40.4,10,0.3,2.0,1,0,1,0
CUST_006455,28,Basic,46-55,East,5.5,57.8,7,1.5,1.0,1,0,1,0
CUST_006456,2,Premium,36-45,East,19.0,49.1,7,2.4,0.0,0,1,1,0
CUST_006457,11,Standard,18-25,North,11.0,34.1,6,2.5,2.0,0,0,1,0
CUST_006458,6,Standard,26-35,East,1.8,7.7,1,4.8,3.0,2,0,1,1
CUST_006459,1,Basic,18-25,East,12.6,16.5,2,1.3,1.0,0,0,0,0
CUST_006460,5,Standard,36-45,South,12.8,35.6,5,4.3,0.0,0,0,1,0
CUST_006461,3,Basic,36-45,South,9.0,19.3,4,2.0,,1,0,1,0
CUST_006462,13,Standard,18-25,North,8.1,39.4,11,5.8,1.0,0,0,0,0
CUST_006463,35,Basic,56+,North,28.8,9.8,12,0.3,,0,0,0,0
CUST_006464,3,Standard,26-35,North,7.9,27.5,5,0.9,2.0,0,0,0,0
CUST_006465,20,Basic,26-35,North,6.7,24.8,10,0.2,2.0,1,0,1,0
CUST_006466,1,Basic,26-35,South,11.5,15.5,11,1.0,2.0,0,1,1,0
CUST_006467,9,Basic,26-35,North,2.8,15.7,4,13.2,9.0,0,1,0,1
CUST_006468,1,Basic,56+,North,9.2,12.5,10,7.3,1.0,0,1,0,0
CUST_006469,32,Standard,26-35,East,12.0,24.3,2,5.3,2.0,0,0,1,0
CUST_006470,17,Basic,26-35,West,25.2,9.2,5,1.5,1.0,1,0,1,0
CUST_006471,12,Basic,46-55,South,4.7,10.1,3,7.4,4.0,4,0,0,1
CUST_006472,20,Standard,36-45,South,12.6,49.1,8,6.4,0.0,1,0,0,0
CUST_006473,12,Basic,26-35,West,3.1,29.0,2,22.6,1.0,4,1,1,1
CUST_006474,41,Basic,46-55,East,14.1,23.3,7,0.9,2.0,0,0,0,0
CUST_006475,15,Standard,46-55,South,15.1,29.6,8,4.2,1.0,1,0,0,0
CUST_006476,31,Basic,26-35,East,14.6,55.2,7,0.4,2.0,0,1,0,0
CUST_006477,8,Basic,36-45,South,8.5,22.4,6,0.0,2.0,0,0,1,0
CUST_006478,1,Basic,56+,East,4.7,6.2,3,15.1,1.0,2,0,0,1
CUST_006479,9,Basic,36-45,West,9.1,32.1,10,3.4,1.0,1,1,0,0
CUST_006480,1,Standard,46-55,South,1.8,12.0,3,21.6,0.0,2,0,0,1
CUST_006481,10,Basic,56+,West,11.8,53.5,7,3.5,0.0,0,0,0,0
CUST_006482,7,Standard,36-45,South,1.7,9.0,6,2.6,6.0,2,0,0,1
CUST_006483,11,Basic,18-25,East,9.7,17.5,11,3.7,0.0,1,0,0,0
CUST_006484,1,Basic,26-35,South,4.2,17.0,4,9.4,0.0,2,0,0,1
CUST_006485,2,Basic,36-45,West,17.3,49.2,8,0.1,2.0,1,0,1,0
CUST_006486,8,Standard,26-35,North,8.1,39.1,7,5.3,2.0,1,0,3,0
CUST_006487,36,Premium,56+,East,32.7,37.2,12,1.8,0.0,0,0,1,0
CUST_006488,5,Standard,26-35,West,7.4,37.7,5,0.9,3.0,0,0,0,0
CUST_006489,6,Premium,36-45,South,5.2,86.9,12,2.0,3.0,0,0,1,0
CUST_006490,15,Basic,46-55,North,0.7,14.8,4,0.1,7.0,2,0,0,1
CUST_006491,11,Basic,36-45,North,22.8,11.4,12,0.8,3.0,0,0,0,0
CUST_006492,4,Basic,26-35,East,,16.9,6,5.0,3.0,2,0,0,1
CUST_006493,6,Basic,18-25,West,8.6,53.6,10,0.5,1.0,0,0,1,0
CUST_006494,2,Basic,36-45,South,2.0,8.9,2,12.4,1.0,0,0,0,1
CUST_006495,40,Basic,46-55,East,14.7,12.7,10,12.9,0.0,0,1,0,0
CUST_006496,1,Basic,36-45,North,7.6,43.7,10,0.5,4.0,0,0,0,0
CUST_006497,5,Basic,26-35,South,0.5,12.7,6,3.8,1.0,0,0,2,0
CUST_006498,1,Basic,18-25,South,22.5,32.9,5,4.3,1.0,1,1,0,0
CUST_006499,3,Basic,46-55,East,4.8,24.0,8,1.5,0.0,0,0,1,0
CUST_006500,18,Premium,56+,West,13.3,48.7,11,4.1,1.0,0,0,1,0
CUST_006501,2,Basic,26-35,West,8.4,44.6,18,10.3,3.0,0,1,0,0
CUST_006502,1,Standard,46-55,North,1.5,9.0,5,8.5,4.0,0,1,0,1
CUST_006503,7,Standard,26-35,East,15.7,13.0,10,5.0,2.0,0,0,0,0
CUST_006504,1,Basic,36-45,North,3.2,46.7,8,2.8,0.0,1,0,1,0
CUST_006505,1,Basic,46-55,North,11.3,20.0,3,12.5,4.0,4,0,0,1
CUST_006506,19,Basic,18-25,North,4.6,11.4,5,14.2,1.0,2,0,1,1
CUST_006507,17,Standard,36-45,South,7.2,5.2,8,0.9,0.0,0,1,0,0
CUST_006508,29,Basic,26-35,East,8.4,10.1,10,0.5,0.0,1,0,1,0
CUST_006509,23,Basic,26-35,South,6.6,31.8,10,1.5,0.0,0,1,1,0
CUST_006510,13,Basic,36-45,West,11.0,23.1,6,1.2,4.0,1,0,2,0
CUST_006511,1,Premium,18-25,North,4.9,60.7,14,2.0,0.0,1,0,2,0
CUST_006512,18,Basic,36-45,South,23.9,45.7,11,1.7,2.0,2,0,1,0
CUST_006513,22,Standard,26-35,South,8.2,18.4,8,0.6,2.0,0,1,0,0
CUST_006514,19,Basic,36-45,North,8.8,29.0,3,2.3,2.0,0,0,0,0
CUST_006515,8,Premium,18-25,West,4.8,32.4,4,2.6,1.0,4,1,0,1
CUST_006516,3,Standard,46-55,South,5.7,12.2,5,12.6,1.0,2,1,1,1
CUST_006517,22,Basic,36-45,West,11.8,47.8,13,6.2,5.0,1,0,1,0
CUST_006518,15,Premium,56+,South,,71.6,9,2.0,,1,0,0,0
CUST_006519,47,Standard,56+,North,3.4,34.3,4,0.5,0.0,0,0,0,0
CUST_006520,2,Basic,26-35,North,2.5,19.0,12,5.1,0.0,0,1,0,0
CUST_006521,3,Basic,18-25,West,17.0,56.6,7,0.5,1.0,0,0,0,0
CUST_006522,2,Standard,36-45,North,20.3,25.0,5,1.4,5.0,0,0,0,0
CUST_006523,18,Standard,36-45,West,3.7,15.7,6,1.1,2.0,0,0,0,0
CUST_006524,2,Standard,18-25,South,2.4,9.5,3,4.5,3.0,4,0,0,1
CUST_006525,1,Standard,18-25,North,2.3,20.3,13,5.6,2.0,0,0,0,0
CUST_006526,60,Standard,36-45,East,10.5,48.7,8,0.2,2.0,0,1,0,0
CUST_006527,1,Basic,56+,North,,28.1,5,0.7,1.0,0,0,0,0
CUST_006528,21,Standard,56+,North,3.0,31.3,5,1.1,2.0,0,0,0,0
CUST_006529,5,Basic,26-35,West,0.8,26.1,4,40.9,1.0,4,0,1,1
CUST_006530,22,Premium,26-35,South,3.7,10.5,4,2.3,4.0,2,1,0,1
CUST_006531,9,Standard,18-25,East,3.6,17.3,3,17.1,1.0,2,0,0,1
CUST_006532,27,Standard,36-45,North,1.1,11.6,6,0.9,1.0,2,1,0,1
CUST_006533,31,Basic,46-55,North,3.6,7.2,8,0.7,1.0,0,0,1,0
CUST_006534,1,Basic,46-55,South,,33.9,13,0.6,0.0,0,0,1,0
CUST_006535,1,Basic,36-45,East,1.2,21.6,5,1.4,1.0,2,0,0,1
CUST_006536,3,Standard,18-25,West,5.3,33.9,12,1.6,3.0,0,0,1,0
CUST_006537,13,Standard,26-35,East,5.2,50.9,7,0.9,2.0,1,1,0,0
CUST_006538,26,Basic,56+,West,14.5,47.2,12,2.9,4.0,0,0,1,0
CUST_006539,7,Standard,26-35,North,0.8,27.7,6,1.0,2.0,0,1,0,0
CUST_006540,11,Standard,26-35,North,13.7,17.2,6,2.9,3.0,0,1,0,0
CUST_006541,2,Basic,46-55,North,30.0,43.8,5,0.3,1.0,1,1,0,0
CUST_006542,19,Basic,46-55,West,8.6,56.0,10,0.5,3.0,0,0,0,0
CUST_006543,41,Standard,56+,West,14.3,26.5,5,2.2,4.0,0,1,0,0
CUST_006544,3,Standard,26-35,North,17.4,41.2,9,2.0,1.0,1,0,0,0
CUST_006545,8,Standard,36-45,North,4.1,3.6,4,20.4,1.0,0,1,1,1
CUST_006546,1,Standard,36-45,East,2.3,22.3,2,17.8,1.0,0,0,0,1
CUST_006547,9,Premium,56+,West,11.3,46.3,12,1.1,1.0,0,1,0,0
CUST_006548,8,Basic,46-55,West,12.0,15.7,8,5.3,0.0,0,0,1,0
CUST_006549,1,Basic,46-55,North,,12.4,7,0.1,6.0,4,0,0,1
CUST_006550,7,Basic,18-25,East,0.4,39.5,12,5.2,0.0,0,0,1,0
CUST_006551,4,Basic,46-55,West,3.6,24.0,10,1.9,1.0,0,0,0,0
CUST_006552,8,Basic,26-35,South,4.7,24.3,1,7.5,1.0,4,0,0,1
CUST_006553,10,Basic,18-25,East,9.2,26.8,9,2.2,1.0,0,1,0,0
CUST_006554,1,Premium,18-25,South,2.6,20.8,6,11.6,0.0,2,0,0,1
CUST_006555,17,Premium,36-45,North,8.0,19.1,8,2.2,1.0,0,0,1,0
CUST_006556,14,Basic,26-35,West,1.6,60.6,10,1.0,2.0,1,0,1,0
CUST_006557,5,Standard,46-55,West,3.5,22.5,3,16.2,6.0,2,0,1,1
CUST_006558,1,Standard,46-55,South,5.6,79.5,9,0.5,1.0,0,0,1,0
CUST_006559,16,Standard,18-25,North,3.1,29.2,3,3.9,6.0,2,0,0,1
CUST_006560,37,Standard,36-45,East,30.0,23.2,8,0.4,1.0,1,0,2,0
CUST_006561,3,Basic,26-35,South,8.6,19.0,10,0.3,0.0,1,1,0,0
CUST_006562,4,Standard,26-35,North,2.4,53.7,9,0.2,2.0,0,0,0,0
CUST_006563,2,Standard,36-45,South,5.2,6.5,2,2.0,4.0,2,0,0,1
CUST_006564,10,Standard,46-55,East,6.3,34.6,11,4.3,0.0,1,1,1,0
CUST_006565,2,Premium,36-45,North,6.3,47.1,9,3.6,1.0,1,0,1,0
CUST_006566,5,Premium,46-55,East,11.1,,4,5.2,2.0,0,1,0,0
CUST_006567,14,Standard,46-55,North,19.5,37.0,5,1.1,1.0,0,1,0,0
CUST_006568,9,Standard,26-35,West,0.8,30.7,3,4.0,7.0,2,0,0,1
CUST_006569,5,Premium,36-45,West,1.2,40.4,16,3.0,0.0,0,0,0,0
CUST_006570,6,Basic,46-55,East,4.4,37.3,6,1.2,2.0,0,0,0,0
CUST_006571,9,Basic,18-25,South,3.4,31.0,6,2.5,3.0,4,1,0,1
CUST_006572,1,Basic,46-55,South,3.0,8.6,4,1.5,1.0,2,1,0,1
CUST_006573,1,Premium,46-55,East,4.3,9.3,6,4.4,3.0,5,1,0,1
CUST_006574,25,Standard,26-35,West,4.5,49.8,8,7.6,0.0,0,1,0,0
CUST_006575,1,Basic,56+,North,15.3,19.1,5,0.3,0.0,1,0,2,0
CUST_006576,14,Premium,26-35,South,7.0,30.7,5,21.2,0.0,5,0,1,1
CUST_006577,30,Standard,56+,South,17.3,81.4,3,6.8,3.0,0,0,0,0
CUST_006578,3,Premium,26-35,South,1.4,64.5,12,1.5,2.0,1,0,0,0
CUST_006579,5,Basic,46-55,South,5.6,5.7,16,0.1,0.0,1,1,0,0
CUST_006580,10,Standard,36-45,West,8.7,54.2,8,0.1,0.0,0,1,1,0
CUST_006581,25,Standard,46-55,South,1.2,8.7,5,18.5,4.0,2,0,0,1
CUST_006582,34,Standard,26-35,South,3.0,27.7,5,5.6,4.0,2,1,0,1
CUST_006583,16,Standard,26-35,West,11.0,34.3,4,3.5,2.0,0,0,0,0
CUST_006584,1,Standard,18-25,South,20.7,72.3,5,1.1,2.0,0,0,0,0
CUST_006585,13,Basic,46-55,West,20.4,14.4,9,5.8,0.0,1,0,0,0
CUST_006586,6,Standard,26-35,North,18.6,10.9,12,0.6,0.0,0,0,2,0
CUST_006587,7,Basic,36-45,West,22.6,31.5,7,3.6,1.0,0,1,0,0
CUST_006588,1,Basic,46-55,North,0.6,16.0,14,0.4,0.0,0,0,0,0
CUST_006589,2,Basic,56+,West,0.7,21.7,3,18.0,1.0,4,1,1,1
CUST_006590,18,Basic,18-25,North,2.7,11.6,3,12.9,3.0,2,0,0,1
CUST_006591,7,Basic,46-55,South,1.4,10.7,2,12.2,1.0,0,0,0,1
CUST_006592,4,Standard,26-35,South,4.8,4.0,3,33.1,3.0,2,0,1,1
CUST_006593,5,Standard,46-55,South,28.3,17.8,7,0.8,1.0,1,1,0,0
CUST_006594,23,Basic,46-55,South,0.6,18.5,6,14.8,4.0,0,0,1,1
CUST_006595,16,Standard,18-25,West,4.7,28.5,14,3.5,2.0,0,1,0,0
CUST_006596,3,Basic,26-35,South,3.4,14.9,4,10.1,4.0,4,0,1,1
CUST_006597,1,Basic,36-45,East,0.8,12.6,3,3.1,1.0,2,0,0,1
CUST_006598,3,Standard,26-35,North,13.0,38.8,7,4.4,0.0,0,1,0,0
CUST_006599,30,Standard,56+,West,3.9,4.8,2,7.5,3.0,2,0,1,1
CUST_006600,10,Standard,26-35,East,5.1,40.0,10,4.1,0.0,0,1,0,0
CUST_006601,9,Basic,56+,West,10.5,65.3,5,1.2,2.0,1,0,0,0
CUST_006602,10,Standard,36-45,South,14.2,34.4,8,0.9,0.0,0,0,0,0
CUST_006603,5,Standard,56+,North,4.5,2.8,2,12.9,1.0,2,0,0,1
CUST_006604,19,Premium,46-55,South,6.9,18.1,8,3.2,4.0,4,0,1,1
CUST_006605,8,Basic,46-55,East,7.6,33.6,6,4.9,4.0,0,1,1,0
CUST_006606,1,Standard,18-25,East,9.6,4.4,4,3.6,1.0,0,0,0,0
CUST_006607,1,Standard,36-45,West,16.5,38.7,8,0.6,3.0,1,0,0,0
CUST_006608,9,Premium,18-25,North,43.7,100.2,19,0.6,2.0,2,0,0,0
CUST_006609,33,Basic,26-35,East,30.0,5.0,14,4.2,1.0,0,0,0,0
CUST_006610,4,Standard,36-45,West,4.6,17.0,5,26.7,3.0,2,0,1,1
CUST_006611,24,Basic,46-55,North,9.3,96.1,8,7.8,3.0,0,0,0,0
CUST_006612,17,Standard,18-25,North,17.5,9.7,10,0.7,1.0,0,0,1,0
CUST_006613,3,Basic,36-45,East,3.4,34.6,6,1.0,0.0,0,1,0,0
CUST_006614,1,Basic,36-45,South,24.4,41.9,8,6.9,2.0,0,0,1,0
CUST_006615,1,Standard,18-25,East,4.4,12.1,5,13.0,0.0,4,1,0,1
CUST_006616,15,Basic,36-45,East,1.2,27.5,5,0.9,4.0,4,1,0,1
CUST_006617,2,Basic,46-55,West,0.7,44.3,1,0.8,0.0,4,0,0,1
CUST_006618,5,Basic,18-25,West,4.5,31.4,7,0.9,0.0,1,0,1,0
CUST_006619,8,Basic,46-55,East,5.5,34.5,7,4.5,1.0,0,0,0,0
CUST_006620,15,Premium,36-45,South,13.8,41.2,7,4.8,2.0,0,1,2,0
CUST_006621,1,Standard,46-55,South,18.5,33.5,5,1.7,1.0,1,0,1,0
CUST_006622,6,Standard,26-35,West,10.9,20.4,4,3.5,1.0,0,1,0,0
CUST_006623,7,Basic,46-55,East,14.7,39.4,10,0.6,1.0,1,0,0,0
CUST_006624,9,Premium,18-25,West,18.5,38.7,21,0.3,0.0,0,0,2,0
CUST_006625,20,Basic,26-35,South,1.1,13.0,4,13.2,1.0,4,0,0,1
CUST_006626,2,Standard,26-35,North,7.1,15.8,8,3.6,1.0,0,0,2,0
CUST_006627,19,Basic,46-55,South,1.4,14.9,4,7.0,3.0,2,0,1,1
CUST_006628,14,Standard,46-55,North,7.7,10.8,7,0.3,1.0,0,0,0,0
CUST_006629,9,Standard,18-25,West,6.7,59.2,7,4.5,0.0,1,0,1,0
CUST_006630,14,Basic,18-25,East,6.1,54.7,10,1.3,0.0,0,0,1,0
CUST_006631,6,Basic,26-35,North,18.0,22.4,8,6.8,4.0,0,1,0,0
CUST_006632,1,Standard,18-25,East,5.1,9.8,2,3.3,,2,0,0,1
CUST_006633,13,Basic,36-45,West,22.5,31.0,9,0.6,1.0,1,1,0,0
CUST_006634,8,Basic,36-45,East,5.7,25.5,10,1.2,3.0,0,0,1,0
CUST_006635,12,Basic,56+,East,3.9,8.0,5,0.1,2.0,0,1,0,0
CUST_006636,4,Standard,56+,South,2.8,38.0,9,5.0,1.0,0,1,0,0
CUST_006637,28,Standard,36-45,West,15.3,46.4,9,2.4,1.0,0,1,0,0
CUST_006638,10,Basic,18-25,South,5.1,33.6,8,3.1,0.0,0,0,0,0
CUST_006639,1,Basic,26-35,West,7.5,17.8,12,0.3,2.0,0,0,0,0
CUST_006640,7,Standard,36-45,West,20.9,38.4,6,2.0,3.0,0,0,1,0
CUST_006641,16,Standard,36-45,West,15.0,27.1,8,3.2,1.0,0,0,0,0
CUST_006642,18,Basic,36-45,West,1.1,34.2,3,4.4,0.0,4,0,2,1
CUST_006643,8,Standard,56+,East,12.1,54.0,10,0.2,1.0,1,0,0,0
CUST_006644,27,Basic,46-55,North,9.2,29.8,5,1.8,2.0,0,0,1,0
CUST_006645,3,Basic,18-25,North,21.6,55.1,11,1.0,2.0,3,0,0,0
CUST_006646,6,Premium,26-35,North,8.8,21.2,8,1.4,0.0,0,0,0,0
CUST_006647,27,Premium,46-55,North,12.9,40.7,8,1.0,2.0,0,0,0,0
CUST_006648,27,Basic,46-55,North,20.1,56.2,9,1.0,1.0,1,1,1,0
CUST_006649,13,Basic,26-35,East,7.6,49.4,5,4.4,1.0,0,0,0,0
CUST_006650,23,Basic,46-55,North,9.0,,10,0.9,2.0,0,0,2,0
CUST_006651,1,Basic,36-45,South,4.7,19.0,1,42.7,4.0,2,0,0,1
CUST_006652,24,Basic,36-45,West,19.3,48.8,7,9.1,0.0,0,0,0,0
CUST_006653,4,Basic,26-35,East,3.8,50.5,6,1.6,1.0,1,0,1,0
CUST_006654,2,Premium,46-55,West,32.7,35.9,16,0.1,0.0,1,1,0,0
CUST_006655,3,Premium,36-45,North,13.7,32.7,12,1.7,2.0,0,1,1,0
CUST_006656,6,Standard,26-35,East,30.0,47.8,6,1.3,0.0,1,0,0,0
CUST_006657,3,Standard,46-55,South,25.0,29.1,8,0.6,1.0,0,0,2,0
CUST_006658,4,Basic,46-55,South,4.8,11.2,5,7.3,1.0,4,0,0,1
CUST_006659,1,Basic,46-55,East,7.8,25.7,8,0.8,4.0,0,0,1,0
CUST_006660,4,Basic,26-35,North,5.0,38.5,6,1.2,0.0,0,0,1,0
CUST_006661,10,Standard,56+,North,6.6,93.8,10,2.6,2.0,0,1,0,0
CUST_006662,6,Basic,26-35,East,1.2,10.7,6,4.8,3.0,2,0,0,1
CUST_006663,5,Premium,36-45,West,1.0,20.8,18,1.7,4.0,0,0,2,0
CUST_006664,16,Standard,36-45,East,22.8,37.3,8,4.4,1.0,1,0,0,0
CUST_006665,26,Basic,26-35,South,,33.8,8,1.2,0.0,1,1,4,0
CUST_006666,16,Basic,36-45,South,12.8,36.7,8,6.5,3.0,1,0,2,0
CUST_006667,4,Standard,46-55,North,7.6,64.2,13,1.9,1.0,0,0,1,0
CUST_006668,16,Premium,36-45,West,8.3,52.0,15,0.4,2.0,0,0,0,0
CUST_006669,1,Standard,36-45,West,11.9,15.1,12,0.9,2.0,0,0,0,0
CUST_006670,1,Basic,18-25,North,3.1,9.9,10,0.8,2.0,0,1,1,0
CUST_006671,5,Standard,18-25,North,26.8,34.6,11,7.6,2.0,0,0,0,0
CUST_006672,19,Basic,18-25,East,10.1,22.8,10,2.1,1.0,0,1,1,0
CUST_006673,3,Premium,56+,North,15.1,54.5,16,3.6,2.0,2,0,0,0
CUST_006674,1,Standard,46-55,West,14.6,25.2,6,6.5,2.0,0,0,0,0
CUST_006675,1,Standard,56+,West,17.6,37.1,6,2.6,1.0,1,0,0,0
CUST_006676,23,Basic,18-25,South,6.2,22.8,9,0.1,0.0,1,0,0,0
CUST_006677,12,Standard,36-45,North,2.4,68.9,13,0.2,1.0,0,0,2,0
CUST_006678,3,Basic,18-25,West,2.9,8.8,4,1.1,9.0,4,0,0,1
CUST_006679,9,Basic,46-55,South,2.8,16.5,5,1.3,3.0,0,1,0,0
CUST_006680,8,Basic,26-35,East,7.7,24.5,5,0.7,1.0,0,1,0,0
CUST_006681,12,Premium,18-25,South,6.3,46.6,7,0.2,1.0,0,0,3,0
CUST_006682,3,Standard,36-45,North,11.7,86.5,6,1.5,1.0,2,0,0,0
CUST_006683,23,Basic,26-35,East,2.5,56.1,5,6.6,2.0,0,0,2,0
CUST_006684,4,Premium,36-45,South,36.5,18.2,7,4.0,1.0,1,0,0,0
CUST_006685,14,Basic,36-45,North,10.7,46.6,6,2.5,0.0,0,0,1,0
CUST_006686,1,Basic,46-55,North,11.2,14.0,9,4.6,1.0,0,0,0,0
CUST_006687,5,Basic,56+,East,8.9,13.7,7,1.2,3.0,0,0,1,0
CUST_006688,5,Standard,26-35,East,16.8,33.6,9,7.8,0.0,1,0,1,0
CUST_006689,9,Standard,36-45,South,8.5,16.9,6,2.2,2.0,0,0,0,0
CUST_006690,1,Basic,46-55,East,7.0,43.4,5,2.2,1.0,0,0,0,0
CUST_006691,18,Standard,36-45,North,9.1,15.2,5,1.3,2.0,0,1,1,0
CUST_006692,2,Basic,18-25,South,8.1,22.7,10,2.5,1.0,0,1,0,0
CUST_006693,13,Standard,46-55,East,2.4,11.3,4,16.2,1.0,0,0,0,1
CUST_006694,19,Basic,18-25,East,21.5,29.7,12,0.3,2.0,0,0,2,0
CUST_006695,9,Standard,26-35,South,9.8,19.3,11,1.7,1.0,0,0,1,0
CUST_006696,16,Standard,18-25,North,7.3,12.9,11,2.8,0.0,0,1,0,0
CUST_006697,13,Standard,18-25,North,3.3,36.8,9,1.2,0.0,0,0,1,0
CUST_006698,5,Basic,18-25,West,0.9,,6,4.1,1.0,0,0,1,0
CUST_006699,19,Standard,18-25,North,7.0,22.3,4,0.8,4.0,5,0,0,1
CUST_006700,4,Basic,26-35,North,6.1,8.4,13,3.5,2.0,0,0,0,0
CUST_006701,10,Premium,26-35,North,8.0,39.2,9,1.7,1.0,0,0,1,0
CUST_006702,16,Basic,18-25,South,15.5,53.7,10,0.0,1.0,0,0,1,0
CUST_006703,5,Basic,36-45,West,0.2,35.2,5,27.2,1.0,2,0,0,1
CUST_006704,4,Standard,26-35,North,1.0,27.3,6,1.2,2.0,0,0,0,0
CUST_006705,7,Standard,18-25,East,5.5,13.7,6,2.0,1.0,0,0,0,0
CUST_006706,20,Basic,26-35,North,8.7,13.6,13,0.2,0.0,0,0,2,0
CUST_006707,31,Premium,26-35,South,6.9,26.2,1,2.8,3.0,0,0,0,0
CUST_006708,9,Premium,26-35,North,11.6,52.9,7,0.1,1.0,0,0,0,0
CUST_006709,12,Standard,26-35,North,5.5,11.8,12,2.1,2.0,0,0,0,0
CUST_006710,28,Basic,36-45,South,9.8,38.0,7,1.2,0.0,1,1,0,0
CUST_006711,1,Standard,36-45,West,3.9,36.5,8,0.6,1.0,1,0,2,0
CUST_006712,3,Basic,56+,East,11.2,24.4,10,1.0,0.0,0,1,0,0
CUST_006713,14,Basic,36-45,South,0.9,14.9,1,10.0,0.0,2,0,2,1
CUST_006714,20,Premium,36-45,North,4.0,29.8,7,40.0,1.0,2,1,0,1
CUST_006715,23,Premium,26-35,South,20.2,47.8,22,0.7,2.0,1,0,1,0
CUST_006716,6,Premium,46-55,East,36.7,22.4,16,5.5,0.0,0,0,0,0
CUST_006717,1,Basic,18-25,West,19.2,25.3,11,3.4,1.0,1,0,1,0
CUST_006718,6,Basic,36-45,West,3.2,23.7,8,1.4,1.0,0,1,0,0
CUST_006719,3,Basic,26-35,East,8.3,28.8,10,1.8,1.0,0,0,0,0
CUST_006720,4,Basic,36-45,South,13.5,11.7,13,10.2,0.0,0,0,1,0
CUST_006721,17,Basic,56+,East,9.0,30.8,8,1.5,0.0,1,1,0,0
CUST_006722,1,Basic,56+,South,3.4,25.1,8,4.1,0.0,0,0,0,0
CUST_006723,21,Standard,26-35,East,2.7,16.8,11,5.7,1.0,0,0,1,0
CUST_006724,6,Standard,26-35,North,1.6,12.8,5,5.4,3.0,2,1,2,1
CUST_006725,10,Standard,46-55,South,22.5,24.3,6,2.8,2.0,0,0,1,0
CUST_006726,1,Standard,36-45,North,11.0,22.8,8,2.1,2.0,0,1,0,0
CUST_006727,4,Basic,36-45,South,4.2,12.0,5,17.2,3.0,5,1,0,1
CUST_006728,1,Basic,46-55,East,15.9,21.5,8,7.0,2.0,1,1,2,0
CUST_006729,39,Standard,36-45,West,8.9,52.8,4,5.8,1.0,0,0,0,0
CUST_006730,19,Standard,56+,West,4.8,15.4,3,10.2,3.0,2,1,0,1
CUST_006731,7,Standard,36-45,West,3.6,8.9,1,5.8,3.0,4,1,1,1
CUST_006732,3,Basic,36-45,North,1.4,57.6,10,4.7,2.0,0,1,1,0
CUST_006733,32,Basic,36-45,South,3.8,37.8,7,3.8,1.0,0,0,0,0
CUST_006734,5,Standard,46-55,East,2.8,22.5,3,17.1,0.0,2,0,0,1
CUST_006735,2,Premium,36-45,West,20.6,24.6,11,1.0,1.0,1,0,1,0
CUST_006736,9,Premium,36-45,South,23.1,45.6,11,1.9,2.0,0,1,0,0
CUST_006737,34,Standard,56+,North,1.6,21.5,10,1.9,1.0,0,0,1,0
CUST_006738,1,Standard,36-45,South,2.3,10.8,4,19.8,1.0,2,0,0,1
CUST_006739,3,Standard,26-35,West,3.8,46.7,3,10.7,7.0,4,1,1,1
CUST_006740,33,Standard,36-45,West,1.3,7.7,1,0.5,6.0,0,0,0,1
CUST_006741,2,Standard,36-45,South,6.5,12.1,2,2.5,1.0,4,1,1,1
CUST_006742,1,Premium,18-25,West,25.6,23.9,14,0.8,0.0,0,0,0,0
CUST_006743,10,Standard,36-45,North,30.0,41.6,13,6.2,1.0,0,0,0,0
CUST_006744,23,Premium,46-55,South,10.8,77.6,12,8.2,1.0,1,0,0,0
CUST_006745,7,Basic,36-45,East,7.5,28.4,5,0.8,0.0,0,1,0,0
CUST_006746,60,Standard,46-55,North,19.6,30.7,10,0.0,0.0,0,0,0,0
CUST_006747,13,Standard,36-45,North,17.9,9.0,12,3.9,1.0,1,0,1,0
CUST_006748,1,Basic,56+,West,12.4,27.4,8,1.3,0.0,0,0,2,0
CUST_006749,59,Standard,26-35,East,5.1,13.7,6,3.5,1.0,0,0,0,0
CUST_006750,6,Basic,18-25,West,,15.9,6,5.7,0.0,4,0,1,1
CUST_006751,4,Standard,26-35,North,6.6,24.8,7,0.0,2.0,0,0,2,0
CUST_006752,9,Standard,36-45,South,8.7,50.7,7,3.0,1.0,0,0,0,0
CUST_006753,4,Basic,26-35,South,10.9,35.6,5,3.3,1.0,0,0,0,0
CUST_006754,1,Basic,26-35,West,11.8,,6,0.0,3.0,1,0,1,0
CUST_006755,1,Standard,36-45,South,4.6,15.2,6,13.3,6.0,2,0,0,1
CUST_006756,7,Standard,26-35,South,2.9,10.6,4,5.7,3.0,2,0,1,1
CUST_006757,21,Basic,36-45,North,0.7,12.0,2,20.8,4.0,0,1,0,1
CUST_006758,10,Premium,46-55,West,19.8,105.1,15,4.7,0.0,0,1,0,0
CUST_006759,60,Standard,46-55,North,8.8,91.0,8,0.7,1.0,0,1,0,0
CUST_006760,4,Standard,26-35,North,8.2,10.7,12,2.9,3.0,0,0,0,0
CUST_006761,3,Basic,36-45,South,6.7,35.2,3,0.1,2.0,0,1,1,0
CUST_006762,2,Premium,26-35,South,45.0,34.9,5,1.0,0.0,0,0,0,0
CUST_006763,2,Basic,46-55,North,20.4,10.6,10,2.9,0.0,2,0,0,0
CUST_006764,4,Standard,46-55,North,13.8,63.3,7,0.1,1.0,1,0,3,0
CUST_006765,18,Standard,26-35,West,11.4,45.7,10,1.3,2.0,0,0,1,0
CUST_006766,28,Basic,18-25,North,9.1,2.6,10,4.4,3.0,0,0,0,0
CUST_006767,44,Standard,26-35,North,1.9,28.5,6,8.2,3.0,2,0,0,1
CUST_006768,3,Basic,26-35,North,6.0,20.3,5,0.0,1.0,0,1,0,0
CUST_006769,25,Standard,36-45,West,18.8,27.0,8,1.0,2.0,1,0,2,0
CUST_006770,4,Standard,36-45,North,8.5,3.5,8,0.5,0.0,1,0,0,0
CUST_006771,1,Premium,26-35,West,31.1,43.8,11,6.6,2.0,1,0,1,0
CUST_006772,24,Premium,36-45,West,13.8,79.3,9,0.1,1.0,1,0,1,0
CUST_006773,12,Standard,56+,South,0.5,7.6,3,19.7,1.0,2,0,0,1
CUST_006774,2,Standard,36-45,South,6.7,7.5,6,12.0,1.0,4,1,1,1
CUST_006775,6,Standard,26-35,East,8.9,70.7,7,5.2,0.0,0,1,1,0
CUST_006776,4,Basic,36-45,East,30.0,19.1,9,0.0,1.0,1,0,0,0
CUST_006777,16,Standard,36-45,West,3.6,4.7,5,0.3,3.0,2,0,0,1
CUST_006778,7,Premium,46-55,West,9.9,9.4,11,5.5,3.0,0,0,2,0
CUST_006779,54,Basic,26-35,South,6.4,21.5,9,2.1,1.0,1,0,1,0
CUST_006780,1,Basic,26-35,East,2.6,5.0,5,11.7,0.0,4,0,1,1
CUST_006781,5,Basic,36-45,North,18.6,42.2,9,4.5,1.0,0,0,0,0
CUST_006782,7,Basic,36-45,East,30.0,20.1,4,3.2,3.0,0,1,0,0
CUST_006783,8,Basic,46-55,East,9.8,55.5,10,0.3,2.0,1,1,0,0
CUST_006784,4,Basic,18-25,North,13.8,45.9,16,4.8,2.0,0,0,0,0
CUST_006785,15,Basic,36-45,North,6.9,,12,0.3,1.0,0,0,0,0
CUST_006786,24,Standard,18-25,North,27.5,38.8,11,4.8,4.0,0,1,0,0
CUST_006787,33,Basic,26-35,South,12.0,14.7,5,0.1,2.0,1,1,0,0
CUST_006788,19,Standard,36-45,West,6.8,28.0,11,1.9,2.0,1,0,0,0
CUST_006789,22,Premium,26-35,East,27.1,11.6,14,4.7,3.0,0,0,1,0
CUST_006790,9,Premium,26-35,East,13.5,46.7,11,0.1,0.0,1,1,0,0
CUST_006791,20,Standard,46-55,North,0.7,26.6,4,5.1,3.0,2,0,0,1
CUST_006792,4,Basic,36-45,North,1.7,15.4,5,19.0,1.0,4,0,2,1
CUST_006793,6,Premium,18-25,North,3.9,87.3,18,3.6,3.0,0,1,1,0
CUST_006794,4,Standard,36-45,South,19.9,22.2,10,6.5,0.0,1,1,0,0
CUST_006795,7,Basic,18-25,East,5.0,32.2,8,0.4,1.0,0,0,2,0
CUST_006796,4,Basic,26-35,West,1.4,11.6,4,3.3,1.0,2,0,0,1
CUST_006797,39,Basic,36-45,South,11.7,7.9,8,2.7,0.0,0,0,0,0
CUST_006798,4,Basic,18-25,East,,39.0,5,0.2,1.0,0,0,1,0
CUST_006799,1,Basic,56+,North,18.3,64.9,7,0.3,4.0,0,1,0,0
CUST_006800,8,Premium,26-35,North,32.7,64.7,14,1.4,0.0,0,0,1,0
CUST_006801,1,Standard,46-55,North,3.6,20.9,2,9.6,0.0,2,1,0,1
CUST_006802,1,Standard,46-55,East,25.2,14.7,7,2.2,5.0,1,0,0,0
CUST_006803,2,Standard,56+,South,19.3,54.3,4,1.5,1.0,0,0,0,0
CUST_006804,7,Standard,26-35,North,0.7,18.5,2,10.1,6.0,2,0,0,1
CUST_006805,6,Premium,46-55,East,19.8,12.0,11,0.3,2.0,0,0,0,0
CUST_006806,19,Premium,56+,East,3.3,13.6,6,4.5,3.0,2,1,1,1
CUST_006807,16,Basic,26-35,North,2.0,17.8,4,5.5,0.0,2,0,0,1
CUST_006808,6,Premium,36-45,East,36.4,21.5,16,2.5,0.0,0,0,1,0
CUST_006809,4,Standard,18-25,West,18.6,37.4,5,0.7,2.0,0,1,0,0
CUST_006810,4,Basic,36-45,South,10.0,6.7,4,13.8,0.0,4,0,0,1
CUST_006811,17,Standard,36-45,East,8.7,79.5,12,1.5,1.0,0,1,0,0
CUST_006812,1,Standard,26-35,North,1.0,16.8,4,17.3,3.0,2,1,0,1
CUST_006813,1,Premium,46-55,West,3.1,17.9,16,0.6,0.0,0,0,0,0
CUST_006814,19,Basic,18-25,West,1.9,7.8,3,1.8,1.0,2,0,1,1
CUST_006815,7,Standard,46-55,South,,10.7,2,0.5,2.0,0,0,0,0
CUST_006816,1,Basic,18-25,North,6.4,51.3,6,10.8,1.0,0,0,0,0
CUST_006817,3,Basic,36-45,South,24.0,12.7,8,0.2,1.0,2,0,0,0
CUST_006818,32,Basic,18-25,South,2.6,8.5,4,3.7,1.0,2,0,0,1
CUST_006819,23,Standard,26-35,North,28.1,83.0,6,1.9,1.0,1,0,0,0
CUST_006820,14,Standard,46-55,East,17.3,28.9,5,1.5,0.0,1,0,2,0
CUST_006821,7,Basic,26-35,North,2.1,13.2,2,6.4,1.0,2,0,0,1
CUST_006822,8,Standard,36-45,North,9.4,15.3,10,5.1,0.0,0,0,0,0
CUST_006823,44,Basic,56+,East,18.4,17.3,7,0.4,1.0,0,0,1,0
CUST_006824,40,Basic,18-25,East,9.9,27.5,1,0.4,2.0,1,0,0,0
CUST_006825,2,Standard,46-55,North,6.5,50.2,4,0.9,2.0,0,0,2,0
CUST_006826,19,Basic,18-25,East,6.2,67.8,8,13.4,0.0,0,0,1,0
CUST_006827,2,Standard,18-25,West,5.1,8.6,9,5.6,2.0,0,1,1,0
CUST_006828,2,Basic,18-25,North,4.9,27.3,7,0.2,1.0,1,0,1,0
CUST_006829,13,Basic,56+,South,7.9,54.4,13,5.6,1.0,1,0,0,0
CUST_006830,6,Standard,26-35,East,3.6,48.5,7,9.0,2.0,0,0,1,0
CUST_006831,32,Standard,46-55,East,6.0,9.4,9,2.9,1.0,0,0,0,0
CUST_006832,1,Basic,56+,North,14.0,16.5,11,3.5,1.0,0,1,1,0
CUST_006833,8,Standard,26-35,North,2.0,24.4,3,5.2,3.0,4,0,0,1
CUST_006834,30,Standard,36-45,West,3.1,12.0,5,1.0,2.0,0,0,1,0
CUST_006835,28,Standard,46-55,West,3.0,17.4,7,0.1,1.0,0,1,1,0
CUST_006836,2,Basic,26-35,West,6.4,68.9,9,0.3,2.0,0,0,0,0
CUST_006837,5,Standard,26-35,West,1.7,13.2,4,13.4,1.0,0,1,0,1
CUST_006838,11,Standard,26-35,East,7.6,32.7,8,1.9,2.0,1,0,0,0
CUST_006839,2,Basic,46-55,West,11.6,24.7,8,0.0,1.0,0,0,1,0
CUST_006840,41,Premium,46-55,East,3.6,11.1,4,5.9,6.0,2,0,0,1
CUST_006841,29,Premium,26-35,West,1.5,22.7,5,4.2,3.0,2,0,1,1
CUST_006842,2,Premium,26-35,North,35.1,15.7,12,0.3,3.0,0,0,0,0
CUST_006843,1,Standard,56+,West,7.3,33.2,15,3.1,0.0,0,1,2,0
CUST_006844,1,Standard,18-25,North,8.5,53.1,10,5.8,2.0,1,0,0,0
CUST_006845,28,Standard,46-55,North,7.3,14.2,3,18.1,6.0,5,0,0,1
CUST_006846,2,Standard,18-25,East,1.5,14.1,4,9.3,1.0,2,1,0,1
CUST_006847,6,Standard,46-55,South,5.1,34.0,12,0.3,1.0,0,0,2,0
CUST_006848,7,Standard,56+,North,8.5,9.2,6,1.4,2.0,0,0,3,0
CUST_006849,10,Basic,26-35,West,11.4,40.4,3,3.6,1.0,0,1,1,0
CUST_006850,1,Basic,18-25,East,7.9,39.9,11,2.8,2.0,0,0,1,0
CUST_006851,3,Premium,36-45,West,14.0,65.0,9,2.2,0.0,1,1,1,0
CUST_006852,32,Basic,26-35,West,3.9,13.1,4,12.3,1.0,2,1,1,1
CUST_006853,28,Standard,26-35,South,7.4,35.3,9,6.8,3.0,0,0,0,0
CUST_006854,18,Premium,36-45,South,1.0,86.6,2,0.1,3.0,1,0,1,0
CUST_006855,1,Standard,26-35,North,12.3,51.2,11,0.7,2.0,0,0,0,0
CUST_006856,4,Premium,26-35,East,3.2,57.6,22,1.9,2.0,1,0,0,0
CUST_006857,11,Standard,46-55,East,27.1,66.8,12,0.5,3.0,0,1,0,0
CUST_006858,3,Basic,36-45,South,5.8,19.3,8,1.3,0.0,1,0,0,0
CUST_006859,28,Standard,26-35,South,3.4,9.1,6,3.4,6.0,2,1,0,1
CUST_006860,12,Basic,36-45,North,4.8,6.4,4,3.0,7.0,2,1,0,1
CUST_006861,1,Basic,46-55,South,20.1,34.2,7,2.6,1.0,0,0,0,0
CUST_006862,28,Basic,36-45,North,8.9,49.6,7,1.4,1.0,1,0,0,0
CUST_006863,37,Basic,26-35,West,1.8,4.7,7,2.6,0.0,0,0,0,0
CUST_006864,1,Basic,18-25,North,3.8,17.4,4,9.5,,4,0,0,1
CUST_006865,9,Basic,46-55,South,1.8,39.3,6,14.0,3.0,2,1,1,1
CUST_006866,4,Standard,46-55,North,3.6,41.5,5,4.4,2.0,0,0,0,0
CUST_006867,5,Standard,36-45,West,3.8,36.5,2,0.7,0.0,1,1,1,0
CUST_006868,2,Basic,18-25,South,11.4,32.1,4,5.8,0.0,0,0,0,0
CUST_006869,10,Basic,36-45,North,12.1,52.3,12,3.9,1.0,0,0,0,0
CUST_006870,38,Standard,46-55,East,7.0,19.8,4,18.4,1.0,2,0,0,1
CUST_006871,8,Standard,26-35,West,2.6,15.4,1,10.2,3.0,2,0,1,1
CUST_006872,1,Premium,26-35,West,13.7,39.6,16,1.0,2.0,2,1,0,0
CUST_006873,11,Basic,36-45,North,12.8,11.9,8,0.1,1.0,0,0,1,0
CUST_006874,4,Premium,46-55,East,36.7,32.2,14,1.3,3.0,1,0,0,0
CUST_006875,23,Standard,18-25,North,1.9,59.6,7,0.4,1.0,0,0,0,0
CUST_006876,6,Standard,36-45,North,,20.7,11,1.7,1.0,0,1,0,0
CUST_006877,2,Basic,36-45,South,1.7,18.2,3,6.3,0.0,2,0,2,1
CUST_006878,2,Basic,36-45,North,11.1,35.2,12,1.8,1.0,0,0,1,0
CUST_006879,17,Basic,36-45,West,2.4,23.2,7,2.6,0.0,0,0,2,0
CUST_006880,3,Basic,36-45,West,9.4,39.7,9,2.5,1.0,1,0,2,0
CUST_006881,17,Standard,18-25,North,2.7,14.8,3,3.9,0.0,2,0,0,1
CUST_006882,2,Standard,26-35,North,1.8,62.1,10,2.7,1.0,0,0,0,0
CUST_006883,4,Standard,36-45,South,5.8,39.1,7,1.0,1.0,1,1,0,0
CUST_006884,7,Standard,18-25,East,3.7,5.5,4,29.0,0.0,0,0,1,1
CUST_006885,34,Standard,36-45,West,21.5,55.3,7,1.7,2.0,3,0,3,0
CUST_006886,32,Basic,36-45,West,8.9,27.6,9,4.8,2.0,0,0,1,0
CUST_006887,2,Premium,26-35,East,8.2,24.8,8,4.6,2.0,0,1,2,0
CUST_006888,5,Standard,36-45,South,3.5,,6,1.4,2.0,0,1,0,0
CUST_006889,1,Basic,36-45,West,21.4,6.0,9,0.7,0.0,0,0,1,0
CUST_006890,8,Basic,26-35,North,6.8,54.7,11,2.1,1.0,1,0,0,0
CUST_006891,7,Standard,36-45,West,17.8,,11,1.4,0.0,0,1,0,0
CUST_006892,27,Standard,56+,North,6.7,37.7,8,1.9,2.0,0,0,0,0
CUST_006893,31,Basic,26-35,East,3.1,20.6,5,15.9,1.0,2,1,2,1
CUST_006894,5,Standard,36-45,North,7.4,21.7,7,2.7,0.0,0,0,0,0
CUST_006895,8,Standard,18-25,South,7.2,33.0,1,5.7,4.0,4,1,0,1
CUST_006896,27,Standard,18-25,East,6.6,40.0,9,3.1,0.0,1,1,0,0
CUST_006897,19,Basic,18-25,East,10.6,59.0,7,0.0,0.0,1,0,0,0
CUST_006898,1,Basic,46-55,West,28.1,32.5,7,4.2,2.0,1,0,1,0
CUST_006899,4,Premium,26-35,East,7.1,85.2,12,2.0,2.0,0,0,1,0
CUST_006900,6,Premium,26-35,South,10.3,15.2,18,3.4,3.0,0,0,1,0
CUST_006901,3,Basic,46-55,West,16.6,23.7,3,1.5,0.0,1,1,1,0
CUST_006902,2,Basic,26-35,West,7.4,15.0,2,0.0,6.0,4,0,1,1
CUST_006903,1,Basic,26-35,North,7.1,49.2,4,2.5,1.0,1,0,1,0
CUST_006904,12,Basic,26-35,West,18.4,20.5,9,1.7,3.0,0,0,0,0
CUST_006905,3,Standard,26-35,West,3.2,2.1,4,6.5,3.0,2,1,0,1
CUST_006906,1,Premium,36-45,East,14.6,71.5,11,1.4,3.0,0,0,0,0
CUST_006907,3,Basic,26-35,South,14.2,49.2,5,2.4,4.0,0,0,0,0
CUST_006908,19,Basic,26-35,East,27.1,26.7,7,0.9,1.0,0,0,2,0
CUST_006909,22,Premium,46-55,South,33.3,31.3,15,3.3,1.0,1,0,1,0
CUST_006910,7,Basic,46-55,East,3.4,12.3,4,1.2,0.0,4,0,0,1
CUST_006911,6,Premium,46-55,East,23.9,34.7,16,4.5,1.0,0,0,1,0
CUST_006912,45,Standard,46-55,West,18.9,31.7,11,0.4,0.0,2,1,0,0
CUST_006913,2,Premium,36-45,East,5.6,67.5,8,1.1,3.0,1,0,0,0
CUST_006914,2,Basic,36-45,North,12.1,43.2,6,0.9,0.0,1,0,1,0
CUST_006915,4,Basic,36-45,East,5.0,6.1,7,2.6,1.0,0,0,0,0
CUST_006916,2,Basic,46-55,South,10.8,9.2,6,1.6,5.0,0,0,0,0
CUST_006917,5,Basic,36-45,South,17.8,32.3,6,2.7,1.0,0,0,0,0
CUST_006918,29,Basic,18-25,South,0.6,22.9,5,1.4,3.0,4,1,0,1
CUST_006919,11,Premium,46-55,North,35.5,12.3,12,1.0,2.0,0,1,0,0
CUST_006920,6,Standard,46-55,West,22.9,55.0,12,1.8,2.0,0,0,2,0
CUST_006921,32,Standard,46-55,East,16.4,23.5,6,1.5,0.0,0,1,0,0
CUST_006922,1,Basic,26-35,West,5.8,12.0,10,0.7,2.0,0,0,0,0
CUST_006923,2,Standard,26-35,South,21.4,15.8,11,0.1,4.0,1,1,0,0
CUST_006924,10,Standard,26-35,East,14.4,45.9,10,4.0,2.0,0,0,0,0
CUST_006925,11,Basic,36-45,East,27.4,65.3,6,0.0,1.0,0,0,0,0
CUST_006926,1,Premium,18-25,South,10.6,20.6,4,2.2,1.0,0,1,2,0
CUST_006927,6,Basic,26-35,West,1.1,6.7,3,3.9,1.0,2,1,2,1
CUST_006928,12,Basic,26-35,South,8.4,41.3,11,6.2,0.0,0,1,0,0
CUST_006929,14,Basic,26-35,East,5.7,16.0,6,7.1,0.0,4,0,0,1
CUST_006930,12,Standard,46-55,North,10.6,48.8,6,0.1,1.0,0,0,0,0
CUST_006931,4,Standard,46-55,South,4.8,32.6,9,0.3,0.0,0,0,0,0
CUST_006932,1,Basic,18-25,West,7.9,17.5,6,3.8,1.0,0,1,0,0
CUST_006933,6,Basic,36-45,West,7.7,20.7,9,0.8,3.0,0,1,1,0
CUST_006934,1,Basic,18-25,East,8.6,21.7,8,0.4,0.0,0,1,1,0
CUST_006935,35,Basic,18-25,West,15.4,36.8,11,1.4,2.0,0,1,0,0
CUST_006936,7,Basic,46-55,South,0.5,23.6,4,17.2,1.0,0,0,1,1
CUST_006937,4,Basic,46-55,East,9.3,58.1,6,1.5,2.0,1,1,0,0
CUST_006938,17,Basic,46-55,South,10.3,79.7,7,3.0,2.0,0,0,0,0
CUST_006939,8,Premium,36-45,East,4.3,31.5,14,0.9,7.0,0,1,2,0
CUST_006940,4,Standard,46-55,South,12.9,30.2,11,4.5,2.0,1,0,1,0
CUST_006941,20,Standard,26-35,South,10.4,32.2,6,1.4,1.0,0,0,0,0
CUST_006942,24,Basic,26-35,West,21.1,57.0,10,5.7,2.0,0,0,1,0
CUST_006943,13,Basic,18-25,North,1.9,25.2,4,8.1,,5,1,2,1
CUST_006944,1,Basic,46-55,North,2.7,35.0,11,0.4,1.0,0,1,2,0
CUST_006945,10,Basic,26-35,North,25.9,13.1,17,0.8,4.0,0,1,0,0
CUST_006946,17,Basic,26-35,South,2.8,22.6,5,1.9,0.0,4,0,0,1
CUST_006947,1,Premium,36-45,South,27.1,27.4,5,1.1,4.0,0,0,0,0
CUST_006948,3,Premium,18-25,North,12.7,43.0,14,4.4,1.0,0,1,0,0
CUST_006949,25,Basic,18-25,East,8.9,42.4,6,1.2,2.0,0,1,0,0
CUST_006950,1,Basic,18-25,East,5.3,44.2,12,2.4,3.0,0,1,1,0
CUST_006951,16,Premium,18-25,West,11.1,21.1,7,5.3,2.0,0,0,1,0
CUST_006952,7,Basic,36-45,West,1.5,17.1,4,0.5,1.0,2,1,0,1
CUST_006953,7,Standard,36-45,East,3.7,21.8,7,1.1,2.0,0,0,1,0
CUST_006954,1,Premium,26-35,North,16.0,20.4,7,10.3,1.0,0,0,0,0
CUST_006955,20,Premium,26-35,North,17.1,40.0,9,6.4,5.0,1,1,0,0
CUST_006956,5,Basic,46-55,West,11.0,34.9,3,4.7,2.0,0,1,0,0
CUST_006957,9,Basic,36-45,East,17.2,22.3,14,0.7,1.0,1,0,1,0
CUST_006958,13,Basic,36-45,North,6.9,12.1,4,10.6,3.0,4,1,1,1
CUST_006959,14,Premium,36-45,South,4.4,52.5,15,9.6,0.0,0,1,0,0
CUST_006960,37,Premium,26-35,West,2.7,88.2,16,3.0,2.0,0,1,3,0
CUST_006961,9,Standard,56+,East,14.6,33.6,13,0.3,0.0,1,0,0,0
CUST_006962,6,Standard,36-45,East,1.5,45.0,2,18.7,0.0,4,0,1,1
CUST_006963,36,Standard,18-25,North,10.1,40.6,6,0.0,3.0,1,0,1,0
CUST_006964,12,Standard,26-35,East,4.3,22.4,5,3.7,0.0,0,1,0,0
CUST_006965,4,Standard,26-35,West,4.8,15.8,10,2.0,1.0,0,0,0,0
CUST_006966,1,Standard,26-35,West,8.2,24.7,6,1.7,2.0,0,0,0,0
CUST_006967,22,Standard,56+,East,2.1,24.6,5,12.4,3.0,2,1,0,1
CUST_006968,5,Basic,46-55,East,6.1,10.4,7,1.3,1.0,0,0,0,0
CUST_006969,12,Standard,26-35,East,8.6,17.6,15,0.4,2.0,0,0,1,0
CUST_006970,7,Basic,26-35,South,16.2,24.0,8,0.6,0.0,0,0,0,0
CUST_006971,2,Basic,46-55,North,17.2,22.3,7,0.9,0.0,0,0,0,0
CUST_006972,11,Standard,26-35,West,16.4,17.6,10,1.7,1.0,0,1,0,0
CUST_006973,1,Standard,36-45,East,5.0,33.5,9,0.8,2.0,0,0,0,0
CUST_006974,6,Premium,36-45,East,5.5,16.7,14,0.3,0.0,0,0,0,0
CUST_006975,9,Basic,36-45,West,5.2,57.5,11,0.5,1.0,1,1,0,0
CUST_006976,6,Standard,46-55,West,4.3,31.6,8,0.5,4.0,0,1,0,0
CUST_006977,16,Basic,46-55,East,17.4,73.4,6,8.5,3.0,0,0,1,0
CUST_006978,21,Premium,56+,North,14.6,47.5,11,1.3,2.0,1,1,2,0
CUST_006979,17,Basic,26-35,South,15.0,44.3,10,1.9,1.0,0,0,1,0
CUST_006980,1,Standard,46-55,West,2.6,31.4,15,5.0,1.0,0,1,0,0
CUST_006981,2,Standard,18-25,South,17.2,42.8,9,2.2,1.0,0,0,1,0
CUST_006982,9,Basic,26-35,West,3.5,43.7,4,0.5,1.0,0,0,0,0
CUST_006983,32,Premium,18-25,North,11.6,59.6,11,4.8,0.0,0,0,0,0
CUST_006984,21,Premium,36-45,East,17.0,23.9,9,3.5,1.0,0,0,1,0
CUST_006985,22,Basic,18-25,East,14.2,18.0,11,9.4,2.0,0,1,0,0
CUST_006986,4,Basic,46-55,South,10.3,43.1,12,0.9,2.0,1,0,0,0
CUST_006987,6,Basic,36-45,West,4.9,8.4,3,1.0,3.0,5,0,0,1
CUST_006988,7,Basic,18-25,East,3.5,23.2,6,3.0,1.0,0,0,0,0
CUST_006989,2,Premium,46-55,North,7.0,3.6,16,0.5,0.0,0,0,0,0
CUST_006990,1,Premium,46-55,South,9.5,23.6,18,4.9,1.0,1,1,1,0
CUST_006991,35,Basic,36-45,East,12.5,7.4,8,1.9,3.0,0,0,0,0
CUST_006992,3,Basic,18-25,South,2.4,9.5,2,21.4,4.0,0,0,0,1
CUST_006993,3,Standard,46-55,West,7.2,15.6,3,1.1,1.0,4,0,0,1
CUST_006994,1,Basic,46-55,North,11.8,14.1,9,4.3,2.0,0,0,1,0
CUST_006995,31,Basic,26-35,South,5.0,9.8,5,1.6,6.0,2,1,0,1
CUST_006996,10,Basic,26-35,North,5.1,68.2,3,1.3,3.0,1,0,0,0
CUST_006997,13,Standard,36-45,North,8.8,54.3,10,1.8,2.0,0,1,0,0
CUST_006998,29,Standard,46-55,South,1.6,52.8,7,1.0,1.0,0,1,2,0
CUST_006999,5,Standard,26-35,West,7.6,36.4,8,4.1,0.0,0,1,0,0
CUST_007000,11,Basic,18-25,North,0.6,24.5,8,1.3,1.0,0,1,0,0
CUST_007001,1,Standard,46-55,North,8.7,40.7,13,1.6,2.0,0,0,0,0
CUST_007002,2,Standard,18-25,South,9.8,20.9,6,2.4,0.0,0,0,1,0
CUST_007003,21,Premium,56+,East,11.0,57.6,5,2.7,0.0,0,0,0,0
CUST_007004,17,Basic,26-35,East,1.7,9.0,1,5.8,3.0,2,0,1,1
CUST_007005,5,Premium,36-45,West,25.2,22.4,14,3.2,0.0,2,1,0,0
CUST_007006,5,Premium,18-25,North,13.6,24.9,8,2.4,1.0,1,0,1,0
CUST_007007,9,Basic,56+,East,3.7,8.0,3,4.9,3.0,2,1,1,1
CUST_007008,1,Basic,46-55,East,6.0,47.4,10,2.6,2.0,1,1,1,0
CUST_007009,3,Premium,56+,East,1.4,26.7,4,16.5,4.0,0,0,0,1
CUST_007010,2,Standard,36-45,South,4.7,16.6,8,0.6,1.0,0,1,0,0
CUST_007011,3,Premium,26-35,West,13.4,94.6,9,2.6,1.0,0,0,0,0
CUST_007012,19,Standard,26-35,South,7.2,6.0,4,30.4,1.0,0,1,1,1
CUST_007013,3,Standard,36-45,North,2.5,18.5,4,18.5,3.0,0,0,0,1
CUST_007014,2,Basic,36-45,South,17.4,28.2,7,4.6,1.0,1,0,0,0
CUST_007015,8,Basic,56+,South,4.3,20.3,4,2.1,1.0,4,0,1,1
CUST_007016,24,Premium,26-35,North,38.3,16.4,21,4.6,,1,0,1,0
CUST_007017,3,Basic,46-55,East,14.9,32.2,11,13.5,2.0,0,0,0,0
CUST_007018,1,Basic,56+,West,24.3,37.3,10,5.7,1.0,1,1,0,0
CUST_007019,5,Standard,26-35,East,9.7,15.0,8,0.8,1.0,1,0,1,0
CUST_007020,16,Standard,46-55,South,5.0,17.2,9,1.9,1.0,0,0,1,0
CUST_007021,9,Basic,26-35,West,6.9,14.5,6,3.4,0.0,0,1,2,0
CUST_007022,20,Basic,46-55,East,,20.7,6,0.2,1.0,1,0,1,0
CUST_007023,38,Basic,26-35,South,8.2,21.2,16,8.9,0.0,0,0,1,0
CUST_007024,18,Basic,26-35,East,6.2,21.8,8,1.3,2.0,0,0,0,0
CUST_007025,11,Standard,18-25,East,20.3,55.0,7,2.2,4.0,0,0,2,0
CUST_007026,8,Basic,56+,North,18.7,9.5,13,2.9,1.0,0,0,1,0
CUST_007027,1,Premium,46-55,South,6.3,5.4,15,0.7,0.0,1,1,0,0
CUST_007028,49,Standard,18-25,North,11.2,17.8,5,1.0,3.0,0,0,0,0
CUST_007029,5,Standard,56+,West,20.2,5.2,10,1.3,0.0,0,0,0,0
CUST_007030,1,Basic,36-45,North,4.2,21.7,4,4.0,1.0,0,1,0,0
CUST_007031,13,Standard,46-55,North,3.0,44.9,13,5.0,0.0,0,1,1,0
CUST_007032,4,Basic,18-25,South,6.3,,7,4.1,2.0,0,0,0,0
CUST_007033,10,Basic,26-35,West,1.1,6.7,6,12.8,1.0,0,1,0,1
CUST_007034,10,Standard,36-45,South,20.1,25.1,11,0.1,2.0,0,0,0,0
CUST_007035,7,Basic,18-25,West,10.1,53.4,12,0.8,3.0,0,0,3,0
CUST_007036,21,Standard,36-45,East,0.7,17.0,4,7.5,3.0,2,0,2,1
CUST_007037,3,Basic,26-35,East,9.5,53.1,6,2.8,0.0,1,0,0,0
CUST_007038,7,Basic,26-35,West,20.4,16.4,8,9.5,1.0,1,0,2,0
CUST_007039,9,Premium,26-35,North,11.7,64.2,14,1.1,4.0,0,0,2,0
CUST_007040,13,Standard,56+,West,7.9,18.9,17,1.0,1.0,1,1,1,0
CUST_007041,18,Standard,26-35,West,12.6,20.2,6,10.6,1.0,0,0,2,0
CUST_007042,6,Standard,26-35,West,13.8,18.1,9,3.9,0.0,0,0,3,0
CUST_007043,12,Basic,36-45,West,6.9,32.7,9,3.2,1.0,1,0,0,0
CUST_007044,1,Standard,36-45,West,18.2,11.8,5,2.4,4.0,0,0,2,0
CUST_007045,32,Basic,46-55,North,3.9,24.1,5,0.6,3.0,0,0,0,0
CUST_007046,5,Standard,46-55,South,5.8,72.8,11,5.1,0.0,1,0,0,0
CUST_007047,15,Standard,18-25,South,5.4,20.9,7,2.4,2.0,0,0,0,0
CUST_007048,1,Premium,26-35,North,18.3,30.6,11,1.4,2.0,2,0,0,0
CUST_007049,2,Standard,46-55,East,22.0,48.7,4,0.7,3.0,0,0,0,0
CUST_007050,8,Basic,56+,North,17.0,23.5,9,0.1,0.0,0,1,0,0
CUST_007051,25,Standard,36-45,North,4.5,38.8,11,11.3,0.0,0,0,0,0
CUST_007052,8,Basic,18-25,West,30.0,6.3,14,3.2,1.0,1,1,0,0
CUST_007053,31,Basic,26-35,West,1.6,17.1,2,9.0,3.0,2,0,2,1
CUST_007054,7,Basic,18-25,West,3.3,34.7,18,4.4,2.0,0,0,1,0
CUST_007055,8,Standard,46-55,West,3.5,31.0,7,0.5,3.0,0,0,0,0
CUST_007056,1,Basic,18-25,East,2.5,11.6,5,23.3,6.0,0,0,0,1
CUST_007057,19,Basic,26-35,West,14.9,17.7,8,6.6,2.0,0,0,1,0
CUST_007058,3,Premium,26-35,South,22.1,35.6,16,3.4,0.0,0,0,0,0
CUST_007059,27,Standard,36-45,West,3.4,41.6,11,3.2,1.0,0,0,0,0
CUST_007060,29,Basic,26-35,North,3.9,17.6,12,1.8,0.0,0,0,0,0
CUST_007061,34,Basic,36-45,West,12.6,20.0,8,3.2,1.0,0,0,0,0
CUST_007062,8,Standard,46-55,East,4.5,26.7,6,2.4,3.0,0,0,1,0
CUST_007063,13,Premium,26-35,East,5.4,44.3,16,0.7,2.0,0,0,0,0
CUST_007064,18,Basic,36-45,East,19.2,10.9,9,2.3,0.0,1,0,0,0
CUST_007065,1,Standard,26-35,West,0.1,5.1,4,8.9,0.0,2,0,0,1
CUST_007066,11,Standard,26-35,West,12.2,30.8,10,0.3,1.0,0,0,0,0
CUST_007067,1,Standard,36-45,North,12.1,22.2,5,2.7,0.0,0,0,0,0
CUST_007068,8,Premium,36-45,North,17.4,34.1,12,5.3,0.0,0,1,2,0
CUST_007069,2,Standard,46-55,North,2.9,2.5,3,2.1,0.0,2,1,0,1
CUST_007070,2,Premium,36-45,North,7.4,33.5,12,1.3,2.0,1,0,0,0
CUST_007071,5,Basic,46-55,South,18.6,39.4,7,3.9,0.0,0,0,1,0
CUST_007072,6,Standard,26-35,East,21.9,15.7,9,1.1,1.0,0,0,1,0
CUST_007073,11,Standard,36-45,South,5.5,26.9,12,0.7,0.0,0,1,0,0
CUST_007074,1,Basic,36-45,West,2.1,21.7,4,1.1,1.0,4,0,1,1
CUST_007075,8,Standard,26-35,South,0.2,67.8,9,3.2,0.0,1,0,0,0
CUST_007076,2,Basic,26-35,East,17.4,18.0,14,1.0,4.0,0,1,0,0
CUST_007077,10,Basic,36-45,North,11.6,21.8,10,2.0,4.0,0,0,1,0
CUST_007078,12,Basic,18-25,West,13.7,24.7,7,5.6,0.0,1,0,0,0
CUST_007079,9,Standard,26-35,West,12.3,23.4,6,5.6,1.0,0,0,0,0
CUST_007080,16,Premium,36-45,South,5.2,17.1,7,21.0,1.0,5,1,1,1
CUST_007081,4,Basic,56+,South,10.6,9.1,8,3.0,0.0,1,0,0,0
CUST_007082,17,Standard,46-55,North,10.9,25.5,11,3.9,2.0,0,0,0,0
CUST_007083,6,Basic,26-35,West,20.3,25.5,7,6.2,1.0,1,1,0,0
CUST_007084,7,Premium,36-45,East,30.2,9.0,12,4.0,2.0,0,0,0,0
CUST_007085,12,Standard,18-25,East,2.5,8.7,7,3.3,1.0,0,0,1,0
CUST_007086,1,Standard,26-35,North,0.5,3.0,6,1.7,1.0,2,0,0,1
CUST_007087,12,Standard,46-55,North,0.8,23.9,4,4.2,1.0,2,0,0,1
CUST_007088,11,Basic,18-25,North,6.1,47.0,7,4.8,0.0,0,0,1,0
CUST_007089,4,Standard,26-35,North,21.4,33.1,8,0.9,0.0,0,1,0,0
CUST_007090,1,Premium,56+,North,17.5,64.9,4,0.5,0.0,1,1,3,0
CUST_007091,1,Basic,46-55,North,14.4,17.9,6,2.1,0.0,0,0,0,0
CUST_007092,30,Standard,46-55,East,3.7,4.0,3,12.1,4.0,0,0,0,1
CUST_007093,14,Premium,46-55,South,2.8,55.6,11,4.6,2.0,0,0,0,0
CUST_007094,1,Basic,46-55,South,21.0,16.4,7,0.4,2.0,1,0,1,0
CUST_007095,5,Premium,18-25,East,34.1,16.4,12,0.9,2.0,1,0,0,0
CUST_007096,10,Premium,36-45,East,4.5,38.7,2,15.9,1.0,4,0,0,1
CUST_007097,21,Standard,26-35,East,3.1,,11,6.4,1.0,0,1,0,0
CUST_007098,1,Basic,26-35,South,6.9,46.6,6,5.9,2.0,0,1,0,0
CUST_007099,3,Basic,46-55,West,17.6,51.6,12,0.9,3.0,0,0,0,0
CUST_007100,26,Basic,36-45,West,10.1,15.9,8,2.9,1.0,0,0,1,0
CUST_007101,1,Standard,18-25,South,7.5,35.6,11,1.8,2.0,1,0,1,0
CUST_007102,2,Standard,26-35,North,16.4,37.1,6,3.4,1.0,1,1,3,0
CUST_007103,38,Standard,26-35,West,4.7,26.5,2,9.7,1.0,4,1,1,1
CUST_007104,11,Basic,46-55,West,2.3,12.1,4,2.4,3.0,2,0,1,1
CUST_007105,3,Basic,36-45,North,10.3,9.3,7,0.1,1.0,0,1,1,0
CUST_007106,1,Standard,36-45,North,1.1,8.8,6,0.4,1.0,0,0,0,0
CUST_007107,1,Standard,36-45,West,30.0,26.1,12,5.6,2.0,0,0,0,0
CUST_007108,3,Premium,36-45,South,21.3,23.9,15,3.7,0.0,0,1,2,0
CUST_007109,25,Standard,46-55,West,0.7,22.2,2,16.2,1.0,2,0,0,1
CUST_007110,6,Standard,36-45,North,6.0,31.9,7,4.9,1.0,0,0,0,0
CUST_007111,15,Standard,56+,West,5.7,3.8,3,2.9,4.0,2,0,0,1
CUST_007112,30,Standard,56+,North,11.8,54.9,9,2.3,3.0,1,0,0,0
CUST_007113,6,Basic,56+,South,13.9,28.9,10,2.3,1.0,0,0,0,0
CUST_007114,2,Premium,36-45,West,10.7,21.1,5,0.3,3.0,0,1,0,0
CUST_007115,8,Standard,56+,North,27.9,37.4,6,2.1,2.0,0,0,0,0
CUST_007116,28,Basic,26-35,North,30.0,15.9,3,0.4,1.0,0,1,0,0
CUST_007117,19,Basic,46-55,West,17.4,33.7,9,1.2,2.0,1,0,0,0
CUST_007118,1,Basic,56+,North,5.1,4.7,1,19.5,7.0,2,1,0,1
CUST_007119,14,Standard,56+,North,1.5,11.1,6,1.3,1.0,2,0,1,1
CUST_007120,10,Basic,46-55,South,9.6,41.4,8,1.0,1.0,0,0,0,0
CUST_007121,28,Basic,26-35,East,30.0,32.4,9,0.7,1.0,1,1,0,0
CUST_007122,1,Standard,26-35,East,10.8,15.9,6,2.6,0.0,0,0,0,0
CUST_007123,9,Basic,26-35,West,4.9,15.7,3,11.9,3.0,2,0,0,1
CUST_007124,25,Standard,46-55,East,8.4,18.7,10,4.5,0.0,0,0,1,0
CUST_007125,6,Basic,26-35,South,4.9,38.8,9,5.1,3.0,0,1,1,0
CUST_007126,7,Standard,36-45,South,4.5,28.8,15,0.5,0.0,0,0,0,0
CUST_007127,1,Basic,36-45,West,15.7,10.4,9,4.4,2.0,1,1,0,0
CUST_007128,3,Basic,36-45,East,13.6,41.8,11,0.4,2.0,1,1,0,0
CUST_007129,4,Basic,56+,West,2.4,58.7,7,1.3,1.0,0,0,0,0
CUST_007130,34,Standard,36-45,West,23.6,20.8,9,0.4,1.0,0,0,0,0
CUST_007131,3,Standard,46-55,South,7.1,9.5,2,20.2,1.0,4,0,0,1
CUST_007132,7,Basic,36-45,East,30.0,9.1,6,1.0,1.0,0,0,0,0
CUST_007133,13,Standard,46-55,East,4.9,18.8,5,1.0,1.0,0,1,2,0
CUST_007134,2,Basic,26-35,North,8.2,2.1,2,16.4,3.0,2,0,0,1
CUST_007135,7,Premium,26-35,North,5.5,,11,5.4,1.0,0,1,2,0
CUST_007136,16,Premium,56+,West,1.6,45.8,11,1.9,1.0,0,0,0,0
CUST_007137,24,Standard,36-45,East,16.6,11.8,6,1.0,1.0,0,0,0,0
CUST_007138,11,Standard,36-45,East,3.6,12.4,7,1.1,2.0,0,0,0,0
CUST_007139,13,Standard,36-45,East,12.2,33.6,10,0.7,0.0,0,0,1,0
CUST_007140,1,Standard,26-35,West,5.4,2.8,1,5.3,4.0,2,0,2,1
CUST_007141,34,Standard,36-45,North,6.6,8.9,10,0.4,1.0,0,0,0,0
CUST_007142,1,Premium,18-25,East,5.4,76.1,11,0.4,3.0,1,0,0,0
CUST_007143,17,Standard,36-45,South,15.6,5.2,9,0.6,1.0,0,0,0,0
CUST_007144,3,Standard,36-45,West,8.4,32.9,7,0.3,1.0,0,1,0,0
CUST_007145,32,Standard,36-45,East,0.3,10.8,3,7.0,4.0,5,0,0,1
CUST_007146,15,Standard,36-45,West,9.6,,8,0.1,1.0,1,0,1,0
CUST_007147,16,Standard,56+,South,0.9,17.5,5,0.8,3.0,2,0,2,1
CUST_007148,2,Basic,36-45,West,6.3,6.7,7,3.2,3.0,0,0,0,0
CUST_007149,7,Basic,46-55,West,9.3,30.5,10,6.2,0.0,0,0,0,0
CUST_007150,11,Basic,36-45,East,0.0,6.3,2,1.7,4.0,0,0,0,1
CUST_007151,17,Standard,36-45,South,2.4,10.2,4,14.4,4.0,0,1,0,1
CUST_007152,1,Basic,18-25,South,7.1,43.3,8,0.7,3.0,1,0,0,0
CUST_007153,39,Premium,18-25,West,21.8,54.0,15,4.6,0.0,2,1,0,0
CUST_007154,26,Standard,36-45,East,18.3,7.3,7,4.4,1.0,0,0,0,0
CUST_007155,3,Standard,26-35,South,5.7,9.7,3,3.7,9.0,2,0,0,1
CUST_007156,20,Basic,46-55,East,20.7,9.6,7,0.1,2.0,1,0,0,0
CUST_007157,8,Standard,36-45,East,13.7,31.1,4,2.7,2.0,0,0,1,0
CUST_007158,7,Standard,46-55,North,1.6,84.7,6,1.0,2.0,1,0,1,0
CUST_007159,4,Standard,56+,North,15.6,52.4,11,3.3,1.0,2,1,1,0
CUST_007160,10,Basic,18-25,North,1.2,16.5,3,4.2,0.0,4,1,0,1
CUST_007161,15,Standard,26-35,North,17.6,,7,1.1,1.0,1,0,0,0
CUST_007162,6,Standard,36-45,South,16.5,17.0,10,1.7,1.0,1,0,1,0
CUST_007163,11,Standard,26-35,West,10.4,10.7,6,2.0,0.0,1,0,0,0
CUST_007164,14,Premium,26-35,South,12.6,28.8,12,0.8,3.0,1,0,1,0
CUST_007165,14,Premium,46-55,North,5.9,17.8,9,4.2,6.0,4,0,0,1
CUST_007166,1,Premium,56+,South,21.6,60.5,14,9.9,3.0,1,0,1,0
CUST_007167,23,Standard,46-55,West,5.5,11.7,11,4.2,1.0,0,0,1,0
CUST_007168,7,Premium,36-45,South,8.8,32.1,12,5.2,1.0,0,0,1,0
CUST_007169,3,Standard,26-35,West,8.5,32.7,9,0.0,2.0,0,1,1,0
CUST_007170,3,Basic,36-45,North,2.0,15.9,1,5.1,3.0,2,0,2,1
CUST_007171,7,Basic,36-45,North,4.0,8.9,0,2.2,4.0,2,0,0,1
CUST_007172,26,Basic,36-45,East,19.3,45.8,14,3.7,,0,0,0,0
CUST_007173,5,Basic,26-35,East,3.0,54.1,9,2.4,1.0,0,1,1,0
CUST_007174,16,Basic,56+,West,0.6,27.4,6,4.7,0.0,0,1,1,0
CUST_007175,1,Basic,46-55,West,4.0,34.6,7,0.5,1.0,0,1,0,0
CUST_007176,7,Standard,36-45,South,7.0,7.0,4,18.3,6.0,4,0,0,1
CUST_007177,57,Basic,56+,East,5.1,10.8,3,4.0,3.0,2,0,0,1
CUST_007178,17,Basic,26-35,East,2.3,29.3,5,0.5,2.0,0,1,0,0
CUST_007179,2,Standard,18-25,West,12.0,42.5,6,3.3,1.0,1,0,1,0
CUST_007180,8,Standard,46-55,South,10.4,38.3,8,5.6,1.0,1,0,0,0
CUST_007181,3,Premium,56+,North,28.0,21.8,5,5.4,1.0,1,1,1,0
CUST_007182,6,Standard,36-45,East,13.8,,11,1.9,1.0,1,0,0,0
CUST_007183,18,Basic,18-25,West,17.6,28.3,5,3.9,1.0,0,0,0,0
CUST_007184,17,Basic,46-55,North,3.6,73.9,12,4.7,1.0,0,1,0,0
CUST_007185,3,Basic,18-25,North,1.2,20.1,4,1.5,3.0,2,0,1,1
CUST_007186,30,Basic,36-45,South,2.6,12.4,3,27.6,0.0,5,0,0,1
CUST_007187,10,Basic,26-35,West,5.3,20.9,8,0.7,1.0,0,0,0,0
CUST_007188,5,Premium,56+,South,10.6,36.5,7,0.4,1.0,0,0,0,0
CUST_007189,8,Basic,36-45,North,1.5,17.9,4,9.7,1.0,2,1,0,1
CUST_007190,11,Basic,46-55,East,2.2,11.3,3,13.5,0.0,2,0,0,1
CUST_007191,9,Basic,26-35,North,27.1,32.3,9,1.8,2.0,1,0,2,0
CUST_007192,7,Standard,26-35,North,9.9,29.9,8,2.6,1.0,1,0,2,0
CUST_007193,8,Basic,56+,South,8.8,5.8,12,0.2,2.0,0,0,1,0
CUST_007194,2,Basic,26-35,South,11.9,22.3,9,1.7,2.0,0,1,1,0
CUST_007195,20,Basic,36-45,South,2.7,65.4,7,3.4,1.0,0,1,1,0
CUST_007196,9,Basic,26-35,North,1.0,6.1,5,13.2,1.0,0,1,1,1
CUST_007197,1,Basic,46-55,South,4.3,3.7,5,2.4,0.0,4,1,0,1
CUST_007198,17,Standard,18-25,West,1.7,11.2,4,2.3,0.0,0,0,0,0
CUST_007199,32,Basic,26-35,South,3.5,33.8,4,0.2,2.0,0,0,0,0
CUST_007200,35,Standard,36-45,East,0.9,12.6,6,0.5,0.0,0,0,0,0
CUST_007201,5,Standard,26-35,North,16.2,21.1,10,0.4,0.0,1,1,2,0
CUST_007202,1,Standard,18-25,North,10.4,6.0,13,3.1,2.0,0,1,0,0
CUST_007203,8,Basic,46-55,West,5.1,11.9,9,2.8,2.0,0,0,0,0
CUST_007204,1,Basic,36-45,South,30.0,16.6,8,1.3,3.0,1,0,0,0
CUST_007205,32,Basic,18-25,South,17.3,18.9,10,2.4,2.0,0,0,1,0
CUST_007206,2,Standard,36-45,West,9.4,25.6,8,4.1,2.0,1,1,2,0
CUST_007207,3,Standard,56+,East,20.1,15.5,9,3.0,3.0,0,0,0,0
CUST_007208,6,Basic,18-25,West,7.5,31.5,10,0.0,1.0,1,0,0,0
CUST_007209,5,Standard,36-45,East,10.0,55.6,9,0.5,1.0,0,0,1,0
CUST_007210,18,Standard,46-55,North,4.5,,2,6.2,1.0,2,0,0,1
CUST_007211,7,Standard,18-25,West,3.3,13.3,5,16.4,1.0,4,0,0,1
CUST_007212,2,Basic,18-25,West,6.9,66.1,9,6.9,0.0,0,1,0,0
CUST_007213,3,Standard,36-45,North,30.0,10.3,9,0.7,5.0,1,0,0,0
CUST_007214,8,Basic,46-55,West,12.3,39.6,6,0.7,2.0,0,1,0,0
CUST_007215,1,Standard,26-35,South,21.1,29.5,11,0.6,0.0,2,0,0,0
CUST_007216,11,Basic,46-55,East,3.2,10.7,8,2.2,1.0,0,0,1,0
CUST_007217,10,Basic,36-45,North,3.0,17.7,5,8.4,3.0,2,0,1,1
CUST_007218,15,Premium,26-35,East,4.6,36.7,9,5.1,0.0,1,1,3,0
CUST_007219,33,Standard,36-45,North,17.3,,7,16.1,1.0,0,1,0,0
CUST_007220,29,Basic,56+,East,18.6,33.7,5,2.4,1.0,0,0,1,0
CUST_007221,35,Basic,26-35,North,11.8,24.4,7,0.0,3.0,0,1,0,0
CUST_007222,3,Standard,36-45,South,30.0,44.7,9,0.5,1.0,0,0,1,0
CUST_007223,1,Premium,36-45,East,27.3,73.7,15,3.1,2.0,1,1,0,0
CUST_007224,4,Standard,18-25,West,4.6,11.2,5,7.7,1.0,4,0,1,1
CUST_007225,27,Premium,18-25,North,13.1,28.7,14,3.5,0.0,0,0,0,0
CUST_007226,42,Basic,18-25,West,12.2,82.2,4,3.9,1.0,0,1,0,0
CUST_007227,23,Standard,26-35,South,19.0,21.1,11,7.2,0.0,0,1,0,0
CUST_007228,1,Standard,18-25,West,13.0,49.6,7,2.6,0.0,0,0,0,0
CUST_007229,35,Standard,46-55,East,2.9,2.5,2,6.4,4.0,0,0,0,1
CUST_007230,6,Basic,56+,West,2.9,19.4,5,10.9,4.0,2,0,0,1
CUST_007231,1,Standard,18-25,East,10.9,40.4,7,1.7,1.0,0,0,0,0
CUST_007232,7,Standard,26-35,East,5.2,24.1,7,1.6,1.0,0,0,1,0
CUST_007233,1,Standard,18-25,South,22.7,15.7,6,1.4,5.0,1,0,0,0
CUST_007234,9,Standard,18-25,West,11.0,39.5,7,2.5,1.0,0,0,1,0
CUST_007235,4,Standard,26-35,West,2.5,13.3,11,0.1,3.0,0,1,0,0
CUST_007236,7,Standard,26-35,South,8.2,,13,8.1,1.0,0,0,0,0
CUST_007237,11,Basic,56+,North,9.2,48.2,10,1.0,2.0,0,0,1,0
CUST_007238,24,Basic,26-35,West,18.5,14.9,11,1.3,4.0,0,0,1,0
CUST_007239,13,Standard,36-45,West,8.4,64.0,9,11.9,2.0,0,0,0,0
CUST_007240,6,Premium,26-35,South,45.0,16.0,14,6.9,1.0,0,1,0,0
CUST_007241,20,Basic,18-25,West,13.7,29.3,8,5.4,5.0,0,1,0,0
CUST_007242,28,Standard,46-55,North,1.2,31.0,2,25.4,3.0,2,0,1,1
CUST_007243,1,Basic,18-25,West,3.4,3.5,4,4.4,3.0,2,0,0,1
CUST_007244,9,Basic,56+,East,5.5,16.1,10,1.4,0.0,1,0,1,0
CUST_007245,4,Standard,18-25,South,9.2,28.1,9,0.4,3.0,0,0,0,0
CUST_007246,1,Standard,36-45,South,28.2,11.3,13,4.0,0.0,1,0,0,0
CUST_007247,13,Basic,56+,East,4.4,30.3,9,1.5,1.0,0,0,1,0
CUST_007248,23,Standard,18-25,East,0.7,9.9,3,5.1,1.0,2,1,0,1
CUST_007249,2,Standard,26-35,West,3.6,11.1,2,1.1,3.0,4,0,0,1
CUST_007250,20,Premium,46-55,West,7.8,34.4,16,0.8,0.0,0,0,0,0
CUST_007251,23,Basic,18-25,East,11.9,26.5,7,2.1,4.0,0,0,0,0
CUST_007252,29,Standard,36-45,West,0.4,,4,7.9,0.0,2,0,0,1
CUST_007253,3,Basic,18-25,East,19.9,14.0,9,1.2,2.0,1,0,0,0
CUST_007254,28,Basic,26-35,West,5.4,21.4,4,18.2,0.0,2,0,0,1
CUST_007255,4,Standard,26-35,West,10.9,16.1,17,4.4,1.0,1,0,1,0
CUST_007256,9,Standard,56+,West,8.8,33.5,9,0.7,0.0,1,0,0,0
CUST_007257,1,Basic,26-35,North,2.0,35.2,1,3.4,2.0,0,0,2,0
CUST_007258,1,Premium,18-25,East,13.6,19.8,8,2.6,1.0,1,0,0,0
CUST_007259,15,Standard,36-45,South,5.7,43.5,6,1.5,2.0,0,1,1,0
CUST_007260,7,Standard,26-35,South,0.7,,1,2.6,3.0,0,0,1,1
CUST_007261,3,Standard,26-35,South,4.9,38.1,9,4.0,1.0,0,0,1,0
CUST_007262,2,Basic,18-25,West,16.5,29.0,9,1.5,2.0,2,0,1,0
CUST_007263,13,Standard,46-55,South,15.1,19.3,17,4.1,2.0,0,0,0,0
CUST_007264,1,Basic,36-45,South,14.2,89.3,11,1.3,0.0,0,0,0,0
CUST_007265,19,Premium,26-35,North,18.7,76.9,9,2.5,0.0,0,0,0,0
CUST_007266,1,Basic,26-35,South,12.4,29.1,5,0.8,1.0,0,0,0,0
CUST_007267,2,Basic,36-45,East,17.2,38.4,6,0.5,1.0,0,0,1,0
CUST_007268,5,Standard,46-55,North,6.2,16.2,6,2.2,2.0,0,0,1,0
CUST_007269,7,Basic,26-35,North,13.8,17.9,9,0.5,1.0,0,0,2,0
CUST_007270,5,Basic,18-25,East,15.0,17.4,6,5.0,0.0,1,0,0,0
CUST_007271,4,Basic,26-35,North,22.8,7.5,8,4.6,0.0,0,0,1,0
CUST_007272,39,Premium,36-45,North,28.1,12.2,15,4.5,2.0,0,0,2,0
CUST_007273,12,Standard,56+,West,23.0,11.3,8,2.7,4.0,1,1,1,0
CUST_007274,1,Basic,18-25,West,11.5,17.3,9,0.1,3.0,0,0,1,0
CUST_007275,6,Basic,26-35,South,22.4,,9,1.4,3.0,0,0,0,0
CUST_007276,24,Basic,18-25,South,3.7,12.1,5,7.7,0.0,2,1,0,1
CUST_007277,4,Standard,26-35,West,1.2,16.0,3,9.7,1.0,2,0,1,1
CUST_007278,1,Standard,26-35,North,16.8,59.1,5,0.5,2.0,0,1,0,0
CUST_007279,17,Basic,56+,East,8.1,13.7,9,1.1,1.0,0,0,0,0
CUST_007280,11,Basic,18-25,East,5.5,30.9,10,2.4,2.0,0,0,0,0
CUST_007281,10,Basic,46-55,West,16.1,35.0,10,5.9,1.0,0,1,0,0
CUST_007282,1,Basic,26-35,West,9.9,15.3,7,0.1,3.0,0,0,3,0
CUST_007283,1,Basic,46-55,South,2.3,17.9,2,18.9,1.0,2,0,0,1
CUST_007284,11,Standard,36-45,South,4.9,32.9,10,6.7,2.0,0,0,0,0
CUST_007285,2,Basic,18-25,East,7.4,53.9,10,0.8,1.0,1,0,1,0
CUST_007286,8,Standard,56+,West,12.5,31.0,7,0.6,0.0,0,0,0,0
CUST_007287,9,Standard,18-25,West,6.1,39.7,4,2.3,1.0,0,0,0,0
CUST_007288,4,Basic,36-45,East,3.4,14.1,3,10.7,7.0,0,1,1,1
CUST_007289,35,Standard,46-55,West,16.8,38.6,10,2.8,2.0,1,0,0,0
CUST_007290,22,Standard,18-25,North,12.0,28.5,7,1.3,2.0,0,0,0,0
CUST_007291,15,Basic,36-45,South,2.8,47.6,10,0.9,2.0,0,0,1,0
CUST_007292,1,Standard,46-55,North,2.4,13.9,3,7.5,3.0,2,0,0,1
CUST_007293,1,Basic,56+,North,5.3,31.9,8,1.4,2.0,0,1,1,0
CUST_007294,8,Premium,46-55,East,10.9,49.8,14,7.8,3.0,0,0,0,0
CUST_007295,2,Standard,26-35,West,10.4,10.4,7,3.5,0.0,0,1,1,0
CUST_007296,45,Standard,36-45,East,11.2,9.4,9,2.5,0.0,1,0,1,0
CUST_007297,2,Premium,46-55,East,13.1,17.8,12,0.0,2.0,1,0,2,0
CUST_007298,8,Standard,36-45,North,16.0,13.6,5,13.0,0.0,0,1,2,0
CUST_007299,5,Standard,46-55,East,6.4,11.5,13,0.9,0.0,0,1,1,0
CUST_007300,12,Standard,18-25,South,3.8,14.0,2,4.4,1.0,4,0,0,1
CUST_007301,1,Basic,18-25,East,5.4,51.0,3,1.0,1.0,0,0,1,0
CUST_007302,6,Standard,36-45,South,15.8,48.0,7,0.1,1.0,1,1,0,0
CUST_007303,3,Basic,56+,East,3.5,41.8,7,0.7,0.0,1,1,0,0
CUST_007304,26,Basic,36-45,South,6.7,38.4,12,7.3,2.0,0,0,1,0
CUST_007305,1,Standard,56+,East,19.5,9.2,12,1.3,2.0,0,1,1,0
CUST_007306,29,Basic,56+,North,8.0,,10,0.4,2.0,1,0,0,0
CUST_007307,21,Basic,56+,South,0.7,20.7,6,0.2,3.0,0,1,0,0
CUST_007308,4,Standard,56+,South,,17.8,4,3.6,0.0,2,1,0,1
CUST_007309,18,Basic,46-55,East,13.9,37.9,13,0.6,2.0,0,0,0,0
CUST_007310,1,Basic,46-55,East,13.4,32.9,7,1.9,1.0,1,0,1,0
CUST_007311,40,Standard,36-45,West,28.1,30.0,10,1.2,0.0,0,0,0,0
CUST_007312,8,Standard,18-25,East,1.1,19.5,2,0.5,3.0,2,0,0,1
CUST_007313,4,Standard,18-25,South,19.3,7.0,9,1.2,2.0,0,0,1,0
CUST_007314,5,Standard,18-25,West,22.4,30.3,8,2.5,0.0,0,0,0,0
CUST_007315,1,Standard,18-25,South,5.8,14.3,11,4.7,4.0,0,1,0,0
CUST_007316,54,Standard,18-25,North,5.7,30.1,16,0.0,2.0,0,0,0,0
CUST_007317,1,Basic,56+,East,9.9,27.1,5,1.6,3.0,0,0,0,0
CUST_007318,12,Standard,36-45,North,16.2,21.9,10,0.5,3.0,0,0,1,0
CUST_007319,7,Premium,26-35,North,3.6,44.7,11,2.5,0.0,0,1,0,0
CUST_007320,35,Basic,46-55,West,12.9,61.3,5,0.3,0.0,0,0,0,0
CUST_007321,3,Basic,36-45,West,1.1,10.7,5,2.9,0.0,2,0,1,1
CUST_007322,9,Basic,18-25,West,14.8,17.7,8,3.1,0.0,1,0,1,0
CUST_007323,7,Standard,46-55,South,7.4,24.9,7,2.0,1.0,0,1,1,0
CUST_007324,14,Basic,26-35,West,2.9,6.3,6,0.7,1.0,0,0,2,0
CUST_007325,1,Standard,36-45,East,7.0,21.5,10,1.7,0.0,1,1,0,0
CUST_007326,2,Standard,26-35,West,0.8,16.6,3,0.4,1.0,2,1,1,1
CUST_007327,2,Standard,36-45,East,4.7,34.2,8,3.5,0.0,0,0,1,0
CUST_007328,16,Basic,46-55,East,5.3,11.7,2,9.3,0.0,4,1,0,1
CUST_007329,2,Standard,26-35,North,25.8,34.7,4,0.0,0.0,0,0,2,0
CUST_007330,10,Basic,56+,East,6.7,16.6,8,4.0,0.0,0,0,0,0
CUST_007331,2,Standard,18-25,East,11.2,22.5,3,1.2,0.0,0,0,0,0
CUST_007332,23,Standard,36-45,South,11.6,38.5,7,0.5,0.0,0,0,0,0
CUST_007333,34,Basic,56+,East,4.2,59.8,10,1.5,4.0,0,0,0,0
CUST_007334,8,Premium,56+,East,15.4,68.7,7,1.6,1.0,0,0,0,0
CUST_007335,5,Basic,26-35,East,0.3,22.2,3,3.5,6.0,2,1,0,1
CUST_007336,3,Premium,18-25,South,1.3,41.2,15,1.7,1.0,1,0,0,0
CUST_007337,1,Basic,46-55,North,4.7,10.4,10,2.7,1.0,0,0,0,0
CUST_007338,3,Basic,18-25,North,2.6,9.6,10,0.2,0.0,0,0,0,0
CUST_007339,12,Basic,36-45,West,12.3,44.6,10,0.9,1.0,0,1,0,0
CUST_007340,9,Basic,46-55,South,13.7,41.9,5,8.0,1.0,0,0,0,0
CUST_007341,34,Standard,36-45,North,0.6,2.6,4,0.2,3.0,2,1,0,1
CUST_007342,6,Standard,26-35,West,5.8,11.3,9,4.3,1.0,0,0,0,0
CUST_007343,14,Standard,36-45,North,2.8,15.9,6,1.1,1.0,0,0,0,0
CUST_007344,8,Basic,56+,East,22.3,24.1,9,2.4,1.0,0,0,1,0
CUST_007345,8,Basic,36-45,West,5.1,19.3,6,0.0,3.0,0,0,0,0
CUST_007346,3,Standard,46-55,East,4.6,23.2,8,0.8,0.0,0,0,1,0
CUST_007347,7,Basic,26-35,West,1.9,18.5,3,9.8,4.0,2,1,0,1
CUST_007348,7,Standard,26-35,West,5.4,17.4,9,5.4,2.0,0,0,1,0
CUST_007349,14,Standard,26-35,West,26.1,14.3,8,1.9,2.0,0,0,0,0
CUST_007350,33,Basic,36-45,East,1.4,12.5,4,14.0,6.0,4,0,2,1
CUST_007351,4,Standard,26-35,South,,38.3,9,0.8,1.0,0,0,0,0
CUST_007352,1,Standard,36-45,South,1.2,70.4,5,0.2,0.0,1,1,0,0
CUST_007353,8,Standard,46-55,West,24.8,11.7,9,9.1,1.0,0,0,1,0
CUST_007354,9,Basic,46-55,West,4.1,48.2,6,2.6,0.0,1,1,1,0
CUST_007355,2,Basic,26-35,West,2.7,11.8,4,4.4,1.0,2,1,0,1
CUST_007356,17,Basic,46-55,East,10.2,71.7,6,1.1,1.0,0,0,0,0
CUST_007357,50,Basic,36-45,South,0.4,9.9,6,2.0,7.0,0,0,0,1
CUST_007358,34,Basic,18-25,South,7.8,26.0,11,0.5,2.0,0,1,0,0
CUST_007359,2,Standard,18-25,North,6.6,53.1,7,2.9,2.0,1,1,0,0
CUST_007360,24,Standard,36-45,West,11.7,29.2,11,0.1,4.0,0,1,0,0
CUST_007361,14,Standard,26-35,South,6.9,23.3,6,3.6,1.0,0,0,1,0
CUST_007362,7,Basic,18-25,South,12.1,29.0,5,4.8,0.0,0,1,0,0
CUST_007363,9,Premium,18-25,West,23.6,26.6,9,1.5,2.0,0,1,1,0
CUST_007364,22,Basic,26-35,North,2.0,19.4,5,11.1,1.0,4,1,1,1
CUST_007365,7,Standard,56+,West,19.7,38.2,12,2.4,0.0,1,0,0,0
CUST_007366,5,Premium,46-55,North,15.3,18.1,12,2.6,4.0,0,1,1,0
CUST_007367,8,Standard,36-45,West,1.2,22.0,11,0.2,0.0,0,0,2,0
CUST_007368,10,Premium,56+,South,36.7,18.1,14,3.2,2.0,0,1,1,0
CUST_007369,2,Standard,36-45,North,7.2,11.1,12,1.0,,0,0,2,0
CUST_007370,27,Basic,46-55,East,14.9,22.7,10,1.7,1.0,1,0,0,0
CUST_007371,13,Basic,26-35,West,11.9,26.4,7,0.5,1.0,0,0,1,0
CUST_007372,12,Basic,36-45,South,2.5,41.6,7,0.5,1.0,0,1,1,0
CUST_007373,1,Basic,18-25,East,2.2,16.0,4,2.4,0.0,4,1,1,1
CUST_007374,11,Standard,26-35,West,3.5,6.8,3,5.1,4.0,2,0,0,1
CUST_007375,1,Basic,18-25,North,14.9,75.3,10,3.2,2.0,1,0,1,0
CUST_007376,1,Standard,26-35,West,4.5,10.8,2,5.1,3.0,2,0,0,1
CUST_007377,8,Basic,18-25,South,7.0,24.7,11,0.3,3.0,1,0,0,0
CUST_007378,6,Basic,26-35,South,4.5,11.9,6,5.3,4.0,2,0,0,1
CUST_007379,10,Premium,46-55,South,0.2,7.5,6,18.8,4.0,0,0,1,1
CUST_007380,1,Basic,26-35,South,3.3,2.5,5,13.4,1.0,4,0,1,1
CUST_007381,6,Standard,46-55,North,6.8,29.8,10,1.9,1.0,0,0,1,0
CUST_007382,2,Standard,36-45,South,3.2,5.7,3,9.4,1.0,4,0,1,1
CUST_007383,52,Basic,36-45,South,23.2,23.6,8,1.9,4.0,0,1,0,0
CUST_007384,9,Standard,26-35,East,30.0,7.2,6,0.6,0.0,0,0,0,0
CUST_007385,13,Basic,56+,East,1.2,37.0,4,9.3,9.0,2,0,0,1
CUST_007386,4,Standard,18-25,East,2.1,17.7,3,2.0,7.0,2,0,1,1
CUST_007387,1,Standard,36-45,South,19.1,18.6,6,0.4,0.0,1,1,0,0
CUST_007388,44,Basic,36-45,West,11.7,36.3,11,1.0,3.0,0,0,0,0
CUST_007389,4,Standard,26-35,South,13.5,31.9,3,1.3,0.0,0,0,0,0
CUST_007390,6,Basic,26-35,North,2.8,5.8,5,1.6,0.0,4,0,1,1
CUST_007391,12,Standard,26-35,East,8.3,35.0,5,7.0,1.0,0,1,0,0
CUST_007392,1,Premium,46-55,East,16.1,74.9,18,1.1,2.0,1,0,1,0
CUST_007393,19,Premium,46-55,North,45.0,22.9,15,4.6,0.0,1,0,0,0
CUST_007394,9,Standard,56+,South,12.9,46.0,8,15.4,1.0,0,1,1,0
CUST_007395,3,Basic,26-35,West,17.2,16.5,10,1.7,0.0,0,0,0,0
CUST_007396,1,Premium,26-35,East,10.9,41.8,7,1.8,0.0,0,0,0,0
CUST_007397,2,Basic,18-25,South,13.5,41.7,6,0.6,0.0,0,1,2,0
CUST_007398,27,Standard,56+,West,15.7,5.0,7,4.3,1.0,0,0,0,0
CUST_007399,13,Basic,26-35,North,11.4,23.0,4,1.4,3.0,1,1,0,0
CUST_007400,3,Premium,26-35,East,2.6,39.2,12,3.9,2.0,0,1,0,0
CUST_007401,1,Standard,56+,South,1.8,9.9,2,0.4,1.0,2,1,0,1
CUST_007402,14,Standard,36-45,North,7.6,25.1,10,3.0,0.0,0,0,0,0
CUST_007403,10,Basic,36-45,North,5.2,6.5,2,1.4,6.0,4,1,1,1
CUST_007404,6,Standard,26-35,East,12.8,27.5,7,1.5,1.0,0,0,0,0
CUST_007405,5,Standard,36-45,North,2.7,22.8,11,2.2,2.0,0,0,0,0
CUST_007406,2,Standard,56+,East,3.2,9.7,4,9.9,0.0,2,0,0,1
CUST_007407,13,Basic,36-45,West,10.2,15.5,12,6.0,2.0,0,0,1,0
CUST_007408,42,Basic,26-35,West,6.2,8.8,6,12.7,4.0,2,0,1,1
CUST_007409,2,Basic,18-25,South,5.1,15.2,2,9.5,1.0,2,0,0,1
CUST_007410,10,Basic,26-35,North,2.2,12.6,3,5.0,1.0,4,0,0,1
CUST_007411,6,Basic,36-45,South,2.7,50.8,5,0.8,0.0,1,0,0,0
CUST_007412,7,Basic,18-25,South,4.4,23.1,4,0.1,3.0,5,1,0,1
CUST_007413,3,Basic,36-45,West,30.0,46.3,10,2.4,1.0,0,0,0,0
CUST_007414,20,Basic,36-45,West,2.9,23.0,5,13.4,3.0,4,1,1,1
CUST_007415,7,Basic,46-55,South,10.8,16.7,6,4.0,0.0,0,0,0,0
CUST_007416,9,Premium,18-25,North,2.4,12.3,4,24.2,0.0,0,0,0,1
CUST_007417,4,Standard,46-55,West,6.7,13.0,7,1.3,1.0,0,0,1,0
CUST_007418,2,Basic,36-45,West,15.1,41.6,7,1.6,2.0,0,1,1,0
CUST_007419,1,Standard,26-35,East,5.0,12.5,11,3.4,1.0,0,0,0,0
CUST_007420,15,Standard,56+,South,3.6,9.9,4,10.0,0.0,2,0,2,1
CUST_007421,2,Premium,26-35,South,2.5,26.9,3,7.4,3.0,4,1,1,1
CUST_007422,14,Basic,36-45,West,16.1,30.2,17,1.9,4.0,1,1,2,0
CUST_007423,5,Basic,26-35,North,11.2,8.9,6,2.3,3.0,0,0,1,0
CUST_007424,6,Premium,36-45,West,11.9,27.4,11,1.1,1.0,1,0,0,0
CUST_007425,7,Basic,36-45,North,1.6,10.0,4,6.1,3.0,2,0,0,1
CUST_007426,5,Basic,18-25,West,3.6,18.1,8,0.6,,0,1,0,0
CUST_007427,1,Basic,36-45,East,2.4,18.2,14,5.5,1.0,0,0,0,0
CUST_007428,4,Basic,36-45,North,3.2,19.4,4,7.5,1.0,2,0,0,1
CUST_007429,13,Premium,46-55,North,3.6,23.9,8,2.7,4.0,0,1,0,0
CUST_007430,13,Basic,18-25,East,7.8,28.1,10,1.1,0.0,0,0,2,0
CUST_007431,4,Premium,26-35,North,20.4,41.4,12,0.6,1.0,0,0,0,0
CUST_007432,7,Premium,36-45,East,10.5,16.0,15,0.5,2.0,0,0,1,0
CUST_007433,2,Standard,18-25,South,4.0,45.4,8,3.4,2.0,0,1,1,0
CUST_007434,2,Basic,36-45,North,9.4,31.9,3,2.9,1.0,1,0,0,0
CUST_007435,1,Basic,18-25,East,0.7,18.9,3,0.4,0.0,2,0,0,1
CUST_007436,27,Basic,26-35,East,3.6,61.4,5,1.7,0.0,0,0,1,0
CUST_007437,2,Basic,46-55,South,8.4,56.7,8,1.2,1.0,0,1,1,0
CUST_007438,3,Standard,46-55,South,3.2,26.0,3,0.9,1.0,0,0,0,0
CUST_007439,3,Basic,36-45,East,8.9,37.7,5,0.2,1.0,0,0,0,0
CUST_007440,1,Premium,46-55,East,11.5,59.2,9,2.2,0.0,0,0,0,0
CUST_007441,12,Standard,46-55,North,23.6,18.7,5,9.1,3.0,0,0,1,0
CUST_007442,1,Standard,36-45,North,6.3,39.5,4,0.4,1.0,0,0,0,0
CUST_007443,1,Premium,56+,North,33.5,59.4,12,3.3,3.0,1,1,1,0
CUST_007444,12,Basic,36-45,East,3.9,5.7,4,10.5,3.0,2,0,0,1
CUST_007445,4,Basic,36-45,East,2.8,22.4,6,1.3,2.0,0,1,1,0
CUST_007446,14,Basic,26-35,South,3.0,16.1,3,20.3,0.0,2,0,0,1
CUST_007447,9,Basic,56+,West,14.6,24.8,9,0.5,2.0,1,0,1,0
CUST_007448,3,Standard,26-35,South,12.8,49.1,11,1.0,2.0,1,1,1,0
CUST_007449,12,Basic,18-25,East,10.7,28.7,9,1.2,1.0,0,0,1,0
CUST_007450,1,Basic,26-35,North,26.4,15.8,6,1.3,2.0,2,0,3,0
CUST_007451,9,Premium,18-25,East,19.5,28.3,15,6.9,2.0,0,1,0,0
CUST_007452,6,Basic,26-35,East,4.5,24.6,10,0.0,0.0,0,0,0,0
CUST_007453,3,Standard,46-55,West,2.3,45.0,9,0.3,3.0,0,0,1,0
CUST_007454,11,Basic,36-45,West,11.5,6.8,5,1.0,3.0,0,1,0,0
CUST_007455,24,Basic,26-35,West,14.0,21.8,6,0.2,2.0,0,1,0,0
CUST_007456,60,Standard,46-55,West,3.5,29.3,10,2.7,2.0,0,1,1,0
CUST_007457,11,Premium,36-45,South,19.3,41.2,11,0.2,2.0,0,0,0,0
CUST_007458,6,Basic,36-45,South,12.0,18.5,10,1.0,4.0,0,0,1,0
CUST_007459,3,Basic,26-35,West,2.6,20.0,3,6.6,1.0,2,0,0,1
CUST_007460,3,Basic,46-55,West,6.6,4.2,5,3.5,1.0,4,1,1,1
CUST_007461,7,Basic,26-35,East,3.5,14.3,4,1.7,1.0,4,1,1,1
CUST_007462,5,Basic,18-25,South,6.4,35.1,5,5.1,2.0,0,0,2,0
CUST_007463,29,Standard,26-35,West,25.1,48.4,12,1.0,1.0,0,1,0,0
CUST_007464,5,Basic,46-55,South,4.7,38.9,4,0.7,2.0,0,0,1,0
CUST_007465,5,Basic,36-45,North,2.9,7.8,3,7.3,4.0,2,0,2,1
CUST_007466,5,Standard,26-35,East,2.5,10.9,6,10.4,4.0,2,1,1,1
CUST_007467,21,Basic,18-25,North,19.9,40.6,7,0.8,3.0,2,1,1,0
CUST_007468,12,Basic,36-45,South,7.1,21.0,8,0.5,2.0,0,0,0,0
CUST_007469,11,Premium,36-45,West,31.6,42.2,11,2.3,1.0,0,0,0,0
CUST_007470,4,Basic,26-35,South,10.6,46.3,5,1.6,2.0,0,0,0,0
CUST_007471,20,Standard,46-55,West,1.5,25.8,7,13.3,0.0,2,1,1,1
CUST_007472,1,Basic,56+,West,7.8,22.3,11,1.0,0.0,1,0,0,0
CUST_007473,24,Basic,26-35,West,8.7,13.5,3,7.3,0.0,4,1,0,1
CUST_007474,8,Basic,36-45,West,8.6,23.6,9,9.8,1.0,0,0,0,0
CUST_007475,6,Basic,18-25,East,1.3,55.3,3,2.5,2.0,0,1,0,0
CUST_007476,8,Basic,46-55,East,4.2,36.1,8,0.8,,0,0,0,0
CUST_007477,13,Basic,26-35,West,20.0,11.1,10,2.0,3.0,1,0,0,0
CUST_007478,1,Premium,26-35,South,11.4,28.6,12,4.8,1.0,0,0,1,0
CUST_007479,24,Standard,46-55,South,5.7,17.4,11,3.1,3.0,0,1,0,0
CUST_007480,7,Basic,46-55,East,10.5,49.9,6,2.4,1.0,0,1,2,0
CUST_007481,5,Standard,18-25,East,16.9,16.3,6,0.0,0.0,1,1,1,0
CUST_007482,1,Premium,18-25,West,18.3,12.4,9,3.7,4.0,0,0,1,0
CUST_007483,6,Standard,26-35,East,10.5,46.3,8,5.2,3.0,0,1,1,0
CUST_007484,8,Basic,36-45,East,14.7,22.2,7,0.7,0.0,1,1,1,0
CUST_007485,6,Premium,46-55,East,2.4,37.0,2,5.7,4.0,4,0,0,1
CUST_007486,13,Basic,36-45,South,2.3,,6,1.8,4.0,2,0,0,1
CUST_007487,6,Basic,36-45,North,25.8,19.1,6,0.1,1.0,0,0,0,0
CUST_007488,39,Standard,46-55,West,7.7,51.7,7,4.0,0.0,0,0,0,0
CUST_007489,10,Premium,36-45,North,4.3,85.5,8,2.9,2.0,0,1,1,0
CUST_007490,19,Premium,36-45,West,5.0,94.8,5,4.3,1.0,0,0,0,0
CUST_007491,1,Premium,36-45,West,21.4,54.0,4,0.7,1.0,0,0,0,0
CUST_007492,6,Basic,46-55,East,3.4,7.4,6,19.3,3.0,2,0,0,1
CUST_007493,4,Premium,26-35,West,,35.0,8,4.8,0.0,0,0,0,0
CUST_007494,10,Basic,26-35,East,8.5,14.5,6,1.4,0.0,1,0,0,0
CUST_007495,23,Basic,18-25,North,2.5,11.9,3,6.1,3.0,2,0,1,1
CUST_007496,1,Standard,46-55,East,12.0,40.6,5,4.1,0.0,1,0,0,0
CUST_007497,1,Basic,26-35,South,18.2,14.7,11,0.9,3.0,2,1,2,0
CUST_007498,22,Standard,26-35,South,0.2,10.4,4,1.1,3.0,4,1,0,1
CUST_007499,2,Basic,56+,South,4.5,3.4,4,7.9,3.0,4,0,2,1
CUST_007500,13,Premium,56+,West,29.7,41.5,9,2.2,6.0,0,0,0,0
CUST_007501,9,Basic,56+,East,1.5,25.4,12,6.6,1.0,0,0,1,0
CUST_007502,21,Basic,18-25,South,3.7,10.6,3,0.4,3.0,4,0,0,1
CUST_007503,1,Premium,46-55,South,5.7,,2,18.8,9.0,0,0,2,1
CUST_007504,1,Basic,26-35,East,19.1,17.1,5,1.1,1.0,0,1,1,0
CUST_007505,9,Standard,18-25,North,2.8,8.7,10,3.6,0.0,0,1,1,0
CUST_007506,35,Standard,26-35,South,25.1,20.1,10,0.1,2.0,0,0,0,0
CUST_007507,6,Standard,36-45,West,15.9,38.2,6,0.0,2.0,1,1,0,0
CUST_007508,4,Standard,18-25,South,0.8,14.2,6,14.3,4.0,0,0,1,1
CUST_007509,11,Basic,36-45,North,30.0,15.5,9,1.6,0.0,0,0,0,0
CUST_007510,31,Premium,46-55,South,19.7,35.2,7,0.4,1.0,1,0,1,0
CUST_007511,21,Basic,26-35,East,2.9,9.3,3,8.2,6.0,0,1,0,1
CUST_007512,60,Basic,26-35,West,2.6,25.4,8,0.9,1.0,0,0,1,0
CUST_007513,1,Basic,26-35,West,15.3,30.2,10,10.1,0.0,1,0,1,0
CUST_007514,1,Standard,56+,East,16.9,11.6,5,1.7,0.0,0,0,0,0
CUST_007515,11,Standard,18-25,South,4.5,5.7,13,0.1,2.0,0,0,1,0
CUST_007516,20,Premium,26-35,South,2.7,47.0,8,1.6,1.0,0,0,0,0
CUST_007517,4,Standard,26-35,North,16.8,4.9,2,2.1,5.0,0,1,0,0
CUST_007518,3,Standard,46-55,East,8.4,29.4,9,2.0,1.0,1,0,0,0
CUST_007519,18,Premium,18-25,East,9.7,31.3,5,7.1,1.0,0,1,0,0
CUST_007520,1,Basic,26-35,East,17.5,31.7,8,6.6,4.0,0,0,1,0
CUST_007521,5,Standard,26-35,North,3.7,18.4,3,10.5,0.0,2,0,1,1
CUST_007522,8,Standard,46-55,South,5.9,48.9,8,0.3,1.0,0,0,1,0
CUST_007523,9,Basic,26-35,South,8.1,19.1,10,8.4,2.0,0,1,2,0
CUST_007524,15,Standard,36-45,West,0.3,7.5,6,2.0,0.0,4,1,0,1
CUST_007525,5,Basic,18-25,North,8.3,32.9,11,0.2,1.0,1,0,1,0
CUST_007526,11,Standard,56+,East,11.0,15.2,3,35.4,1.0,2,0,0,1
CUST_007527,10,Standard,36-45,North,9.2,11.2,13,0.2,3.0,1,0,0,0
CUST_007528,9,Premium,36-45,East,10.2,26.5,19,0.2,1.0,0,0,0,0
CUST_007529,12,Premium,26-35,North,26.7,22.9,9,4.9,,0,1,0,0
CUST_007530,3,Standard,26-35,North,11.5,53.1,11,0.2,1.0,0,0,0,0
CUST_007531,1,Standard,26-35,North,15.4,40.7,8,1.8,2.0,1,0,1,0
CUST_007532,1,Basic,36-45,South,,9.7,1,7.3,0.0,2,1,0,1
CUST_007533,3,Basic,56+,South,1.5,22.4,5,2.4,1.0,4,1,0,1
CUST_007534,8,Premium,26-35,West,14.1,11.2,12,3.3,2.0,0,0,1,0
CUST_007535,22,Premium,46-55,North,28.4,30.5,11,9.4,2.0,0,0,0,0
CUST_007536,14,Premium,18-25,North,24.6,64.4,7,15.6,0.0,1,0,0,0
CUST_007537,18,Basic,56+,East,0.8,5.7,2,4.2,6.0,2,1,0,1
CUST_007538,5,Premium,26-35,East,20.8,37.6,12,4.3,1.0,0,0,1,0
CUST_007539,6,Premium,26-35,South,15.8,73.6,18,3.2,2.0,1,0,0,0
CUST_007540,6,Basic,36-45,East,7.5,76.9,4,7.5,1.0,0,0,0,0
CUST_007541,2,Standard,46-55,West,1.2,21.0,3,16.1,3.0,0,0,0,1
CUST_007542,1,Standard,46-55,South,15.1,19.7,7,2.6,1.0,0,0,0,0
CUST_007543,10,Standard,36-45,East,5.9,29.4,8,1.1,0.0,0,0,0,0
CUST_007544,54,Premium,36-45,North,1.8,28.1,1,0.8,1.0,2,0,0,1
CUST_007545,2,Basic,18-25,North,8.1,34.3,8,1.3,0.0,0,0,0,0
CUST_007546,1,Standard,26-35,West,1.0,9.7,2,7.2,3.0,0,0,0,1
CUST_007547,18,Standard,26-35,South,8.2,39.8,12,1.5,0.0,0,0,1,0
CUST_007548,3,Basic,36-45,South,4.2,21.6,2,0.1,1.0,0,1,0,0
CUST_007549,21,Premium,36-45,West,29.4,22.8,8,2.7,4.0,1,0,0,0
CUST_007550,14,Standard,46-55,East,7.8,39.5,6,1.6,4.0,0,1,1,0
CUST_007551,34,Basic,46-55,East,12.2,32.6,7,0.9,3.0,0,0,0,0
CUST_007552,6,Basic,26-35,East,,61.2,2,1.3,5.0,1,0,1,0
CUST_007553,13,Basic,46-55,East,4.9,11.3,6,7.1,0.0,4,1,0,1
CUST_007554,7,Standard,18-25,West,12.6,,10,0.1,3.0,0,0,1,0
CUST_007555,11,Premium,46-55,North,45.0,34.5,18,1.5,1.0,0,0,1,0
CUST_007556,7,Basic,18-25,South,14.3,51.2,9,0.2,2.0,0,0,0,0
CUST_007557,2,Basic,46-55,South,6.3,39.5,2,7.5,0.0,4,1,0,1
CUST_007558,8,Basic,36-45,North,1.4,49.9,2,30.4,,0,0,1,1
CUST_007559,9,Standard,26-35,South,8.9,12.6,9,1.4,1.0,1,1,0,0
CUST_007560,19,Premium,36-45,East,45.0,74.0,14,5.9,1.0,0,0,2,0
CUST_007561,15,Standard,18-25,North,12.2,88.0,4,6.1,2.0,0,0,1,0
CUST_007562,13,Standard,26-35,South,10.3,45.4,13,3.7,2.0,0,1,0,0
CUST_007563,1,Standard,36-45,East,3.7,4.2,2,0.8,6.0,2,1,1,1
CUST_007564,15,Basic,46-55,East,2.2,15.4,2,8.4,4.0,2,0,0,1
CUST_007565,8,Standard,26-35,West,3.8,30.5,14,1.7,3.0,0,1,1,0
CUST_007566,26,Standard,26-35,West,8.9,76.2,12,4.1,2.0,1,0,1,0
CUST_007567,30,Standard,36-45,West,12.2,22.1,6,1.1,0.0,0,0,1,0
CUST_007568,1,Premium,36-45,East,3.1,16.2,4,16.5,3.0,5,0,0,1
CUST_007569,20,Standard,26-35,East,4.0,37.4,5,0.2,1.0,0,0,1,0
CUST_007570,1,Standard,46-55,West,0.9,11.3,5,20.2,0.0,2,0,0,1
CUST_007571,5,Premium,36-45,West,18.6,105.1,9,1.2,2.0,0,0,1,0
CUST_007572,9,Premium,18-25,East,16.1,13.6,2,0.7,1.0,1,0,2,0
CUST_007573,1,Standard,26-35,East,14.0,47.8,4,2.7,1.0,0,1,0,0
CUST_007574,16,Basic,36-45,South,1.1,11.7,4,4.5,0.0,2,1,1,1
CUST_007575,1,Basic,36-45,West,1.9,17.5,2,11.9,4.0,2,0,0,1
CUST_007576,2,Standard,26-35,West,0.0,45.6,13,4.9,0.0,0,0,1,0
CUST_007577,10,Basic,56+,West,1.7,17.1,4,5.2,3.0,2,0,1,1
CUST_007578,15,Basic,26-35,North,3.9,18.1,9,1.9,2.0,0,0,0,0
CUST_007579,29,Basic,36-45,South,7.5,36.5,6,38.1,0.0,2,0,1,1
CUST_007580,14,Standard,18-25,South,15.9,6.6,8,0.7,4.0,1,0,2,0
CUST_007581,13,Standard,46-55,West,3.1,7.1,3,10.1,0.0,2,1,0,1
CUST_007582,6,Basic,46-55,West,30.0,8.3,12,1.2,0.0,1,0,0,0
CUST_007583,1,Basic,26-35,South,17.6,27.7,8,2.1,1.0,0,0,0,0
CUST_007584,1,Standard,56+,East,7.7,60.4,10,0.2,2.0,0,1,0,0
CUST_007585,9,Basic,26-35,North,6.6,10.0,5,0.6,1.0,0,1,1,0
CUST_007586,13,Basic,36-45,South,7.5,50.7,7,1.0,2.0,0,0,0,0
CUST_007587,6,Standard,46-55,South,0.5,19.2,4,0.6,1.0,0,1,0,0
CUST_007588,15,Standard,46-55,West,3.7,23.5,9,0.3,0.0,1,1,0,0
CUST_007589,8,Basic,56+,West,24.6,71.9,8,3.9,2.0,1,0,0,0
CUST_007590,1,Standard,46-55,South,4.0,7.5,2,6.3,3.0,2,0,0,1
CUST_007591,2,Basic,56+,East,8.5,43.7,7,2.6,1.0,0,0,1,0
CUST_007592,21,Standard,26-35,East,12.4,18.2,6,1.4,2.0,0,0,1,0
CUST_007593,15,Basic,26-35,South,12.7,33.7,11,0.1,0.0,0,0,0,0
CUST_007594,27,Basic,36-45,West,21.4,49.0,8,0.9,1.0,0,1,1,0
CUST_007595,1,Standard,46-55,West,20.3,33.1,10,1.7,1.0,1,1,0,0
CUST_007596,55,Standard,36-45,South,8.4,51.4,6,2.6,1.0,1,1,2,0
CUST_007597,2,Basic,18-25,East,21.3,23.6,3,2.2,1.0,0,1,1,0
CUST_007598,1,Basic,46-55,North,11.7,43.7,4,1.3,1.0,0,0,0,0
CUST_007599,60,Standard,56+,East,6.9,35.9,5,0.4,1.0,1,0,0,0
CUST_007600,3,Standard,26-35,East,15.0,25.0,5,0.5,1.0,1,0,0,0
CUST_007601,13,Basic,26-35,North,16.2,56.4,12,4.1,2.0,2,1,1,0
CUST_007602,2,Standard,18-25,West,11.2,22.4,7,1.1,0.0,0,0,0,0
CUST_007603,10,Basic,26-35,East,11.5,28.1,6,4.8,0.0,1,1,0,0
CUST_007604,28,Standard,36-45,West,26.9,11.8,7,3.8,1.0,1,0,2,0
CUST_007605,4,Basic,56+,North,11.0,36.4,9,0.7,2.0,1,0,0,0
CUST_007606,13,Basic,18-25,West,3.5,12.4,3,12.6,1.0,2,0,0,1
CUST_007607,2,Basic,36-45,West,4.3,17.9,7,0.3,0.0,1,0,1,0
CUST_007608,11,Basic,36-45,North,7.6,20.2,11,2.0,1.0,1,1,0,0
CUST_007609,4,Basic,26-35,South,2.0,10.4,5,6.1,7.0,0,0,0,1
CUST_007610,2,Basic,36-45,West,3.0,24.2,3,9.4,3.0,2,1,1,1
CUST_007611,4,Basic,46-55,East,2.3,18.4,4,0.5,4.0,4,0,1,1
CUST_007612,2,Basic,46-55,South,8.8,10.9,6,3.2,0.0,0,0,0,0
CUST_007613,27,Standard,36-45,West,11.7,36.0,8,4.2,1.0,1,1,2,0
CUST_007614,6,Basic,46-55,North,4.5,4.9,5,10.7,1.0,4,0,1,1
CUST_007615,3,Standard,26-35,South,12.1,40.4,6,0.4,1.0,0,1,1,0
CUST_007616,7,Basic,26-35,East,3.5,22.8,13,3.0,2.0,0,0,0,0
CUST_007617,4,Basic,26-35,East,4.1,,13,1.1,3.0,1,1,1,0
CUST_007618,16,Standard,26-35,South,3.0,18.3,7,4.4,2.0,0,0,2,0
CUST_007619,42,Premium,18-25,East,15.3,16.4,8,0.1,2.0,0,0,0,0
CUST_007620,6,Basic,26-35,East,19.2,27.7,15,7.2,0.0,0,1,0,0
CUST_007621,23,Basic,36-45,East,3.3,38.2,9,0.7,0.0,0,0,1,0
CUST_007622,10,Standard,36-45,East,11.9,5.4,15,2.2,0.0,1,0,0,0
CUST_007623,2,Premium,18-25,South,16.1,22.9,15,3.0,0.0,1,0,2,0
CUST_007624,14,Premium,26-35,West,38.0,38.6,9,4.5,3.0,2,1,0,0
CUST_007625,8,Basic,36-45,South,18.3,9.7,10,1.6,1.0,0,1,0,0
CUST_007626,12,Basic,26-35,West,10.1,36.3,9,1.5,1.0,0,1,1,0
CUST_007627,26,Standard,26-35,North,30.0,27.0,7,6.2,1.0,1,1,0,0
CUST_007628,6,Standard,46-55,South,4.5,17.7,3,42.3,0.0,4,0,1,1
CUST_007629,27,Standard,18-25,North,10.7,63.8,2,6.6,2.0,0,0,1,0
CUST_007630,16,Premium,26-35,East,30.3,43.4,5,0.8,0.0,0,1,1,0
CUST_007631,8,Standard,18-25,North,4.8,10.5,2,4.0,3.0,2,1,0,1
CUST_007632,11,Basic,18-25,East,10.6,15.8,5,0.5,2.0,1,1,1,0
CUST_007633,4,Basic,56+,West,5.6,21.5,7,4.2,1.0,0,1,1,0
CUST_007634,49,Standard,26-35,North,7.3,53.4,4,2.9,2.0,0,1,0,0
CUST_007635,13,Basic,36-45,North,30.0,23.1,9,1.3,2.0,1,0,0,0
CUST_007636,1,Basic,46-55,West,9.4,24.0,4,5.7,1.0,0,0,1,0
CUST_007637,4,Basic,18-25,South,9.1,33.8,6,0.6,2.0,0,0,0,0
CUST_007638,11,Basic,26-35,South,7.3,65.4,12,1.6,1.0,0,1,1,0
CUST_007639,1,Basic,46-55,North,2.5,54.2,12,0.7,0.0,0,0,0,0
CUST_007640,1,Standard,46-55,South,6.7,23.1,5,5.5,3.0,0,0,0,0
CUST_007641,7,Basic,26-35,North,0.6,7.5,3,10.4,4.0,2,1,3,1
CUST_007642,4,Standard,26-35,East,2.8,25.2,7,1.5,0.0,0,0,0,0
CUST_007643,6,Basic,46-55,South,5.0,21.3,4,0.6,1.0,4,0,0,1
CUST_007644,3,Basic,26-35,West,19.3,43.0,5,3.7,2.0,0,0,0,0
CUST_007645,2,Premium,18-25,South,14.2,33.1,16,4.4,0.0,1,0,0,0
CUST_007646,14,Premium,26-35,East,10.6,51.4,2,28.9,0.0,4,0,1,1
CUST_007647,8,Basic,26-35,South,4.5,30.7,6,0.5,1.0,0,0,0,0
CUST_007648,2,Standard,18-25,West,3.1,39.8,9,0.4,0.0,0,0,1,0
CUST_007649,4,Basic,36-45,East,1.7,24.2,2,4.6,1.0,2,0,0,1
CUST_007650,10,Premium,46-55,North,8.7,46.4,11,0.8,1.0,1,1,0,0
CUST_007651,1,Basic,36-45,South,2.8,66.1,5,0.3,1.0,0,0,1,0
CUST_007652,1,Basic,18-25,North,2.2,34.6,3,1.3,3.0,4,0,4,1
CUST_007653,1,Standard,26-35,North,6.9,22.2,9,1.3,1.0,0,0,0,0
CUST_007654,20,Standard,46-55,East,3.4,25.4,7,2.5,1.0,4,1,1,1
CUST_007655,16,Basic,18-25,South,2.6,20.9,4,20.4,0.0,2,0,0,1
CUST_007656,16,Standard,18-25,West,11.6,13.5,3,1.8,1.0,0,0,0,0
CUST_007657,15,Basic,26-35,North,25.4,9.5,11,4.6,1.0,1,0,1,0
CUST_007658,13,Premium,26-35,West,29.1,15.5,7,0.3,1.0,2,1,1,0
CUST_007659,7,Basic,56+,South,6.0,82.6,8,0.0,3.0,1,1,0,0
CUST_007660,12,Premium,36-45,North,12.8,22.0,7,0.2,1.0,0,0,1,0
CUST_007661,1,Basic,26-35,West,6.6,26.6,7,5.2,1.0,0,0,0,0
CUST_007662,11,Basic,46-55,West,17.3,27.0,8,0.1,0.0,0,0,0,0
CUST_007663,18,Premium,26-35,East,16.2,75.3,16,14.7,1.0,0,0,1,0
CUST_007664,8,Premium,18-25,East,15.7,42.4,9,1.3,1.0,0,0,0,0
CUST_007665,5,Standard,26-35,West,6.9,33.7,7,1.9,1.0,0,0,0,0
CUST_007666,3,Basic,36-45,East,17.0,37.0,6,5.0,2.0,0,1,1,0
CUST_007667,12,Standard,18-25,North,2.6,16.7,2,20.9,1.0,2,1,1,1
CUST_007668,14,Standard,26-35,North,1.2,33.6,3,2.9,4.0,2,0,0,1
CUST_007669,24,Standard,26-35,East,9.0,49.2,8,2.7,3.0,1,0,0,0
CUST_007670,5,Standard,26-35,East,11.7,23.4,9,3.0,1.0,1,0,0,0
CUST_007671,17,Basic,36-45,East,14.0,25.3,12,0.8,0.0,0,1,0,0
CUST_007672,9,Standard,46-55,North,10.3,31.3,5,3.3,1.0,0,0,0,0
CUST_007673,25,Standard,46-55,West,4.8,7.0,4,20.0,3.0,0,1,1,1
CUST_007674,9,Basic,36-45,East,4.9,43.1,10,0.9,3.0,1,0,1,0
CUST_007675,8,Standard,56+,East,11.7,52.2,9,1.7,2.0,0,0,0,0
CUST_007676,10,Standard,18-25,North,3.1,10.5,2,12.7,3.0,4,0,1,1
CUST_007677,16,Standard,26-35,West,8.0,71.5,9,3.8,0.0,0,1,1,0
CUST_007678,40,Basic,26-35,East,20.1,18.0,8,2.6,2.0,0,0,0,0
CUST_007679,1,Standard,26-35,East,6.5,,4,0.9,1.0,4,0,0,1
CUST_007680,1,Basic,26-35,West,3.6,20.9,6,10.5,4.0,2,0,0,1
CUST_007681,33,Standard,26-35,West,3.8,56.6,10,8.9,3.0,0,0,0,0
CUST_007682,9,Standard,18-25,North,3.1,36.2,12,1.4,2.0,0,0,1,0
CUST_007683,11,Standard,36-45,West,13.9,23.4,5,2.7,0.0,1,0,1,0
CUST_007684,7,Basic,56+,East,6.7,40.9,12,0.4,1.0,1,0,0,0
CUST_007685,1,Standard,26-35,North,10.2,21.5,12,7.0,1.0,0,1,0,0
CUST_007686,17,Premium,18-25,North,1.8,38.8,7,0.6,1.0,4,0,1,1
CUST_007687,16,Basic,46-55,South,12.3,8.0,7,1.6,2.0,1,1,0,0
CUST_007688,4,Premium,26-35,East,1.8,23.3,8,2.3,3.0,0,0,0,0
CUST_007689,4,Standard,26-35,East,2.9,6.0,4,0.8,0.0,4,0,0,1
CUST_007690,21,Standard,26-35,North,5.8,7.6,4,11.9,1.0,4,0,0,1
CUST_007691,1,Basic,46-55,West,6.8,32.8,6,5.3,4.0,0,1,0,0
CUST_007692,25,Basic,46-55,West,8.2,19.4,7,0.6,2.0,0,0,1,0
CUST_007693,3,Premium,36-45,East,12.3,69.5,7,0.2,0.0,2,0,2,0
CUST_007694,10,Basic,26-35,West,16.8,25.2,11,2.7,1.0,1,0,0,0
CUST_007695,32,Basic,26-35,West,2.9,25.4,5,17.6,7.0,0,0,2,1
CUST_007696,13,Standard,18-25,North,7.0,14.7,9,1.2,1.0,1,1,1,0
CUST_007697,6,Basic,56+,West,1.3,34.5,11,5.8,2.0,0,0,0,0
CUST_007698,14,Standard,36-45,West,0.6,26.2,3,2.3,3.0,4,0,0,1
CUST_007699,5,Standard,18-25,North,3.9,19.4,8,4.3,0.0,0,0,0,0
CUST_007700,3,Premium,36-45,West,2.3,34.9,8,2.7,1.0,0,1,1,0
CUST_007701,60,Standard,26-35,North,24.3,24.0,7,1.0,4.0,1,0,0,0
CUST_007702,16,Basic,56+,East,15.0,29.8,7,12.3,3.0,0,0,1,0
CUST_007703,12,Basic,46-55,West,30.0,19.8,6,6.0,6.0,1,1,2,0
CUST_007704,5,Standard,26-35,West,11.3,27.0,13,0.6,0.0,1,0,1,0
CUST_007705,1,Basic,46-55,East,2.1,,1,4.4,0.0,2,1,0,1
CUST_007706,1,Premium,36-45,East,11.0,82.8,9,7.2,1.0,1,0,1,0
CUST_007707,9,Standard,26-35,East,8.0,27.4,12,7.6,0.0,0,1,1,0
CUST_007708,17,Basic,36-45,East,16.2,43.6,7,1.6,3.0,1,0,1,0
CUST_007709,9,Premium,36-45,South,14.6,48.5,14,2.6,1.0,0,0,0,0
CUST_007710,22,Basic,18-25,East,2.2,20.3,4,5.9,3.0,4,0,1,1
CUST_007711,1,Basic,36-45,West,3.5,11.2,3,5.1,3.0,2,0,1,1
CUST_007712,5,Standard,36-45,South,8.3,50.2,10,3.5,1.0,0,1,1,0
CUST_007713,3,Premium,18-25,East,4.3,17.1,4,0.1,0.0,4,1,2,1
CUST_007714,7,Standard,26-35,North,2.8,21.2,6,4.5,4.0,2,0,0,1
CUST_007715,1,Basic,36-45,East,9.4,17.9,13,2.6,3.0,0,0,0,0
CUST_007716,36,Basic,18-25,North,4.4,14.1,9,3.7,2.0,0,0,0,0
CUST_007717,3,Basic,46-55,South,4.1,,15,3.0,1.0,0,1,0,0
CUST_007718,30,Basic,18-25,North,9.4,14.9,5,0.6,1.0,0,1,0,0
CUST_007719,6,Basic,18-25,North,5.2,16.4,6,1.4,2.0,0,0,1,0
CUST_007720,50,Standard,18-25,South,12.8,11.8,4,1.6,3.0,0,0,0,0
CUST_007721,9,Premium,36-45,South,11.4,44.2,14,3.3,2.0,0,0,1,0
CUST_007722,32,Basic,36-45,South,10.1,11.9,8,3.3,2.0,0,0,0,0
CUST_007723,1,Basic,26-35,North,13.9,54.0,13,3.8,2.0,0,1,0,0
CUST_007724,16,Standard,26-35,West,5.2,34.7,7,2.9,1.0,0,1,0,0
CUST_007725,28,Standard,46-55,North,,13.9,7,1.5,3.0,1,0,0,0
CUST_007726,1,Premium,18-25,West,32.3,43.0,18,0.9,1.0,0,0,0,0
CUST_007727,1,Basic,26-35,East,18.4,12.8,11,0.6,2.0,1,1,0,0
CUST_007728,6,Basic,18-25,North,3.4,25.5,6,2.6,0.0,4,0,1,1
CUST_007729,32,Standard,18-25,South,8.9,28.5,14,1.3,0.0,0,0,1,0
CUST_007730,9,Standard,26-35,West,15.5,9.1,7,3.2,1.0,0,0,0,0
CUST_007731,8,Basic,26-35,East,7.4,10.3,7,1.0,1.0,0,0,1,0
CUST_007732,1,Standard,26-35,North,16.6,20.0,8,0.5,3.0,0,1,0,0
CUST_007733,1,Basic,46-55,South,23.9,45.4,10,11.0,0.0,0,0,0,0
CUST_007734,19,Basic,26-35,South,2.0,9.1,5,0.2,1.0,2,0,0,1
CUST_007735,1,Standard,46-55,West,0.3,13.0,2,16.8,0.0,0,0,1,1
CUST_007736,12,Basic,36-45,West,5.2,84.2,9,1.6,2.0,0,1,0,0
CUST_007737,29,Standard,26-35,North,5.8,12.7,6,4.9,0.0,4,0,0,1
CUST_007738,2,Basic,36-45,South,,5.9,6,9.6,1.0,2,0,0,1
CUST_007739,13,Basic,26-35,South,7.4,52.7,5,6.9,2.0,0,0,1,0
CUST_007740,1,Basic,18-25,West,3.0,5.9,2,51.0,0.0,2,0,0,1
CUST_007741,11,Basic,56+,East,2.9,37.1,6,3.1,2.0,0,1,0,0
CUST_007742,2,Basic,36-45,West,4.1,19.5,4,3.0,3.0,0,0,0,0
CUST_007743,15,Standard,46-55,South,12.1,50.8,8,0.6,4.0,0,1,0,0
CUST_007744,4,Standard,46-55,East,,22.1,4,2.1,1.0,0,0,0,0
CUST_007745,7,Basic,18-25,South,10.6,24.3,11,4.0,2.0,1,0,3,0
CUST_007746,10,Basic,26-35,West,6.6,34.1,7,10.0,1.0,0,0,1,0
CUST_007747,2,Premium,18-25,South,32.2,25.6,7,0.1,3.0,0,0,0,0
CUST_007748,16,Basic,46-55,West,0.2,42.7,8,5.1,2.0,0,0,0,0
CUST_007749,4,Basic,46-55,South,3.9,12.5,6,10.1,1.0,2,0,0,1
CUST_007750,13,Basic,36-45,East,5.8,52.2,9,1.7,2.0,0,1,1,0
CUST_007751,2,Standard,18-25,South,5.8,32.8,7,1.5,2.0,0,1,1,0
CUST_007752,13,Basic,18-25,North,4.3,43.3,2,18.1,1.0,2,0,0,1
CUST_007753,1,Standard,46-55,South,6.0,19.8,9,1.4,1.0,0,0,5,0
CUST_007754,6,Basic,56+,East,19.4,39.8,11,0.2,2.0,1,0,1,0
CUST_007755,3,Basic,26-35,North,3.8,13.5,3,12.1,0.0,4,0,0,1
CUST_007756,16,Basic,18-25,North,14.8,37.4,7,6.7,3.0,0,0,0,0
CUST_007757,3,Standard,26-35,South,12.3,13.9,12,2.3,1.0,0,0,0,0
CUST_007758,25,Standard,18-25,South,19.8,21.6,12,7.1,3.0,0,1,0,0
CUST_007759,26,Basic,46-55,South,4.8,40.7,6,3.1,0.0,1,1,1,0
CUST_007760,2,Basic,36-45,South,6.6,14.6,12,0.4,4.0,0,1,0,0
CUST_007761,11,Standard,36-45,North,17.0,38.7,4,0.6,4.0,0,0,1,0
CUST_007762,1,Standard,26-35,North,2.0,12.0,2,3.7,3.0,2,1,0,1
CUST_007763,5,Basic,26-35,West,9.1,28.7,7,2.0,2.0,1,0,2,0
CUST_007764,14,Standard,26-35,North,9.5,97.8,6,2.1,2.0,1,0,1,0
CUST_007765,12,Basic,46-55,East,3.8,16.2,6,18.0,1.0,2,1,0,1
CUST_007766,11,Basic,36-45,South,7.8,21.4,18,2.1,1.0,0,1,1,0
CUST_007767,3,Basic,26-35,West,2.8,10.9,5,6.6,3.0,2,0,0,1
CUST_007768,5,Standard,26-35,North,1.0,22.3,4,11.2,0.0,2,0,2,1
CUST_007769,1,Basic,18-25,West,0.5,12.5,5,10.4,3.0,4,0,1,1
CUST_007770,15,Standard,18-25,South,10.8,,10,3.5,1.0,0,0,1,0
CUST_007771,8,Standard,36-45,North,16.0,25.1,9,9.4,0.0,1,1,1,0
CUST_007772,14,Standard,36-45,South,0.8,22.6,3,2.3,3.0,2,0,3,1
CUST_007773,3,Basic,26-35,South,12.1,24.4,10,6.6,0.0,1,0,1,0
CUST_007774,4,Basic,46-55,South,2.1,21.4,11,1.1,2.0,0,0,0,0
CUST_007775,4,Premium,36-45,South,4.7,25.2,14,2.4,0.0,1,1,1,0
CUST_007776,1,Standard,26-35,West,30.0,14.2,6,0.5,0.0,1,1,1,0
CUST_007777,5,Standard,26-35,South,12.3,23.8,6,4.1,1.0,1,0,0,0
CUST_007778,19,Basic,46-55,South,8.9,44.6,10,3.0,1.0,1,0,1,0
CUST_007779,27,Basic,36-45,West,4.7,24.7,5,16.0,1.0,2,0,0,1
CUST_007780,8,Standard,18-25,West,1.9,14.6,5,3.2,7.0,4,0,0,1
CUST_007781,7,Basic,36-45,North,15.9,16.5,6,1.9,2.0,1,0,0,0
CUST_007782,1,Standard,26-35,East,13.7,27.5,5,0.2,0.0,0,0,0,0
CUST_007783,25,Basic,46-55,South,8.6,44.9,6,4.0,0.0,0,0,0,0
CUST_007784,1,Basic,56+,North,5.4,8.1,5,20.9,4.0,0,0,0,1
CUST_007785,34,Basic,36-45,South,1.0,17.6,2,11.2,4.0,2,0,1,1
CUST_007786,8,Basic,46-55,North,16.3,10.0,6,3.6,0.0,0,1,0,0
CUST_007787,5,Basic,18-25,South,3.5,22.2,2,11.9,4.0,2,0,0,1
CUST_007788,30,Standard,36-45,South,10.6,40.9,12,1.2,1.0,1,0,1,0
CUST_007789,1,Basic,46-55,South,,25.8,7,2.4,1.0,0,1,1,0
CUST_007790,10,Basic,36-45,East,2.1,14.7,2,0.7,0.0,4,0,1,1
CUST_007791,9,Premium,36-45,East,11.8,80.0,8,1.4,2.0,0,0,0,0
CUST_007792,2,Basic,46-55,East,15.6,18.6,3,0.8,4.0,1,0,0,0
CUST_007793,6,Basic,26-35,East,2.4,19.1,5,0.3,6.0,4,0,0,1
CUST_007794,12,Standard,18-25,West,,32.2,8,0.3,2.0,1,0,0,0
CUST_007795,15,Premium,36-45,West,9.7,6.4,3,34.9,3.0,0,0,0,1
CUST_007796,1,Basic,46-55,West,23.0,5.8,6,8.1,4.0,0,0,1,0
CUST_007797,33,Basic,46-55,North,11.0,49.7,5,3.8,1.0,0,0,0,0
CUST_007798,2,Standard,36-45,South,1.0,4.1,7,3.7,6.0,0,0,0,1
CUST_007799,3,Basic,46-55,East,14.1,26.0,5,1.5,1.0,0,0,0,0
CUST_007800,3,Standard,46-55,South,26.2,64.0,8,3.4,1.0,0,0,0,0
CUST_007801,1,Premium,18-25,North,10.9,113.0,7,0.8,0.0,0,0,0,0
CUST_007802,1,Premium,46-55,South,30.8,90.4,11,0.9,1.0,2,1,2,0
CUST_007803,51,Basic,26-35,West,3.4,8.5,2,13.9,4.0,0,0,0,1
CUST_007804,4,Basic,26-35,South,8.8,54.6,6,0.3,2.0,0,0,0,0
CUST_007805,1,Premium,26-35,South,29.3,15.7,12,0.2,1.0,1,0,0,0
CUST_007806,1,Basic,26-35,North,6.2,3.5,7,1.8,1.0,0,0,1,0
CUST_007807,15,Basic,26-35,East,23.3,6.4,9,1.6,1.0,0,0,1,0
CUST_007808,23,Standard,26-35,South,4.5,37.7,10,1.6,1.0,0,0,0,0
CUST_007809,3,Basic,26-35,North,16.3,51.6,10,1.9,2.0,1,0,0,0
CUST_007810,1,Basic,18-25,West,7.0,32.4,6,1.2,0.0,1,0,0,0
CUST_007811,3,Premium,36-45,West,25.4,113.0,14,0.7,0.0,1,0,0,0
CUST_007812,1,Basic,46-55,East,23.3,38.4,8,0.2,1.0,0,0,1,0
CUST_007813,1,Basic,46-55,West,9.6,55.1,9,0.5,1.0,0,1,1,0
CUST_007814,6,Basic,46-55,South,4.8,62.5,11,0.1,1.0,0,0,0,0
CUST_007815,3,Standard,26-35,East,4.3,39.2,7,1.3,3.0,0,0,0,0
CUST_007816,8,Basic,46-55,North,4.1,21.7,7,0.1,1.0,0,1,1,0
CUST_007817,3,Basic,26-35,East,7.9,15.9,9,1.1,1.0,1,0,0,0
CUST_007818,33,Standard,18-25,North,1.8,17.0,9,0.7,2.0,0,0,0,0
CUST_007819,28,Standard,36-45,North,2.2,23.0,6,6.7,1.0,4,0,0,1
CUST_007820,10,Basic,36-45,South,3.8,11.5,4,6.3,1.0,2,1,1,1
CUST_007821,5,Standard,46-55,North,18.2,13.4,2,1.7,2.0,1,0,0,0
CUST_007822,5,Basic,36-45,South,13.3,75.8,13,3.8,0.0,1,1,0,0
CUST_007823,6,Standard,26-35,East,28.6,13.1,12,1.3,0.0,1,0,2,0
CUST_007824,15,Basic,46-55,East,4.6,25.1,5,0.5,1.0,0,0,0,0
CUST_007825,7,Basic,36-45,North,7.8,57.8,6,0.1,1.0,1,1,1,0
CUST_007826,23,Standard,46-55,North,,31.0,4,0.1,2.0,0,0,0,0
CUST_007827,34,Basic,46-55,East,6.1,43.7,8,2.3,1.0,0,1,0,0
CUST_007828,4,Basic,26-35,East,1.2,10.6,4,10.3,6.0,2,0,0,1
CUST_007829,9,Basic,18-25,North,11.8,11.1,6,2.8,1.0,0,1,1,0
CUST_007830,1,Standard,26-35,East,8.9,21.3,5,1.2,1.0,1,0,0,0
CUST_007831,2,Basic,18-25,West,5.7,31.5,14,2.3,2.0,1,0,0,0
CUST_007832,6,Basic,26-35,North,9.2,58.0,8,6.0,1.0,0,0,0,0
CUST_007833,2,Basic,36-45,South,5.1,8.3,2,10.7,1.0,2,1,0,1
CUST_007834,25,Basic,56+,South,6.9,50.0,11,3.0,1.0,0,1,1,0
CUST_007835,2,Basic,46-55,West,10.4,50.0,4,3.0,1.0,0,0,1,0
CUST_007836,7,Basic,46-55,North,13.9,21.9,7,1.9,,0,0,0,0
CUST_007837,11,Basic,18-25,South,2.2,15.9,4,31.0,3.0,0,1,1,1
CUST_007838,14,Basic,26-35,West,21.2,11.8,10,3.7,1.0,1,0,0,0
CUST_007839,5,Standard,36-45,South,8.8,33.9,8,2.3,1.0,0,0,0,0
CUST_007840,24,Standard,18-25,East,1.4,12.3,2,13.9,3.0,4,0,0,1
CUST_007841,10,Premium,46-55,North,31.8,38.7,11,0.6,1.0,0,1,0,0
CUST_007842,6,Basic,56+,West,2.1,36.4,8,0.2,1.0,0,0,0,0
CUST_007843,1,Premium,26-35,West,7.8,13.9,4,0.7,3.0,5,0,0,1
CUST_007844,7,Basic,46-55,East,2.1,12.0,5,17.2,3.0,2,0,1,1
CUST_007845,20,Premium,18-25,North,5.1,40.8,9,0.1,2.0,0,1,1,0
CUST_007846,11,Basic,36-45,North,3.5,,3,5.8,4.0,2,0,0,1
CUST_007847,21,Basic,18-25,East,6.1,41.2,11,6.0,1.0,0,0,2,0
CUST_007848,8,Basic,26-35,South,20.6,24.2,7,2.1,4.0,0,1,1,0
CUST_007849,1,Basic,46-55,East,17.4,48.8,7,0.9,1.0,0,0,1,0
CUST_007850,1,Standard,46-55,East,1.1,11.1,2,8.9,4.0,0,0,0,1
CUST_007851,4,Standard,36-45,West,19.1,23.9,4,9.1,2.0,0,1,0,0
CUST_007852,14,Premium,36-45,South,1.1,4.8,4,0.9,0.0,2,0,2,1
CUST_007853,18,Standard,36-45,East,22.6,9.1,7,3.9,1.0,0,0,0,0
CUST_007854,4,Basic,46-55,West,14.4,42.2,6,4.1,0.0,1,0,2,0
CUST_007855,8,Basic,56+,South,5.1,15.0,1,5.9,3.0,2,0,1,1
CUST_007856,6,Premium,46-55,West,20.6,34.2,12,1.1,0.0,0,1,1,0
CUST_007857,6,Standard,46-55,North,0.7,9.2,10,0.4,2.0,0,0,1,0
CUST_007858,3,Standard,36-45,East,6.3,24.8,3,0.1,2.0,0,0,1,0
CUST_007859,1,Basic,36-45,West,3.9,26.9,2,7.9,,4,1,0,1
CUST_007860,2,Standard,18-25,South,17.8,34.7,8,2.9,1.0,1,0,0,0
CUST_007861,1,Premium,26-35,South,23.7,29.3,8,1.1,0.0,1,1,0,0
CUST_007862,2,Basic,46-55,North,9.8,7.9,8,0.8,0.0,1,0,2,0
CUST_007863,1,Basic,46-55,East,2.6,30.1,8,2.1,1.0,0,0,0,0
CUST_007864,11,Basic,36-45,East,10.0,24.1,6,0.0,2.0,0,1,1,0
CUST_007865,4,Standard,26-35,North,4.7,26.2,4,4.2,1.0,4,0,2,1
CUST_007866,43,Basic,18-25,West,15.9,50.7,9,1.9,5.0,0,0,0,0
CUST_007867,2,Basic,26-35,West,,14.2,9,1.3,0.0,0,0,2,0
CUST_007868,5,Basic,26-35,West,16.2,36.7,3,0.9,1.0,2,1,1,0
CUST_007869,5,Standard,36-45,East,8.3,13.6,7,0.7,0.0,0,1,0,0
CUST_007870,1,Basic,56+,South,7.0,,7,1.0,0.0,0,1,0,0
CUST_007871,21,Basic,18-25,West,8.7,,8,1.5,1.0,1,0,0,0
CUST_007872,1,Premium,36-45,South,6.5,54.6,12,2.3,2.0,1,0,0,0
CUST_007873,33,Premium,26-35,East,9.4,24.6,15,6.3,1.0,0,0,1,0
CUST_007874,26,Basic,56+,East,13.6,30.0,7,0.1,0.0,0,1,0,0
CUST_007875,9,Standard,46-55,South,8.1,25.6,5,0.2,0.0,0,0,1,0
CUST_007876,9,Standard,26-35,North,3.5,17.7,1,12.3,1.0,2,1,0,1
CUST_007877,12,Basic,56+,North,1.4,37.1,10,3.0,2.0,0,0,0,0
CUST_007878,5,Basic,36-45,South,6.0,43.6,8,0.1,5.0,1,1,2,0
CUST_007879,12,Basic,26-35,South,10.0,46.6,7,4.0,2.0,1,1,1,0
CUST_007880,1,Basic,36-45,West,7.3,6.6,10,3.7,2.0,0,0,0,0
CUST_007881,1,Basic,26-35,South,17.1,48.8,8,1.6,2.0,0,0,1,0
CUST_007882,7,Standard,36-45,South,12.8,47.9,7,5.3,0.0,0,0,1,0
CUST_007883,9,Basic,56+,South,22.6,27.5,6,1.5,1.0,0,0,2,0
CUST_007884,26,Standard,46-55,North,9.1,33.1,6,0.5,0.0,0,0,1,0
CUST_007885,1,Basic,26-35,North,1.7,14.6,3,1.6,0.0,4,1,0,1
CUST_007886,20,Standard,26-35,North,11.8,11.7,9,0.8,2.0,1,0,0,0
CUST_007887,2,Basic,18-25,South,1.7,7.9,3,9.5,3.0,2,0,0,1
CUST_007888,6,Standard,26-35,North,3.1,22.0,2,0.1,0.0,4,0,1,1
CUST_007889,4,Standard,18-25,North,17.5,24.6,9,4.3,1.0,1,1,4,0
CUST_007890,6,Standard,36-45,West,2.5,10.8,6,8.5,0.0,4,1,0,1
CUST_007891,1,Basic,46-55,North,1.9,17.8,3,15.1,3.0,0,1,1,1
CUST_007892,8,Standard,46-55,North,6.6,19.3,4,28.7,0.0,4,0,1,1
CUST_007893,19,Premium,18-25,West,26.6,22.1,11,2.2,1.0,0,1,0,0
CUST_007894,6,Standard,26-35,East,5.8,20.8,10,3.0,1.0,0,0,1,0
CUST_007895,8,Basic,26-35,North,4.4,65.9,8,1.7,5.0,0,0,0,0
CUST_007896,22,Standard,18-25,North,6.6,23.0,11,0.6,1.0,1,0,1,0
CUST_007897,14,Basic,26-35,East,7.5,28.9,5,1.7,2.0,0,0,0,0
CUST_007898,8,Premium,26-35,East,17.2,19.2,16,0.6,1.0,0,0,1,0
CUST_007899,3,Standard,36-45,North,3.0,53.3,12,3.2,2.0,0,0,2,0
CUST_007900,25,Basic,46-55,North,1.3,8.6,5,15.0,1.0,0,1,0,1
CUST_007901,10,Basic,36-45,West,24.8,10.4,9,1.1,2.0,0,0,0,0
CUST_007902,2,Basic,46-55,East,11.2,50.6,10,1.6,3.0,0,0,1,0
CUST_007903,3,Premium,18-25,South,22.1,28.5,12,1.1,1.0,1,0,1,0
CUST_007904,19,Basic,46-55,South,16.8,12.3,10,0.7,1.0,0,1,0,0
CUST_007905,1,Basic,26-35,North,14.0,60.0,2,0.8,2.0,0,0,0,0
CUST_007906,58,Premium,26-35,South,3.3,19.6,2,9.7,0.0,2,0,1,1
CUST_007907,1,Basic,18-25,West,5.4,6.0,3,42.0,4.0,4,0,0,1
CUST_007908,19,Basic,26-35,North,6.2,15.1,9,1.1,0.0,1,0,0,0
CUST_007909,6,Standard,36-45,West,0.9,14.2,10,1.0,1.0,0,0,1,0
CUST_007910,8,Basic,56+,North,2.0,15.0,10,4.4,1.0,0,0,1,0
CUST_007911,25,Basic,46-55,South,8.4,16.4,7,2.9,2.0,0,0,0,0
CUST_007912,6,Basic,26-35,North,18.4,86.7,7,6.8,1.0,0,0,1,0
CUST_007913,9,Standard,36-45,East,2.7,42.2,2,13.0,1.0,4,1,0,1
CUST_007914,1,Premium,36-45,South,6.6,57.0,14,3.1,2.0,1,0,0,0
CUST_007915,1,Basic,46-55,East,3.6,18.8,10,0.0,3.0,0,0,0,0
CUST_007916,3,Basic,46-55,East,8.3,10.2,5,1.6,1.0,0,0,0,0
CUST_007917,13,Basic,36-45,South,10.1,16.4,19,4.5,2.0,0,0,0,0
CUST_007918,1,Standard,36-45,East,4.8,57.1,8,0.6,0.0,0,0,0,0
CUST_007919,1,Basic,46-55,North,12.9,22.3,9,1.6,1.0,0,0,0,0
CUST_007920,6,Premium,18-25,East,21.7,58.1,8,3.0,1.0,1,1,0,0
CUST_007921,12,Basic,26-35,North,7.5,29.6,6,0.4,2.0,0,0,0,0
CUST_007922,14,Premium,36-45,South,22.5,57.4,7,2.3,1.0,0,0,0,0
CUST_007923,2,Standard,46-55,West,5.0,35.4,5,0.4,1.0,0,1,2,0
CUST_007924,1,Standard,26-35,North,6.3,25.0,4,6.8,1.0,0,0,0,0
CUST_007925,33,Basic,56+,West,18.4,43.5,9,2.4,,1,1,1,0
CUST_007926,3,Standard,26-35,West,9.3,46.6,9,0.4,0.0,0,1,1,0
CUST_007927,23,Basic,26-35,South,5.1,7.1,5,8.4,1.0,2,0,0,1
CUST_007928,23,Basic,26-35,North,1.2,16.8,5,5.8,1.0,2,0,1,1
CUST_007929,17,Basic,56+,West,14.3,38.8,5,2.8,1.0,1,0,0,0
CUST_007930,2,Premium,26-35,West,21.4,5.1,12,6.7,1.0,0,0,0,0
CUST_007931,20,Standard,36-45,North,12.9,9.7,8,2.5,2.0,0,0,0,0
CUST_007932,17,Standard,26-35,West,0.8,20.1,4,22.6,3.0,2,0,0,1
CUST_007933,10,Standard,36-45,West,3.9,34.9,12,0.9,,1,0,2,0
CUST_007934,4,Basic,46-55,South,6.6,42.2,8,2.2,2.0,0,0,1,0
CUST_007935,3,Standard,26-35,West,24.4,17.2,5,3.9,3.0,0,0,2,0
CUST_007936,1,Standard,46-55,South,1.9,7.6,4,3.7,0.0,2,0,1,1
CUST_007937,8,Standard,56+,East,10.9,20.1,2,8.5,2.0,0,0,0,0
CUST_007938,10,Basic,18-25,South,13.6,48.4,8,1.3,1.0,1,0,0,0
CUST_007939,5,Premium,46-55,North,15.2,40.3,14,2.4,3.0,0,0,1,0
CUST_007940,7,Premium,26-35,East,15.9,29.3,15,0.4,3.0,1,0,1,0
CUST_007941,5,Standard,26-35,North,9.8,35.1,8,2.1,1.0,1,0,0,0
CUST_007942,12,Basic,36-45,East,2.3,80.9,8,0.6,0.0,1,0,0,0
CUST_007943,27,Standard,46-55,West,1.1,33.8,7,3.9,0.0,0,0,0,0
CUST_007944,2,Standard,26-35,North,6.5,86.1,9,4.5,2.0,0,0,0,0
CUST_007945,5,Basic,18-25,South,,58.1,5,1.3,0.0,1,0,2,0
CUST_007946,1,Basic,56+,East,4.5,23.4,10,0.9,3.0,0,0,1,0
CUST_007947,11,Basic,46-55,North,16.9,30.7,8,0.3,2.0,0,1,0,0
CUST_007948,15,Standard,26-35,West,10.2,17.4,6,1.5,0.0,1,0,1,0
CUST_007949,32,Basic,36-45,South,10.6,22.8,10,1.0,0.0,0,0,1,0
CUST_007950,3,Basic,18-25,East,8.4,18.7,7,1.1,0.0,0,0,0,0
CUST_007951,35,Standard,26-35,North,1.0,11.9,4,25.8,0.0,0,0,0,1
CUST_007952,1,Standard,36-45,North,12.9,29.7,13,1.8,0.0,0,0,0,0
CUST_007953,11,Basic,36-45,North,10.7,33.9,9,1.5,0.0,0,0,0,0
CUST_007954,1,Basic,26-35,North,3.7,30.0,15,0.5,2.0,0,0,0,0
CUST_007955,26,Premium,46-55,South,6.6,65.0,15,0.0,1.0,0,0,0,0
CUST_007956,9,Standard,26-35,East,11.4,6.2,6,7.6,0.0,0,0,2,0
CUST_007957,13,Basic,36-45,North,5.9,44.9,5,0.4,1.0,1,0,1,0
CUST_007958,21,Premium,26-35,North,6.3,29.2,8,8.2,1.0,0,0,0,0
CUST_007959,1,Basic,26-35,South,,19.4,8,2.6,2.0,0,0,0,0
CUST_007960,1,Premium,26-35,West,21.9,32.7,9,1.0,2.0,0,0,0,0
CUST_007961,25,Basic,36-45,East,30.0,27.4,9,0.2,4.0,0,0,1,0
CUST_007962,4,Basic,26-35,North,6.9,47.7,4,2.2,1.0,0,0,0,0
CUST_007963,1,Basic,18-25,West,3.8,11.7,4,17.0,6.0,0,1,0,1
CUST_007964,7,Basic,18-25,West,8.1,49.7,8,3.2,2.0,0,0,1,0
CUST_007965,10,Standard,36-45,South,6.4,25.7,4,0.5,1.0,5,1,0,1
CUST_007966,1,Standard,26-35,East,0.8,10.2,2,19.5,1.0,0,1,3,1
CUST_007967,3,Standard,36-45,South,6.8,20.5,7,0.8,2.0,0,0,0,0
CUST_007968,1,Basic,26-35,West,1.2,25.4,7,1.5,3.0,0,1,0,0
CUST_007969,6,Basic,36-45,East,4.9,30.4,11,2.5,2.0,0,0,1,0
CUST_007970,27,Basic,56+,West,8.2,13.7,13,0.2,1.0,0,0,0,0
CUST_007971,48,Basic,36-45,North,29.7,26.6,13,4.3,0.0,0,1,0,0
CUST_007972,12,Standard,46-55,South,8.0,32.1,8,0.7,1.0,0,0,0,0
CUST_007973,2,Basic,46-55,West,2.0,1.3,4,28.5,0.0,0,0,1,1
CUST_007974,28,Standard,56+,West,4.6,49.5,5,0.4,2.0,0,1,2,0
CUST_007975,8,Standard,26-35,East,5.3,9.1,7,2.4,0.0,0,0,1,0
CUST_007976,2,Basic,46-55,West,12.9,,9,5.3,1.0,0,0,1,0
CUST_007977,30,Standard,56+,East,0.2,7.7,3,3.1,3.0,2,1,0,1
CUST_007978,16,Basic,26-35,East,3.9,14.7,3,9.4,1.0,2,0,1,1
CUST_007979,15,Basic,26-35,South,28.5,27.9,8,4.1,2.0,0,0,2,0
CUST_007980,14,Standard,56+,South,7.9,47.7,5,4.9,3.0,0,0,1,0
CUST_007981,2,Basic,36-45,South,0.1,34.2,4,7.3,1.0,2,0,1,1
CUST_007982,2,Basic,26-35,East,2.7,14.1,11,3.2,0.0,0,1,0,0
CUST_007983,13,Standard,46-55,South,4.1,25.7,14,2.0,2.0,0,1,0,0
CUST_007984,2,Basic,26-35,North,3.3,18.0,10,0.7,0.0,0,0,0,0
CUST_007985,6,Standard,26-35,North,9.0,14.7,3,2.5,0.0,5,0,2,1
CUST_007986,18,Basic,36-45,West,2.5,15.6,3,1.7,1.0,2,0,1,1
CUST_007987,18,Basic,36-45,North,5.9,39.2,7,3.9,2.0,0,1,1,0
CUST_007988,7,Premium,46-55,North,3.9,19.4,1,4.0,0.0,4,0,0,1
CUST_007989,18,Standard,36-45,South,6.8,36.6,7,1.3,0.0,0,0,0,0
CUST_007990,21,Basic,46-55,South,9.1,10.8,10,3.9,3.0,0,1,0,0
CUST_007991,12,Basic,26-35,South,4.4,46.8,6,2.9,0.0,1,0,0,0
CUST_007992,3,Premium,36-45,North,18.2,35.6,15,2.3,4.0,1,0,0,0
CUST_007993,3,Basic,26-35,North,10.5,19.0,13,0.1,2.0,0,0,1,0
CUST_007994,4,Standard,26-35,West,22.1,24.2,10,6.9,2.0,0,0,2,0
CUST_007995,1,Standard,46-55,West,14.2,11.2,11,3.3,0.0,1,0,1,0
CUST_007996,3,Standard,26-35,North,11.9,26.6,3,1.3,0.0,1,0,1,0
CUST_007997,2,Standard,46-55,East,1.4,26.9,4,27.2,3.0,0,0,1,1
CUST_007998,7,Standard,26-35,East,10.6,73.8,10,1.3,1.0,0,0,1,0
CUST_007999,28,Standard,18-25,East,3.9,14.9,3,6.7,4.0,2,0,2,1
CUST_008000,1,Standard,18-25,South,5.2,27.9,6,0.3,1.0,1,0,0,0
CUST_008001,15,Standard,46-55,South,2.2,17.4,3,10.8,0.0,2,0,0,1
CUST_008002,13,Basic,26-35,East,6.6,39.4,6,3.7,0.0,1,0,0,0
CUST_008003,1,Basic,36-45,South,18.1,13.8,12,0.7,1.0,2,0,1,0
CUST_008004,30,Standard,36-45,North,13.0,10.9,8,3.3,2.0,0,0,2,0
CUST_008005,10,Premium,26-35,South,38.7,65.5,11,0.5,1.0,0,0,1,0
CUST_008006,5,Basic,36-45,West,3.3,24.6,2,36.1,1.0,0,1,2,1
CUST_008007,16,Basic,26-35,South,8.1,21.0,10,0.2,2.0,0,0,0,0
CUST_008008,3,Premium,56+,South,3.5,33.3,6,4.0,3.0,4,1,0,1
CUST_008009,14,Standard,26-35,West,6.1,13.6,4,17.7,3.0,2,0,0,1
CUST_008010,1,Basic,26-35,West,2.5,13.7,7,6.4,4.0,2,0,1,1
CUST_008011,21,Standard,26-35,South,2.9,23.5,5,1.2,2.0,0,0,1,0
CUST_008012,7,Premium,36-45,South,2.5,20.0,14,3.1,1.0,0,0,0,0
CUST_008013,12,Standard,36-45,East,22.6,39.2,5,4.0,2.0,2,0,0,0
CUST_008014,3,Standard,56+,North,10.9,23.2,7,2.0,4.0,0,1,1,0
CUST_008015,13,Basic,46-55,East,1.8,18.8,9,1.1,2.0,0,0,2,0
CUST_008016,17,Premium,26-35,West,10.7,51.5,11,12.7,1.0,0,1,0,0
CUST_008017,7,Standard,36-45,South,13.1,39.0,9,1.9,0.0,0,1,1,0
CUST_008018,11,Premium,46-55,North,23.2,55.3,14,0.6,1.0,1,1,1,0
CUST_008019,7,Basic,56+,North,3.2,54.4,12,4.0,1.0,0,1,1,0
CUST_008020,26,Basic,26-35,East,3.1,20.2,2,2.3,1.0,4,0,1,1
CUST_008021,8,Basic,26-35,South,11.9,15.3,9,0.7,1.0,1,0,0,0
CUST_008022,22,Basic,46-55,South,11.3,,11,2.7,1.0,0,0,1,0
CUST_008023,19,Standard,26-35,South,6.6,28.8,8,0.8,1.0,0,0,0,0
CUST_008024,6,Premium,36-45,North,18.6,6.1,7,1.7,1.0,0,0,0,0
CUST_008025,3,Standard,56+,East,18.0,105.5,5,2.9,1.0,0,1,0,0
CUST_008026,6,Premium,46-55,South,20.9,38.0,9,3.0,3.0,0,0,3,0
CUST_008027,20,Basic,26-35,East,10.1,13.9,10,1.0,1.0,1,0,0,0
CUST_008028,3,Standard,26-35,South,1.6,25.2,6,4.8,3.0,2,0,1,1
CUST_008029,8,Standard,26-35,North,5.3,20.8,6,1.0,0.0,0,0,0,0
CUST_008030,19,Standard,56+,West,8.2,27.7,6,3.4,1.0,1,0,2,0
CUST_008031,5,Standard,56+,East,4.7,36.8,9,1.8,1.0,0,0,1,0
CUST_008032,12,Standard,46-55,West,8.1,28.5,6,0.4,1.0,1,1,0,0
CUST_008033,3,Standard,36-45,North,11.8,4.7,7,0.8,2.0,1,0,0,0
CUST_008034,1,Basic,18-25,North,14.0,33.5,6,5.3,2.0,0,0,0,0
CUST_008035,18,Standard,36-45,East,3.6,42.7,9,2.1,,1,0,3,0
CUST_008036,1,Premium,26-35,West,30.6,17.2,15,0.3,1.0,1,0,1,0
CUST_008037,3,Basic,36-45,West,6.2,27.5,4,1.1,1.0,0,0,0,0
CUST_008038,23,Standard,36-45,West,1.7,38.2,12,2.3,1.0,0,0,0,0
CUST_008039,5,Standard,36-45,North,3.1,56.3,10,3.7,2.0,1,0,2,0
CUST_008040,43,Standard,56+,West,5.1,33.6,5,1.5,2.0,0,0,1,0
CUST_008041,46,Standard,18-25,West,19.6,34.9,2,3.9,3.0,1,0,1,0
CUST_008042,3,Premium,46-55,North,14.4,39.3,11,2.5,1.0,1,0,0,0
CUST_008043,1,Basic,26-35,South,22.6,26.0,5,4.9,3.0,0,1,0,0
CUST_008044,14,Basic,46-55,East,8.0,19.8,9,3.9,3.0,0,0,1,0
CUST_008045,7,Standard,36-45,North,3.0,8.6,4,3.8,1.0,2,0,0,1
CUST_008046,1,Standard,18-25,East,20.8,18.2,11,3.3,4.0,0,1,1,0
CUST_008047,14,Standard,26-35,West,7.7,30.8,11,5.9,2.0,0,0,1,0
CUST_008048,1,Basic,26-35,West,6.6,20.0,4,32.7,4.0,0,0,1,1
CUST_008049,24,Basic,26-35,West,,49.5,7,0.0,1.0,0,0,1,0
CUST_008050,1,Premium,46-55,South,,74.7,14,0.6,2.0,2,0,0,0
CUST_008051,1,Basic,26-35,South,4.8,13.0,3,11.3,3.0,4,1,0,1
CUST_008052,2,Standard,36-45,East,6.2,27.5,6,0.9,2.0,0,0,0,0
CUST_008053,38,Standard,26-35,South,13.2,32.9,3,0.8,3.0,0,0,0,0
CUST_008054,14,Standard,36-45,North,16.4,16.2,7,1.7,3.0,0,0,0,0
CUST_008055,19,Basic,46-55,East,17.2,49.8,11,7.8,2.0,0,0,1,0
CUST_008056,6,Standard,26-35,South,6.1,30.5,10,0.6,0.0,0,1,0,0
CUST_008057,4,Premium,36-45,North,9.0,37.4,14,1.0,3.0,1,0,1,0
CUST_008058,3,Basic,46-55,North,23.6,32.8,8,5.4,1.0,0,1,2,0
CUST_008059,7,Basic,18-25,West,7.3,34.6,4,4.6,5.0,0,1,0,0
CUST_008060,9,Basic,46-55,South,2.0,7.8,1,6.0,6.0,0,1,0,1
CUST_008061,11,Basic,26-35,South,0.5,,3,8.4,3.0,0,0,0,1
CUST_008062,3,Premium,18-25,West,8.1,20.7,4,1.0,0.0,1,0,0,0
CUST_008063,35,Premium,36-45,South,13.7,30.5,16,3.2,2.0,1,0,1,0
CUST_008064,2,Premium,26-35,North,1.4,30.2,2,5.1,4.0,2,1,0,1
CUST_008065,40,Standard,46-55,East,15.3,37.5,8,5.1,0.0,1,1,1,0
CUST_008066,1,Standard,18-25,North,19.0,26.7,12,0.1,0.0,0,0,0,0
CUST_008067,7,Basic,18-25,North,7.5,31.5,7,0.1,0.0,1,1,2,0
CUST_008068,4,Standard,36-45,West,9.7,30.9,6,2.2,0.0,0,0,0,0
CUST_008069,7,Standard,36-45,South,1.5,13.3,3,10.4,1.0,4,0,0,1
CUST_008070,10,Premium,46-55,East,1.2,22.3,3,4.9,0.0,4,0,0,1
CUST_008071,6,Standard,26-35,East,7.6,4.9,2,2.7,,2,0,0,1
CUST_008072,6,Premium,46-55,North,3.5,11.5,8,3.5,2.0,0,0,0,0
CUST_008073,15,Premium,56+,East,7.2,87.1,12,2.9,1.0,1,0,0,0
CUST_008074,13,Premium,36-45,North,5.6,65.4,11,0.1,2.0,1,0,1,0
CUST_008075,21,Basic,46-55,South,4.0,37.6,5,1.7,4.0,4,1,0,1
CUST_008076,3,Standard,36-45,East,11.3,39.0,2,0.5,1.0,0,0,0,0
CUST_008077,11,Standard,18-25,North,7.8,32.3,10,4.6,3.0,0,0,1,0
CUST_008078,10,Basic,26-35,East,14.9,39.3,6,1.8,0.0,0,1,0,0
CUST_008079,5,Basic,18-25,North,1.5,15.3,3,0.3,0.0,2,0,0,1
CUST_008080,7,Standard,56+,South,12.1,7.3,13,4.4,0.0,1,1,0,0
CUST_008081,4,Basic,26-35,East,1.2,12.1,3,8.1,4.0,2,1,1,1
CUST_008082,1,Basic,36-45,South,3.1,74.5,6,1.5,1.0,1,0,0,0
CUST_008083,2,Standard,26-35,West,5.1,12.8,4,0.0,1.0,4,0,2,1
CUST_008084,1,Premium,36-45,East,25.2,46.0,12,0.2,,0,0,1,0
CUST_008085,13,Standard,26-35,West,30.0,15.8,1,0.9,1.0,0,0,0,0
CUST_008086,12,Basic,46-55,South,28.0,20.2,14,8.5,2.0,0,0,0,0
CUST_008087,36,Basic,18-25,West,18.0,24.1,15,0.0,3.0,0,0,0,0
CUST_008088,15,Basic,46-55,East,14.8,26.1,10,1.6,2.0,0,0,0,0
CUST_008089,1,Basic,46-55,East,8.6,28.9,8,0.3,2.0,0,1,0,0
CUST_008090,25,Basic,36-45,West,11.3,30.7,13,2.6,1.0,1,1,0,0
CUST_008091,23,Premium,18-25,East,6.6,17.7,3,10.6,1.0,4,0,0,1
CUST_008092,7,Standard,26-35,West,20.9,20.3,11,0.6,1.0,1,0,0,0
CUST_008093,10,Basic,46-55,East,12.6,32.1,6,1.4,0.0,0,0,0,0
CUST_008094,44,Basic,18-25,East,5.9,35.9,10,1.1,2.0,0,1,0,0
CUST_008095,9,Standard,26-35,South,1.6,37.6,5,2.4,7.0,5,1,0,1
CUST_008096,28,Standard,36-45,North,1.5,2.8,5,7.7,4.0,2,1,0,1
CUST_008097,1,Basic,26-35,East,3.1,13.2,11,0.3,2.0,0,0,1,0
CUST_008098,2,Premium,26-35,West,5.2,78.5,14,2.2,1.0,1,0,1,0
CUST_008099,6,Basic,36-45,West,1.7,22.9,12,0.4,1.0,0,0,0,0
CUST_008100,10,Basic,26-35,East,2.8,15.2,2,11.9,1.0,4,0,0,1
CUST_008101,20,Basic,18-25,East,4.6,10.1,3,5.1,3.0,5,0,0,1
CUST_008102,53,Standard,36-45,South,5.1,15.6,12,2.7,3.0,0,0,1,0
CUST_008103,5,Basic,26-35,North,12.5,9.6,13,5.2,3.0,0,1,1,0
CUST_008104,1,Basic,46-55,North,16.9,31.7,10,1.1,1.0,1,0,0,0
CUST_008105,19,Basic,18-25,North,13.9,40.3,9,7.0,1.0,0,1,1,0
CUST_008106,11,Standard,36-45,East,17.9,41.0,6,0.5,1.0,0,1,0,0
CUST_008107,2,Basic,26-35,West,5.6,23.0,8,4.8,1.0,0,0,0,0
CUST_008108,8,Basic,26-35,South,2.6,27.5,10,1.4,0.0,0,1,1,0
CUST_008109,16,Basic,26-35,North,16.8,40.6,12,0.3,2.0,1,1,0,0
CUST_008110,17,Basic,18-25,South,5.3,43.8,7,2.6,2.0,0,0,0,0
CUST_008111,8,Standard,46-55,South,17.3,36.5,21,3.6,5.0,1,1,0,0
CUST_008112,4,Basic,26-35,South,9.3,37.5,4,5.1,5.0,0,0,1,0
CUST_008113,43,Basic,36-45,South,28.8,69.2,7,0.2,2.0,0,1,0,0
CUST_008114,13,Standard,56+,South,1.1,11.7,5,0.1,3.0,2,1,0,1
CUST_008115,6,Basic,36-45,West,10.8,12.8,8,0.5,3.0,0,1,0,0
CUST_008116,3,Basic,26-35,South,12.4,40.8,10,1.4,2.0,1,0,0,0
CUST_008117,15,Basic,26-35,West,5.2,19.8,1,4.3,3.0,4,0,2,1
CUST_008118,3,Premium,56+,East,22.0,37.8,7,0.0,0.0,0,0,2,0
CUST_008119,2,Standard,36-45,South,4.6,43.3,6,0.8,1.0,1,1,0,0
CUST_008120,9,Standard,36-45,West,10.3,46.9,6,1.1,3.0,1,1,1,0
CUST_008121,4,Premium,26-35,East,41.9,58.1,4,1.2,0.0,0,0,1,0
CUST_008122,11,Premium,46-55,North,12.8,19.3,9,2.0,4.0,0,0,1,0
CUST_008123,1,Standard,46-55,North,1.2,18.9,5,0.6,3.0,2,1,0,1
CUST_008124,12,Standard,26-35,West,3.7,22.4,3,8.7,1.0,2,0,0,1
CUST_008125,3,Basic,36-45,South,1.4,16.0,4,3.0,0.0,2,0,0,1
CUST_008126,1,Basic,26-35,South,8.9,60.8,5,1.0,0.0,0,1,0,0
CUST_008127,1,Standard,18-25,North,16.0,19.1,7,0.2,0.0,0,0,0,0
CUST_008128,32,Premium,46-55,North,18.5,66.2,9,1.9,1.0,0,0,0,0
CUST_008129,24,Basic,18-25,West,10.8,36.2,10,7.7,1.0,0,1,0,0
CUST_008130,3,Standard,36-45,West,24.5,24.3,11,1.4,0.0,0,0,0,0
CUST_008131,18,Basic,26-35,East,1.9,11.6,4,10.2,4.0,4,1,1,1
CUST_008132,11,Basic,26-35,South,12.1,59.8,7,1.5,1.0,1,0,0,0
CUST_008133,42,Basic,36-45,West,7.6,8.3,9,7.2,0.0,0,0,0,0
CUST_008134,5,Standard,56+,East,30.0,27.0,13,1.1,0.0,2,1,0,0
CUST_008135,13,Basic,26-35,West,11.4,20.1,10,0.9,3.0,1,1,1,0
CUST_008136,1,Standard,26-35,North,21.9,23.8,9,4.9,1.0,2,0,0,0
CUST_008137,6,Premium,36-45,South,3.7,33.9,15,2.2,3.0,0,1,1,0
CUST_008138,39,Premium,26-35,West,20.5,15.1,22,4.2,0.0,1,0,0,0
CUST_008139,9,Basic,18-25,South,3.4,10.2,4,16.2,3.0,2,0,1,1
CUST_008140,4,Premium,18-25,East,13.4,42.8,7,0.6,1.0,2,0,2,0
CUST_008141,1,Basic,18-25,East,5.9,26.5,6,1.3,1.0,1,0,1,0
CUST_008142,14,Basic,26-35,North,,22.8,9,1.0,1.0,0,1,0,0
CUST_008143,12,Standard,26-35,West,7.4,17.3,10,1.3,0.0,0,0,0,0
CUST_008144,5,Basic,26-35,North,2.3,11.4,5,0.8,0.0,4,1,0,1
CUST_008145,36,Basic,46-55,East,10.8,15.4,16,0.9,2.0,0,0,1,0
CUST_008146,1,Basic,18-25,West,12.4,42.4,10,1.7,0.0,0,1,2,0
CUST_008147,4,Standard,56+,West,8.2,21.0,10,0.4,1.0,0,1,0,0
CUST_008148,30,Basic,36-45,West,0.7,6.1,3,13.2,0.0,0,0,0,1
CUST_008149,4,Standard,18-25,East,15.7,43.4,12,5.4,3.0,1,0,0,0
CUST_008150,3,Standard,56+,East,18.4,27.4,10,2.1,1.0,0,0,0,0
CUST_008151,9,Standard,26-35,East,7.4,21.7,10,0.2,0.0,1,0,2,0
CUST_008152,20,Premium,26-35,North,38.4,29.9,9,0.7,3.0,0,0,0,0
CUST_008153,1,Basic,26-35,North,4.0,72.8,8,5.1,3.0,0,1,0,0
CUST_008154,34,Basic,46-55,East,11.7,38.0,6,3.6,3.0,0,0,0,0
CUST_008155,19,Basic,36-45,North,8.2,56.0,10,5.3,3.0,0,0,1,0
CUST_008156,2,Basic,18-25,West,22.3,14.5,12,0.1,3.0,2,1,0,0
CUST_008157,14,Standard,18-25,South,,28.3,11,1.1,0.0,0,1,0,0
CUST_008158,5,Basic,46-55,South,2.0,27.5,8,0.9,0.0,0,0,1,0
CUST_008159,6,Basic,26-35,South,1.1,2.9,1,6.6,0.0,0,0,0,1
CUST_008160,18,Standard,18-25,West,2.0,21.2,6,0.6,3.0,0,0,1,0
CUST_008161,39,Standard,36-45,West,13.8,8.7,13,0.2,3.0,1,0,0,0
CUST_008162,1,Standard,46-55,North,7.4,13.1,1,8.6,0.0,4,0,0,1
CUST_008163,6,Standard,26-35,West,3.9,38.9,3,2.6,1.0,0,0,1,0
CUST_008164,7,Standard,26-35,East,5.1,60.5,6,1.5,0.0,0,0,0,0
CUST_008165,5,Standard,46-55,East,19.1,16.3,2,1.7,3.0,1,0,1,0
CUST_008166,5,Basic,18-25,West,14.9,61.8,4,1.8,2.0,1,1,0,0
CUST_008167,1,Premium,36-45,North,6.7,45.8,15,1.5,2.0,1,0,0,0
CUST_008168,13,Standard,56+,East,20.0,46.0,8,0.7,0.0,0,1,1,0
CUST_008169,6,Basic,46-55,South,4.9,14.0,3,12.4,1.0,2,0,1,1
CUST_008170,2,Basic,18-25,North,13.8,10.2,8,0.2,0.0,1,1,0,0
CUST_008171,20,Standard,26-35,North,6.0,20.3,4,1.7,1.0,0,0,0,0
CUST_008172,19,Premium,18-25,North,14.7,42.4,9,1.7,2.0,0,0,0,0
CUST_008173,7,Basic,56+,East,2.4,67.3,6,0.9,1.0,1,0,4,0
CUST_008174,4,Basic,56+,North,5.3,58.3,5,4.7,1.0,0,0,0,0
CUST_008175,12,Premium,26-35,East,4.3,97.4,5,1.8,0.0,0,0,0,0
CUST_008176,4,Premium,36-45,East,12.0,81.3,8,0.8,1.0,1,0,0,0
CUST_008177,3,Basic,46-55,West,3.2,19.3,4,6.4,4.0,2,1,1,1
CUST_008178,15,Basic,26-35,East,3.3,31.4,8,0.5,3.0,0,0,1,0
CUST_008179,1,Standard,26-35,West,6.1,18.7,9,1.1,2.0,0,0,0,0
CUST_008180,1,Basic,18-25,North,2.5,10.3,4,22.0,,2,0,1,1
CUST_008181,1,Premium,26-35,East,24.4,68.3,8,6.4,2.0,0,1,0,0
CUST_008182,1,Basic,46-55,North,2.4,67.6,9,3.3,2.0,0,1,0,0
CUST_008183,1,Basic,56+,East,9.6,15.4,6,0.9,2.0,0,0,1,0
CUST_008184,60,Basic,18-25,South,6.7,12.9,7,3.4,3.0,0,0,0,0
CUST_008185,4,Basic,26-35,East,11.7,28.5,11,1.4,2.0,1,0,0,0
CUST_008186,1,Basic,26-35,South,8.2,11.9,7,0.6,0.0,0,1,0,0
CUST_008187,3,Basic,46-55,North,3.9,32.6,6,0.8,3.0,0,0,0,0
CUST_008188,33,Standard,36-45,East,19.5,23.3,11,0.9,1.0,0,0,0,0
CUST_008189,8,Basic,36-45,West,15.6,42.6,2,0.9,1.0,0,1,0,0
CUST_008190,5,Premium,36-45,North,17.9,55.6,12,0.7,2.0,0,0,0,0
CUST_008191,24,Basic,18-25,West,14.6,18.2,8,7.7,3.0,0,0,0,0
CUST_008192,6,Standard,36-45,North,5.6,40.7,15,2.1,1.0,1,0,0,0
CUST_008193,4,Basic,56+,East,1.4,36.2,6,1.0,0.0,1,0,2,0
CUST_008194,2,Basic,18-25,West,22.5,24.0,7,3.9,1.0,0,1,2,0
CUST_008195,5,Standard,36-45,North,1.8,12.1,2,39.6,0.0,0,0,1,1
CUST_008196,4,Standard,26-35,South,8.6,50.6,10,0.0,1.0,0,1,0,0
CUST_008197,13,Standard,36-45,South,10.3,22.5,7,3.4,0.0,0,0,0,0
CUST_008198,4,Standard,36-45,South,4.6,9.4,3,6.0,4.0,2,0,0,1
CUST_008199,10,Standard,36-45,West,1.5,16.3,3,5.6,0.0,2,1,0,1
CUST_008200,1,Basic,46-55,East,11.8,49.0,7,1.0,1.0,1,0,0,0
CUST_008201,2,Premium,26-35,West,15.4,118.0,11,0.8,0.0,0,0,0,0
CUST_008202,6,Standard,36-45,North,1.6,5.9,2,3.9,1.0,2,0,1,1
CUST_008203,33,Premium,18-25,East,1.8,83.1,14,5.6,2.0,1,1,2,0
CUST_008204,5,Standard,46-55,South,9.6,35.4,8,2.7,1.0,0,0,0,0
CUST_008205,13,Basic,26-35,West,17.0,13.5,12,0.2,0.0,1,0,0,0
CUST_008206,3,Basic,46-55,North,4.9,25.0,4,3.6,2.0,0,0,0,0
CUST_008207,1,Standard,26-35,West,19.3,24.2,9,4.0,3.0,0,0,0,0
CUST_008208,1,Standard,18-25,South,2.9,17.6,9,2.1,0.0,0,1,1,0
CUST_008209,4,Standard,26-35,East,18.4,79.4,5,6.8,2.0,1,0,1,0
CUST_008210,2,Standard,56+,South,8.0,24.2,9,0.7,3.0,1,0,1,0
CUST_008211,2,Basic,26-35,West,4.0,12.2,10,4.2,1.0,0,0,0,0
CUST_008212,17,Basic,18-25,East,11.4,47.5,8,1.5,1.0,1,0,0,0
CUST_008213,1,Basic,18-25,East,15.0,24.4,4,2.8,1.0,0,0,0,0
CUST_008214,9,Standard,26-35,East,18.5,20.7,11,1.1,0.0,0,0,0,0
CUST_008215,5,Standard,18-25,South,11.4,26.8,12,2.5,0.0,0,0,0,0
CUST_008216,8,Basic,36-45,North,1.9,22.6,3,1.5,3.0,2,0,0,1
CUST_008217,9,Standard,26-35,West,1.8,17.5,2,1.3,0.0,4,1,0,1
CUST_008218,4,Basic,36-45,South,5.7,29.0,7,1.5,0.0,1,0,1,0
CUST_008219,4,Basic,18-25,West,3.2,54.5,13,2.0,2.0,0,0,2,0
CUST_008220,15,Standard,26-35,East,17.4,48.6,2,4.5,0.0,0,0,1,0
CUST_008221,24,Basic,36-45,South,2.1,7.4,3,17.3,4.0,0,1,1,1
CUST_008222,2,Standard,18-25,East,4.8,26.4,3,0.2,6.0,5,0,0,1
CUST_008223,1,Standard,26-35,East,4.1,33.3,14,1.9,0.0,1,0,0,0
CUST_008224,27,Premium,26-35,East,14.5,11.5,11,0.9,1.0,0,1,0,0
CUST_008225,5,Basic,26-35,West,30.0,8.8,12,1.8,5.0,1,1,0,0
CUST_008226,9,Basic,36-45,North,1.4,6.1,3,2.7,1.0,2,0,0,1
CUST_008227,5,Standard,36-45,West,17.6,45.0,12,1.2,0.0,2,0,1,0
CUST_008228,1,Standard,36-45,South,7.4,18.1,10,5.5,2.0,0,0,1,0
CUST_008229,10,Standard,26-35,West,5.7,4.4,6,14.2,3.0,4,0,1,1
CUST_008230,8,Basic,26-35,North,4.4,8.6,1,14.4,4.0,0,0,0,1
CUST_008231,2,Basic,26-35,North,1.8,30.5,4,2.7,0.0,4,1,0,1
CUST_008232,7,Standard,36-45,East,1.8,,2,1.5,3.0,2,0,0,1
CUST_008233,19,Standard,36-45,South,1.3,2.1,6,10.2,3.0,0,0,1,1
CUST_008234,10,Basic,26-35,West,24.4,35.9,7,3.8,3.0,2,1,0,0
CUST_008235,1,Basic,46-55,North,1.7,10.3,5,10.4,4.0,0,1,0,1
CUST_008236,9,Standard,18-25,North,5.2,7.6,3,19.3,0.0,2,0,0,1
CUST_008237,14,Basic,56+,North,9.2,20.2,5,0.2,1.0,0,0,0,0
CUST_008238,18,Basic,18-25,North,30.0,8.2,4,1.6,2.0,0,1,0,0
CUST_008239,11,Basic,46-55,East,30.0,13.1,7,8.0,1.0,1,1,1,0
CUST_008240,1,Basic,26-35,East,5.4,3.8,4,11.7,1.0,4,1,0,1
CUST_008241,14,Standard,46-55,South,23.7,86.6,3,0.4,3.0,0,0,0,0
CUST_008242,13,Basic,18-25,North,2.0,13.9,3,5.1,0.0,2,1,1,1
CUST_008243,1,Basic,26-35,North,3.9,33.7,4,29.5,3.0,2,0,0,1
CUST_008244,6,Basic,26-35,North,12.2,40.7,13,2.9,6.0,0,0,1,0
CUST_008245,4,Basic,56+,East,30.0,42.9,6,0.6,0.0,1,0,1,0
CUST_008246,13,Standard,56+,West,5.9,17.0,6,3.0,2.0,0,0,0,0
CUST_008247,2,Basic,26-35,West,2.6,8.3,5,10.5,1.0,2,1,1,1
CUST_008248,10,Standard,36-45,West,1.0,19.7,9,0.1,1.0,0,0,0,0
CUST_008249,29,Basic,36-45,West,11.6,16.1,7,2.7,1.0,0,1,2,0
CUST_008250,19,Basic,26-35,South,17.9,54.1,8,0.5,1.0,0,1,1,0
CUST_008251,30,Basic,26-35,South,1.8,21.1,3,2.0,1.0,2,0,0,1
CUST_008252,46,Basic,56+,West,28.5,7.6,4,5.4,0.0,0,1,0,0
CUST_008253,1,Standard,36-45,East,1.2,16.3,4,6.1,0.0,4,0,1,1
CUST_008254,11,Basic,18-25,South,3.7,15.5,5,7.2,1.0,2,1,0,1
CUST_008255,6,Standard,26-35,East,6.6,26.6,8,0.3,1.0,1,1,1,0
CUST_008256,23,Basic,26-35,West,2.2,70.9,5,1.0,3.0,0,0,0,0
CUST_008257,3,Basic,36-45,West,11.0,31.9,5,0.4,0.0,0,0,0,0
CUST_008258,47,Basic,26-35,South,10.8,18.2,4,2.5,3.0,0,1,0,0
CUST_008259,11,Standard,36-45,West,1.9,33.4,9,0.5,2.0,0,0,0,0
CUST_008260,18,Basic,26-35,West,12.3,16.7,10,0.1,0.0,1,0,0,0
CUST_008261,1,Basic,26-35,North,10.4,62.3,10,2.3,2.0,0,0,0,0
CUST_008262,2,Basic,18-25,West,20.7,9.1,5,3.5,2.0,1,0,0,0
CUST_008263,17,Basic,46-55,West,12.4,28.6,3,1.2,0.0,0,0,0,0
CUST_008264,1,Premium,26-35,North,45.0,30.0,18,13.7,1.0,0,1,0,0
CUST_008265,20,Standard,46-55,East,4.8,27.3,7,1.4,0.0,0,1,0,0
CUST_008266,1,Standard,26-35,South,4.2,66.7,8,3.7,1.0,0,0,1,0
CUST_008267,12,Standard,36-45,East,0.5,,3,4.1,3.0,2,1,1,1
CUST_008268,5,Standard,26-35,West,4.2,21.8,7,4.4,2.0,0,1,1,0
CUST_008269,11,Basic,36-45,South,3.9,7.5,7,14.3,1.0,2,0,0,1
CUST_008270,14,Standard,46-55,South,9.9,46.8,9,5.1,2.0,0,1,0,0
CUST_008271,5,Basic,26-35,West,2.1,7.8,3,7.2,4.0,0,1,0,1
CUST_008272,1,Basic,26-35,West,10.5,18.0,6,3.6,0.0,0,0,1,0
CUST_008273,1,Standard,36-45,North,5.2,45.4,9,3.0,1.0,0,0,0,0
CUST_008274,10,Standard,26-35,West,1.5,19.9,5,7.7,0.0,4,1,1,1
CUST_008275,8,Standard,36-45,North,7.0,,8,8.7,1.0,0,0,0,0
CUST_008276,16,Standard,18-25,South,9.9,17.8,7,1.4,0.0,0,1,0,0
CUST_008277,8,Basic,36-45,West,7.9,32.0,8,0.9,1.0,1,0,0,0
CUST_008278,6,Basic,36-45,West,28.9,12.8,9,0.3,0.0,1,0,0,0
CUST_008279,6,Basic,18-25,East,1.3,,5,11.5,4.0,0,0,0,1
CUST_008280,1,Standard,36-45,North,13.4,7.1,5,0.5,0.0,0,0,0,0
CUST_008281,4,Premium,26-35,North,17.7,94.5,7,0.7,2.0,1,1,1,0
CUST_008282,44,Basic,26-35,West,2.3,20.0,2,16.5,0.0,5,0,1,1
CUST_008283,24,Basic,26-35,North,5.0,10.6,4,13.6,7.0,2,1,0,1
CUST_008284,4,Basic,36-45,North,4.7,19.7,4,20.9,4.0,2,1,0,1
CUST_008285,10,Premium,18-25,West,12.5,54.4,11,0.9,2.0,1,0,1,0
CUST_008286,22,Standard,56+,East,18.7,47.4,11,2.3,0.0,0,0,0,0
CUST_008287,6,Basic,36-45,South,1.5,15.5,13,1.2,5.0,0,0,1,0
CUST_008288,1,Premium,18-25,North,6.7,44.0,5,4.8,2.0,0,0,0,0
CUST_008289,1,Standard,46-55,West,11.2,32.1,8,1.0,1.0,0,0,1,0
CUST_008290,8,Basic,26-35,West,25.5,64.3,11,11.9,3.0,0,0,0,0
CUST_008291,41,Premium,36-45,North,,24.2,2,0.6,2.0,0,0,1,0
CUST_008292,14,Basic,26-35,East,15.1,13.2,6,12.1,1.0,0,1,2,0
CUST_008293,1,Basic,46-55,South,20.0,14.6,12,1.7,2.0,0,1,1,0
CUST_008294,2,Basic,46-55,West,10.0,35.7,9,0.7,0.0,1,1,0,0
CUST_008295,17,Standard,36-45,South,1.9,14.0,2,3.9,1.0,2,0,0,1
CUST_008296,22,Standard,26-35,East,4.6,56.5,10,6.9,0.0,0,0,2,0
CUST_008297,11,Basic,26-35,East,,23.2,5,2.6,0.0,0,0,0,0
CUST_008298,12,Premium,26-35,East,3.0,56.7,9,1.7,1.0,0,0,1,0
CUST_008299,1,Basic,18-25,West,9.1,14.1,11,0.8,3.0,0,0,1,0
CUST_008300,21,Standard,26-35,South,5.7,33.4,6,1.7,2.0,0,0,0,0
CUST_008301,18,Standard,36-45,West,,62.3,10,1.3,3.0,0,0,0,0
CUST_008302,3,Basic,46-55,South,11.2,43.2,9,1.6,1.0,1,0,1,0
CUST_008303,14,Basic,26-35,North,10.3,15.7,4,0.9,1.0,1,1,0,0
CUST_008304,2,Premium,26-35,South,,9.9,2,6.6,1.0,4,0,1,1
CUST_008305,1,Basic,46-55,South,4.0,32.0,8,5.0,0.0,0,1,0,0
CUST_008306,2,Standard,46-55,South,1.4,32.4,9,0.1,1.0,0,0,0,0
CUST_008307,2,Standard,26-35,West,4.1,39.3,6,2.5,1.0,0,1,0,0
CUST_008308,4,Standard,18-25,East,17.9,42.0,9,1.9,1.0,2,1,0,0
CUST_008309,6,Basic,36-45,West,6.2,11.3,8,0.5,0.0,1,0,1,0
CUST_008310,8,Basic,46-55,East,10.5,8.8,8,0.8,0.0,1,0,3,0
CUST_008311,7,Basic,18-25,North,15.9,32.8,7,1.2,1.0,2,0,2,0
CUST_008312,3,Premium,36-45,North,18.0,35.3,15,2.3,2.0,0,1,2,0
CUST_008313,1,Basic,36-45,West,18.2,8.3,9,0.6,2.0,0,0,0,0
CUST_008314,11,Basic,26-35,North,1.8,11.1,3,13.3,1.0,0,0,0,1
CUST_008315,6,Premium,46-55,North,18.6,7.5,11,1.7,1.0,0,0,1,0
CUST_008316,4,Standard,26-35,North,2.3,62.6,8,5.2,1.0,0,1,1,0
CUST_008317,24,Basic,36-45,South,5.6,28.3,10,1.9,1.0,1,0,1,0
CUST_008318,16,Premium,36-45,East,26.2,75.1,7,9.7,5.0,1,0,0,0
CUST_008319,23,Standard,26-35,North,1.6,6.1,3,10.9,0.0,0,1,0,1
CUST_008320,8,Basic,36-45,East,14.7,18.9,4,7.1,0.0,0,0,0,0
CUST_008321,1,Basic,46-55,South,3.0,24.3,1,1.9,4.0,2,0,0,1
CUST_008322,14,Standard,56+,West,24.0,41.4,8,5.1,2.0,0,1,0,0
CUST_008323,2,Standard,26-35,West,4.9,11.7,9,3.4,1.0,0,0,0,0
CUST_008324,6,Basic,18-25,East,6.7,42.7,9,2.2,0.0,1,0,0,0
CUST_008325,1,Basic,56+,South,1.4,24.0,3,4.5,3.0,4,0,0,1
CUST_008326,20,Basic,36-45,North,14.9,7.9,14,2.0,3.0,0,1,0,0
CUST_008327,1,Standard,56+,West,30.0,18.2,7,1.4,2.0,0,0,0,0
CUST_008328,28,Basic,18-25,South,30.0,28.5,12,5.8,3.0,1,0,1,0
CUST_008329,23,Basic,26-35,South,4.3,18.1,4,1.0,1.0,4,0,0,1
CUST_008330,7,Standard,18-25,West,10.7,31.0,7,9.6,0.0,0,0,0,0
CUST_008331,16,Standard,46-55,West,4.7,43.7,5,1.5,2.0,0,0,1,0
CUST_008332,11,Standard,46-55,West,8.3,18.4,8,1.6,1.0,0,1,0,0
CUST_008333,19,Basic,36-45,West,8.2,32.8,11,2.8,2.0,0,1,1,0
CUST_008334,6,Basic,26-35,West,6.1,29.4,6,0.6,4.0,0,0,1,0
CUST_008335,18,Basic,18-25,East,18.6,5.4,5,0.3,0.0,0,0,1,0
CUST_008336,7,Premium,36-45,South,7.9,22.4,8,7.6,0.0,0,1,1,0
CUST_008337,33,Standard,36-45,West,17.8,44.8,11,4.8,2.0,1,0,0,0
CUST_008338,7,Basic,36-45,West,6.6,11.0,8,0.5,0.0,1,0,1,0
CUST_008339,7,Basic,26-35,North,6.8,29.6,12,3.5,3.0,0,0,0,0
CUST_008340,18,Standard,26-35,South,2.7,3.2,1,12.9,0.0,0,0,0,1
CUST_008341,20,Standard,18-25,North,4.2,4.1,3,15.1,4.0,0,0,0,1
CUST_008342,9,Basic,36-45,West,3.6,53.7,11,5.1,0.0,0,0,0,0
CUST_008343,2,Standard,26-35,East,3.1,12.4,3,4.5,4.0,2,0,2,1
CUST_008344,7,Standard,56+,North,3.5,22.2,5,0.8,1.0,0,0,1,0
CUST_008345,41,Standard,36-45,South,0.9,11.2,3,1.4,1.0,2,0,0,1
CUST_008346,16,Premium,26-35,West,6.7,9.3,9,2.2,0.0,0,1,1,0
CUST_008347,20,Standard,26-35,East,8.1,24.5,6,2.1,0.0,0,0,0,0
CUST_008348,1,Standard,56+,South,20.0,53.5,11,1.4,1.0,0,1,0,0
CUST_008349,7,Premium,18-25,South,11.1,22.5,7,0.1,0.0,0,0,1,0
CUST_008350,12,Basic,26-35,North,1.6,7.8,4,6.5,3.0,4,1,0,1
CUST_008351,21,Basic,56+,North,2.8,71.1,4,1.5,2.0,0,0,0,0
CUST_008352,1,Premium,36-45,East,13.1,12.0,9,1.9,1.0,0,0,1,0
CUST_008353,22,Standard,36-45,East,3.4,15.4,2,23.8,1.0,0,0,1,1
CUST_008354,9,Premium,26-35,South,25.1,44.9,8,2.7,0.0,0,1,1,0
CUST_008355,2,Basic,46-55,East,,14.8,9,5.8,2.0,0,0,0,0
CUST_008356,4,Standard,26-35,North,9.7,21.2,8,1.8,2.0,1,0,1,0
CUST_008357,3,Basic,26-35,West,23.2,43.6,10,8.5,2.0,0,0,1,0
CUST_008358,9,Standard,26-35,South,5.0,23.8,13,0.3,0.0,1,1,0,0
CUST_008359,1,Basic,26-35,North,16.3,34.1,6,2.1,3.0,0,0,0,0
CUST_008360,2,Basic,56+,North,7.6,15.8,5,0.3,3.0,0,0,0,0
CUST_008361,20,Basic,36-45,North,13.0,38.4,8,5.7,1.0,0,0,2,0
CUST_008362,1,Standard,36-45,North,2.0,22.8,12,3.7,2.0,0,0,0,0
CUST_008363,3,Basic,56+,South,7.0,43.0,8,0.2,1.0,0,1,0,0
CUST_008364,7,Basic,26-35,East,5.0,50.3,8,5.6,0.0,0,1,0,0
CUST_008365,8,Basic,18-25,South,11.3,24.1,10,1.6,1.0,0,1,0,0
CUST_008366,17,Basic,36-45,South,15.7,23.5,10,0.2,,0,1,2,0
CUST_008367,7,Premium,36-45,West,0.5,36.8,6,2.0,6.0,5,0,0,1
CUST_008368,18,Basic,36-45,South,16.6,37.7,8,6.6,1.0,0,0,0,0
CUST_008369,11,Basic,18-25,West,5.4,34.6,6,6.6,2.0,0,0,0,0
CUST_008370,1,Standard,36-45,North,9.1,8.4,8,0.1,1.0,0,0,0,0
CUST_008371,2,Standard,26-35,North,8.2,8.6,6,2.8,3.0,4,0,0,1
CUST_008372,6,Standard,26-35,South,6.9,10.1,12,3.1,0.0,0,0,0,0
CUST_008373,6,Standard,26-35,North,5.8,22.0,3,12.6,3.0,2,1,0,1
CUST_008374,16,Premium,26-35,West,11.7,11.3,15,5.1,2.0,1,0,1,0
CUST_008375,10,Basic,26-35,North,2.6,9.6,5,2.1,1.0,0,0,2,0
CUST_008376,5,Premium,26-35,East,42.1,52.5,12,0.6,2.0,0,0,0,0
CUST_008377,2,Standard,56+,East,4.5,42.8,9,0.4,4.0,0,0,0,0
CUST_008378,3,Standard,56+,North,2.7,9.6,1,1.4,0.0,2,1,1,1
CUST_008379,10,Standard,36-45,East,13.3,57.6,6,1.4,0.0,2,0,0,0
CUST_008380,6,Standard,56+,South,8.1,2.5,4,1.5,6.0,4,0,0,1
CUST_008381,8,Basic,56+,East,5.4,8.4,6,2.9,4.0,0,0,1,0
CUST_008382,2,Basic,26-35,West,1.5,24.0,5,12.3,3.0,4,1,0,1
CUST_008383,13,Premium,26-35,South,28.4,21.2,11,2.1,2.0,1,0,0,0
CUST_008384,22,Standard,56+,South,2.6,12.5,9,1.7,1.0,0,0,1,0
CUST_008385,3,Basic,36-45,South,6.2,21.6,10,0.1,1.0,0,0,1,0
CUST_008386,8,Standard,26-35,North,6.7,55.1,8,5.6,0.0,1,0,0,0
CUST_008387,44,Standard,36-45,North,16.6,20.0,10,10.1,0.0,0,0,0,0
CUST_008388,4,Basic,26-35,West,30.0,14.1,4,5.4,1.0,0,1,1,0
CUST_008389,10,Standard,26-35,South,2.9,17.9,4,19.6,4.0,0,0,0,1
CUST_008390,1,Standard,26-35,North,13.8,27.5,8,6.3,1.0,0,0,2,0
CUST_008391,11,Basic,26-35,North,10.9,45.5,8,0.7,1.0,1,0,0,0
CUST_008392,1,Premium,18-25,South,13.3,100.7,7,3.2,,0,0,2,0
CUST_008393,38,Basic,46-55,North,3.4,52.0,3,2.3,4.0,0,1,0,0
CUST_008394,15,Basic,26-35,South,17.2,42.8,6,0.6,0.0,0,1,2,0
CUST_008395,18,Basic,18-25,North,1.7,15.4,3,11.0,0.0,2,1,0,1
CUST_008396,14,Standard,18-25,North,2.4,13.3,3,12.3,,2,0,0,1
CUST_008397,10,Basic,36-45,East,8.6,17.2,7,0.7,2.0,0,0,0,0
CUST_008398,7,Basic,56+,West,2.7,7.4,3,4.7,0.0,2,1,2,1
CUST_008399,23,Standard,18-25,South,2.9,20.3,5,0.1,2.0,0,0,1,0
CUST_008400,37,Basic,18-25,West,5.8,37.8,8,0.7,0.0,0,1,0,0
CUST_008401,8,Standard,26-35,North,6.8,11.0,14,2.0,5.0,0,1,1,0
CUST_008402,32,Standard,36-45,West,8.7,14.3,4,18.5,4.0,2,1,1,1
CUST_008403,10,Premium,26-35,North,20.1,24.8,8,1.6,1.0,0,1,1,0
CUST_008404,9,Standard,26-35,West,3.5,26.5,11,0.4,4.0,0,0,2,0
CUST_008405,7,Basic,26-35,West,26.1,18.0,9,0.8,1.0,0,0,0,0
CUST_008406,2,Basic,26-35,West,24.5,26.6,8,3.0,1.0,1,0,0,0
CUST_008407,1,Premium,56+,West,5.8,17.0,2,15.8,1.0,2,0,0,1
CUST_008408,3,Standard,18-25,East,2.8,21.0,2,12.2,0.0,2,0,0,1
CUST_008409,8,Basic,26-35,South,8.1,21.4,6,5.5,2.0,0,1,2,0
CUST_008410,5,Standard,46-55,East,4.9,44.2,9,0.1,1.0,0,0,1,0
CUST_008411,7,Basic,46-55,South,2.8,,3,5.3,3.0,4,1,0,1
CUST_008412,47,Premium,18-25,North,18.2,37.1,7,1.9,3.0,1,1,1,0
CUST_008413,5,Premium,56+,South,23.0,118.9,7,2.4,2.0,0,0,1,0
CUST_008414,7,Premium,36-45,East,9.4,38.4,16,0.0,2.0,0,0,0,0
CUST_008415,1,Premium,26-35,North,22.2,6.8,11,2.0,0.0,1,0,0,0
CUST_008416,1,Premium,36-45,East,44.2,30.4,11,9.4,1.0,0,1,0,0
CUST_008417,17,Basic,26-35,East,5.4,15.3,5,1.7,0.0,0,0,0,0
CUST_008418,10,Standard,26-35,North,3.5,21.6,5,2.7,1.0,4,1,0,1
CUST_008419,17,Standard,26-35,South,3.0,18.8,5,24.6,3.0,2,0,1,1
CUST_008420,1,Premium,36-45,West,7.7,22.6,15,3.1,4.0,0,0,0,0
CUST_008421,10,Standard,46-55,West,9.0,38.0,6,1.5,2.0,0,0,1,0
CUST_008422,3,Basic,26-35,South,5.4,26.9,6,2.3,1.0,0,0,0,0
CUST_008423,3,Standard,26-35,South,5.9,8.4,8,1.2,3.0,0,0,1,0
CUST_008424,1,Standard,36-45,North,2.4,12.3,3,5.8,3.0,2,0,1,1
CUST_008425,1,Basic,36-45,North,5.8,68.7,3,3.5,2.0,0,1,0,0
CUST_008426,4,Basic,46-55,South,4.2,10.9,5,5.5,4.0,2,1,0,1
CUST_008427,1,Standard,26-35,West,3.3,10.9,3,2.2,1.0,2,0,0,1
CUST_008428,51,Basic,36-45,West,3.5,27.2,2,10.4,3.0,2,1,1,1
CUST_008429,4,Basic,26-35,West,9.2,3.0,7,6.1,2.0,0,0,0,0
CUST_008430,1,Basic,46-55,South,4.6,24.2,6,3.6,3.0,0,0,1,0
CUST_008431,2,Premium,26-35,North,14.5,31.4,12,0.3,3.0,0,1,1,0
CUST_008432,10,Standard,26-35,East,9.3,36.9,5,1.1,1.0,0,1,0,0
CUST_008433,1,Basic,26-35,East,10.4,16.0,3,2.1,3.0,0,0,0,0
CUST_008434,23,Standard,46-55,South,17.5,22.7,8,6.7,3.0,1,0,2,0
CUST_008435,39,Standard,36-45,East,14.4,28.8,10,1.0,2.0,0,1,0,0
CUST_008436,3,Basic,56+,East,16.1,34.2,11,1.1,3.0,1,1,1,0
CUST_008437,7,Basic,18-25,West,3.1,11.5,4,0.6,3.0,2,1,0,1
CUST_008438,1,Standard,36-45,East,7.7,66.1,9,3.7,2.0,1,0,1,0
CUST_008439,12,Basic,26-35,West,9.2,3.8,5,2.6,2.0,0,1,0,0
CUST_008440,6,Standard,36-45,North,19.7,17.0,7,8.3,2.0,1,0,0,0
CUST_008441,3,Basic,46-55,East,2.9,14.5,3,26.9,6.0,0,0,1,1
CUST_008442,2,Basic,46-55,North,4.0,17.2,4,0.6,0.0,4,1,0,1
CUST_008443,12,Premium,36-45,South,8.9,65.9,8,1.0,4.0,1,0,0,0
CUST_008444,6,Basic,36-45,North,17.4,36.0,9,0.8,1.0,2,1,0,0
CUST_008445,2,Standard,56+,North,,11.8,5,2.9,2.0,1,1,0,0
CUST_008446,14,Basic,26-35,West,7.8,31.3,6,0.8,2.0,0,0,0,0
CUST_008447,9,Basic,46-55,South,8.6,52.5,8,8.2,2.0,0,0,1,0
CUST_008448,23,Basic,56+,West,15.0,25.9,10,3.1,1.0,0,0,0,0
CUST_008449,1,Basic,36-45,North,9.4,51.4,9,2.0,2.0,0,0,0,0
CUST_008450,18,Basic,46-55,North,5.0,4.4,8,3.3,0.0,0,1,0,0
CUST_008451,13,Basic,26-35,East,3.2,22.3,2,24.5,1.0,0,1,0,1
CUST_008452,1,Standard,26-35,South,11.3,46.4,10,1.8,1.0,1,0,0,0
CUST_008453,14,Standard,36-45,East,6.1,19.7,3,1.2,2.0,0,0,0,0
CUST_008454,6,Basic,26-35,South,30.0,7.8,11,1.2,4.0,1,0,1,0
CUST_008455,34,Premium,36-45,West,4.0,54.4,5,0.9,2.0,1,0,0,0
CUST_008456,1,Basic,46-55,South,16.8,11.7,3,1.8,1.0,1,0,0,0
CUST_008457,12,Basic,18-25,East,9.5,11.3,2,6.6,1.0,4,0,0,1
CUST_008458,5,Standard,18-25,South,12.0,43.1,9,9.1,2.0,0,0,0,0
CUST_008459,37,Basic,36-45,East,6.5,32.1,7,1.1,0.0,0,0,0,0
CUST_008460,4,Basic,26-35,East,1.7,108.4,7,1.3,3.0,0,1,0,0
CUST_008461,39,Basic,26-35,South,2.4,14.8,4,20.4,4.0,2,0,0,1
CUST_008462,27,Standard,26-35,South,17.5,29.8,13,0.2,1.0,0,0,0,0
CUST_008463,3,Standard,18-25,East,0.6,25.0,3,25.6,1.0,0,1,2,1
CUST_008464,19,Basic,18-25,West,1.7,7.0,6,2.6,4.0,2,0,1,1
CUST_008465,60,Basic,46-55,North,14.3,23.0,5,2.9,1.0,0,0,0,0
CUST_008466,3,Standard,26-35,West,2.8,10.4,12,1.1,2.0,0,0,0,0
CUST_008467,6,Standard,26-35,East,11.0,8.5,8,1.6,3.0,0,0,1,0
CUST_008468,8,Basic,56+,East,7.7,47.4,6,0.7,3.0,0,0,1,0
CUST_008469,4,Basic,46-55,West,6.1,26.3,4,0.5,1.0,0,0,0,0
CUST_008470,1,Basic,18-25,East,24.3,27.3,4,10.8,3.0,0,0,1,0
CUST_008471,2,Standard,36-45,West,2.5,33.5,8,2.8,1.0,0,1,1,0
CUST_008472,3,Standard,46-55,East,4.0,8.2,5,0.5,0.0,4,0,0,1
CUST_008473,7,Basic,36-45,North,9.2,41.5,15,1.0,1.0,0,0,0,0
CUST_008474,2,Basic,46-55,East,0.4,19.3,3,9.9,1.0,2,0,0,1
CUST_008475,24,Premium,36-45,West,5.1,44.6,16,2.1,2.0,0,0,1,0
CUST_008476,14,Standard,26-35,West,1.9,8.4,5,7.5,9.0,2,0,1,1
CUST_008477,1,Standard,36-45,North,4.2,29.5,7,0.3,0.0,0,0,0,0
CUST_008478,12,Basic,36-45,South,17.4,38.4,7,1.5,2.0,0,1,0,0
CUST_008479,12,Standard,36-45,East,11.8,20.7,12,7.0,2.0,0,0,1,0
CUST_008480,37,Standard,18-25,East,3.0,14.5,4,3.8,0.0,4,0,1,1
CUST_008481,1,Basic,18-25,North,8.7,23.7,5,0.9,0.0,0,0,0,0
CUST_008482,3,Premium,56+,North,2.2,15.1,6,0.2,4.0,2,0,1,1
CUST_008483,31,Premium,26-35,West,5.0,40.2,11,2.2,2.0,0,0,0,0
CUST_008484,32,Standard,26-35,East,3.1,14.3,4,7.3,1.0,2,1,0,1
CUST_008485,15,Standard,46-55,West,2.6,19.7,4,1.7,0.0,0,1,0,0
CUST_008486,17,Basic,26-35,West,1.5,66.1,9,0.4,,1,1,0,0
CUST_008487,1,Basic,26-35,South,8.8,24.6,7,2.2,1.0,0,0,1,0
CUST_008488,8,Basic,36-45,West,2.0,7.0,3,3.5,0.0,2,0,2,1
CUST_008489,3,Standard,36-45,East,13.7,29.5,6,5.5,1.0,0,0,1,0
CUST_008490,2,Basic,36-45,West,11.9,28.7,10,5.3,1.0,1,1,0,0
CUST_008491,19,Premium,56+,South,12.6,39.8,11,1.3,2.0,1,0,0,0
CUST_008492,1,Basic,26-35,South,1.5,66.7,5,1.6,0.0,0,0,1,0
CUST_008493,7,Standard,36-45,East,11.5,4.8,9,0.7,2.0,0,0,1,0
CUST_008494,33,Standard,18-25,West,2.6,23.8,2,1.9,9.0,2,1,0,1
CUST_008495,2,Standard,26-35,West,11.0,16.4,5,4.9,2.0,0,1,0,0
CUST_008496,45,Premium,46-55,East,19.1,30.2,19,8.8,0.0,0,0,0,0
CUST_008497,60,Premium,26-35,South,6.8,13.8,8,5.5,2.0,0,0,0,0
CUST_008498,9,Basic,36-45,East,5.7,42.1,15,1.1,3.0,1,1,1,0
CUST_008499,2,Basic,26-35,West,5.2,24.7,6,2.9,2.0,0,0,0,0
CUST_008500,4,Basic,18-25,West,4.4,19.4,2,4.5,3.0,2,0,0,1
CUST_008501,6,Standard,36-45,East,29.5,52.8,13,2.6,4.0,1,0,0,0
CUST_008502,4,Basic,36-45,North,11.4,12.8,5,0.5,5.0,0,1,0,0
CUST_008503,3,Standard,18-25,East,5.4,32.0,6,6.2,2.0,0,0,0,0
CUST_008504,43,Basic,56+,South,2.7,82.4,4,2.3,1.0,0,0,0,0
CUST_008505,1,Standard,26-35,West,12.5,49.0,8,1.7,1.0,0,0,0,0
CUST_008506,15,Standard,18-25,East,2.1,8.1,3,4.7,6.0,4,0,0,1
CUST_008507,1,Standard,26-35,East,17.8,56.9,11,3.9,1.0,2,1,0,0
CUST_008508,10,Standard,26-35,West,1.6,16.0,3,5.1,1.0,4,1,1,1
CUST_008509,29,Basic,18-25,North,24.5,64.2,8,3.5,2.0,0,0,0,0
CUST_008510,4,Basic,46-55,South,7.5,45.0,10,0.3,3.0,1,1,0,0
CUST_008511,2,Standard,36-45,East,10.5,22.8,9,1.1,1.0,1,1,0,0
CUST_008512,12,Basic,26-35,South,5.5,44.9,8,2.2,2.0,0,0,0,0
CUST_008513,14,Premium,56+,South,1.7,11.8,14,3.9,0.0,0,0,0,0
CUST_008514,13,Premium,26-35,West,11.7,18.6,4,2.9,3.0,0,1,0,0
CUST_008515,4,Standard,26-35,East,15.9,42.2,10,0.2,0.0,0,0,0,0
CUST_008516,3,Basic,26-35,North,2.1,6.5,1,14.2,4.0,0,0,0,1
CUST_008517,37,Standard,26-35,South,6.3,23.1,10,2.1,3.0,0,1,1,0
CUST_008518,30,Basic,36-45,North,6.4,32.6,6,5.1,1.0,0,0,0,0
CUST_008519,7,Basic,26-35,East,14.0,34.1,12,10.1,2.0,1,1,3,0
CUST_008520,22,Basic,36-45,North,5.7,49.7,11,0.5,0.0,0,0,0,0
CUST_008521,7,Basic,36-45,West,3.5,11.1,6,6.6,3.0,4,0,0,1
CUST_008522,6,Basic,46-55,East,15.6,46.0,8,2.4,6.0,1,0,0,0
CUST_008523,2,Basic,46-55,North,22.3,42.9,7,0.5,0.0,1,1,0,0
CUST_008524,6,Premium,26-35,South,6.6,23.1,12,1.7,1.0,0,1,0,0
CUST_008525,9,Basic,18-25,East,7.7,6.9,7,0.2,1.0,0,0,0,0
CUST_008526,1,Premium,36-45,South,21.3,26.7,8,0.4,1.0,2,0,0,0
CUST_008527,7,Basic,26-35,East,4.5,,11,0.2,1.0,0,0,1,0
CUST_008528,18,Basic,18-25,West,17.8,12.0,12,2.8,3.0,1,1,1,0
CUST_008529,13,Standard,36-45,South,16.8,28.2,3,3.1,0.0,0,1,1,0
CUST_008530,12,Standard,26-35,South,1.0,49.3,2,4.6,4.0,4,0,1,1
CUST_008531,28,Basic,46-55,West,9.2,28.8,8,3.2,1.0,0,0,1,0
CUST_008532,1,Basic,26-35,South,19.6,73.2,5,5.3,2.0,0,0,1,0
CUST_008533,9,Basic,56+,North,6.5,91.7,11,0.8,1.0,1,1,0,0
CUST_008534,18,Basic,46-55,North,30.0,16.9,4,3.9,3.0,0,0,0,0
CUST_008535,9,Standard,18-25,West,20.6,19.1,8,0.4,2.0,1,1,2,0
CUST_008536,4,Standard,36-45,West,3.8,44.9,12,2.7,1.0,0,0,1,0
CUST_008537,1,Basic,36-45,North,1.7,14.6,3,10.0,4.0,2,0,0,1
CUST_008538,26,Premium,36-45,East,2.5,11.0,6,25.3,1.0,2,0,1,1
CUST_008539,7,Basic,36-45,North,3.9,16.8,5,4.8,3.0,2,1,0,1
CUST_008540,25,Standard,36-45,East,7.2,39.1,8,0.3,1.0,0,0,0,0
CUST_008541,10,Standard,26-35,North,3.3,45.3,10,1.7,3.0,0,0,0,0
CUST_008542,13,Premium,26-35,North,19.5,47.3,9,1.7,2.0,1,0,0,0
CUST_008543,19,Basic,56+,West,3.5,19.4,3,4.2,4.0,2,1,0,1
CUST_008544,12,Standard,26-35,South,19.1,24.8,9,3.1,0.0,0,0,0,0
CUST_008545,6,Basic,18-25,North,6.7,15.9,11,5.3,0.0,0,1,0,0
CUST_008546,8,Standard,26-35,West,13.2,67.0,6,7.9,1.0,0,1,0,0
CUST_008547,19,Basic,46-55,West,20.2,57.6,6,5.6,1.0,0,1,1,0
CUST_008548,5,Basic,36-45,East,5.4,20.6,6,3.4,1.0,0,0,0,0
CUST_008549,5,Premium,46-55,West,24.5,32.2,9,0.3,1.0,0,0,1,0
CUST_008550,1,Basic,46-55,South,2.8,42.7,10,0.7,2.0,0,0,0,0
CUST_008551,29,Premium,46-55,North,17.7,21.3,15,7.3,0.0,0,0,1,0
CUST_008552,1,Premium,36-45,North,6.4,92.4,8,3.0,2.0,0,0,1,0
CUST_008553,12,Standard,26-35,South,6.1,27.5,12,5.7,0.0,0,1,0,0
CUST_008554,6,Basic,18-25,North,3.2,10.2,4,5.5,1.0,2,1,0,1
CUST_008555,6,Basic,36-45,East,6.3,33.8,11,4.5,2.0,0,0,0,0
CUST_008556,13,Premium,26-35,North,5.3,50.9,7,4.4,0.0,0,0,0,0
CUST_008557,1,Basic,36-45,South,3.0,13.5,4,11.9,3.0,2,0,0,1
CUST_008558,10,Standard,36-45,North,7.4,26.2,4,0.3,2.0,1,0,1,0
CUST_008559,17,Standard,36-45,South,4.7,30.8,8,7.1,1.0,0,0,1,0
CUST_008560,21,Premium,18-25,East,16.3,34.7,15,17.4,0.0,0,0,0,0
CUST_008561,2,Standard,18-25,South,23.3,9.4,7,0.8,1.0,0,0,0,0
CUST_008562,27,Standard,46-55,South,3.8,7.7,4,6.2,4.0,2,0,1,1
CUST_008563,12,Basic,26-35,West,6.3,27.5,8,0.2,1.0,0,1,1,0
CUST_008564,25,Basic,36-45,East,11.9,14.8,9,5.8,0.0,0,0,2,0
CUST_008565,7,Basic,36-45,East,10.3,51.3,10,0.4,1.0,0,0,0,0
CUST_008566,9,Premium,56+,East,7.4,100.0,16,0.8,0.0,0,1,0,0
CUST_008567,30,Standard,46-55,East,3.6,22.8,4,5.4,1.0,4,0,0,1
CUST_008568,27,Standard,26-35,North,2.8,5.1,6,40.6,3.0,0,1,0,1
CUST_008569,7,Standard,36-45,North,5.4,2.3,8,12.0,3.0,2,0,0,1
CUST_008570,3,Standard,18-25,East,9.2,18.6,16,6.0,0.0,1,0,1,0
CUST_008571,5,Basic,26-35,South,8.8,33.8,5,4.1,0.0,1,0,0,0
CUST_008572,5,Basic,46-55,North,6.3,42.3,11,3.6,0.0,0,0,0,0
CUST_008573,4,Basic,36-45,South,3.9,5.0,3,1.4,1.0,2,0,0,1
CUST_008574,3,Standard,36-45,North,13.9,26.5,7,3.2,0.0,0,1,1,0
CUST_008575,23,Basic,26-35,West,10.9,10.9,9,0.3,1.0,0,0,2,0
CUST_008576,1,Standard,46-55,North,7.5,4.9,6,1.7,0.0,0,0,0,0
CUST_008577,13,Standard,26-35,North,12.2,30.4,6,4.2,2.0,0,1,1,0
CUST_008578,2,Basic,46-55,East,10.3,28.4,7,3.1,1.0,0,0,1,0
CUST_008579,5,Basic,36-45,East,8.1,34.8,7,3.4,2.0,0,0,1,0
CUST_008580,1,Basic,26-35,East,3.8,16.3,6,0.7,3.0,4,0,0,1
CUST_008581,3,Basic,18-25,South,3.4,6.4,7,1.6,2.0,0,0,0,0
CUST_008582,17,Standard,26-35,South,4.2,20.2,2,15.5,6.0,2,0,1,1
CUST_008583,25,Basic,46-55,West,14.2,20.7,4,6.0,0.0,1,0,0,0
CUST_008584,3,Standard,46-55,North,1.0,11.3,6,6.6,,2,0,1,1
CUST_008585,7,Standard,36-45,South,30.0,22.6,11,2.7,2.0,0,0,0,0
CUST_008586,7,Basic,36-45,West,3.9,2.7,4,0.3,1.0,2,0,0,1
CUST_008587,24,Standard,36-45,North,9.3,40.5,9,4.1,1.0,0,0,0,0
CUST_008588,17,Standard,36-45,South,19.1,25.0,9,2.0,2.0,1,1,0,0
CUST_008589,8,Standard,36-45,North,5.1,30.0,3,2.5,1.0,4,0,1,1
CUST_008590,13,Basic,26-35,North,6.1,40.1,10,1.0,4.0,1,0,1,0
CUST_008591,22,Basic,46-55,South,7.6,18.6,8,1.5,2.0,0,0,1,0
CUST_008592,1,Basic,46-55,North,13.1,63.6,10,13.5,3.0,0,0,0,0
CUST_008593,6,Basic,26-35,North,4.3,50.9,11,0.4,2.0,0,1,0,0
CUST_008594,28,Standard,46-55,South,3.1,10.1,5,0.6,3.0,2,0,0,1
CUST_008595,16,Standard,36-45,North,5.4,23.7,9,0.7,1.0,0,0,1,0
CUST_008596,9,Premium,26-35,West,7.0,,9,3.2,0.0,1,0,0,0
CUST_008597,9,Basic,18-25,West,,15.2,13,0.8,0.0,0,0,1,0
CUST_008598,5,Basic,36-45,South,15.4,18.3,15,9.2,1.0,1,1,0,0
CUST_008599,8,Standard,46-55,West,4.2,4.1,4,0.5,4.0,2,0,1,1
CUST_008600,12,Basic,46-55,East,4.8,9.1,8,1.0,0.0,0,0,2,0
CUST_008601,6,Basic,36-45,East,14.0,11.6,7,2.5,1.0,1,0,0,0
CUST_008602,15,Standard,18-25,North,7.0,25.6,5,3.5,1.0,0,0,1,0
CUST_008603,23,Basic,18-25,West,1.9,43.3,8,3.7,4.0,0,0,0,0
CUST_008604,2,Standard,26-35,West,4.8,16.0,7,1.0,2.0,0,0,0,0
CUST_008605,7,Basic,46-55,North,19.8,38.8,5,1.1,2.0,0,0,0,0
CUST_008606,6,Standard,56+,East,2.4,,5,4.8,0.0,0,0,0,0
CUST_008607,13,Standard,26-35,East,23.5,33.0,9,4.8,2.0,0,0,1,0
CUST_008608,3,Basic,46-55,South,13.9,21.4,10,1.8,1.0,1,1,0,0
CUST_008609,12,Premium,36-45,South,17.7,12.8,12,10.1,1.0,0,0,0,0
CUST_008610,25,Standard,18-25,North,11.5,40.4,13,0.3,3.0,0,0,1,0
CUST_008611,6,Premium,36-45,North,8.7,52.7,7,2.0,0.0,0,1,0,0
CUST_008612,29,Basic,46-55,North,19.7,3.9,9,2.1,2.0,0,0,0,0
CUST_008613,59,Standard,26-35,East,4.2,17.6,3,3.9,9.0,2,0,1,1
CUST_008614,1,Basic,46-55,East,0.5,18.8,3,3.9,0.0,2,0,0,1
CUST_008615,3,Standard,26-35,West,1.6,16.4,6,5.9,1.0,2,0,0,1
CUST_008616,36,Standard,18-25,East,2.1,11.3,4,0.2,1.0,4,0,0,1
CUST_008617,38,Basic,26-35,South,14.1,11.7,8,6.9,1.0,0,1,2,0
CUST_008618,1,Premium,46-55,North,4.1,33.4,9,0.4,3.0,0,0,0,0
CUST_008619,1,Basic,26-35,West,4.7,2.2,3,8.3,1.0,2,1,1,1
CUST_008620,2,Basic,46-55,South,6.1,7.7,5,11.4,3.0,2,0,1,1
CUST_008621,60,Standard,36-45,East,14.1,30.7,9,2.2,3.0,1,1,0,0
CUST_008622,2,Standard,36-45,North,,44.0,6,0.3,1.0,1,0,1,0
CUST_008623,8,Basic,46-55,South,6.8,55.0,15,0.1,0.0,0,0,0,0
CUST_008624,22,Basic,26-35,South,6.1,6.3,4,4.5,6.0,4,0,0,1
CUST_008625,1,Premium,46-55,North,18.5,19.3,4,0.1,0.0,0,0,0,0
CUST_008626,11,Standard,18-25,West,4.3,35.5,7,4.9,0.0,0,0,0,0
CUST_008627,3,Basic,36-45,East,3.4,41.0,7,1.4,2.0,0,0,0,0
CUST_008628,23,Basic,46-55,South,14.5,63.4,5,0.1,4.0,1,0,5,0
CUST_008629,3,Premium,46-55,West,6.3,45.4,8,1.6,3.0,0,0,0,0
CUST_008630,13,Standard,26-35,South,15.2,29.1,8,3.0,3.0,0,0,0,0
CUST_008631,13,Premium,36-45,North,4.0,21.6,6,16.4,0.0,2,1,0,1
CUST_008632,3,Basic,26-35,West,6.7,12.2,9,0.2,0.0,0,0,1,0
CUST_008633,1,Standard,26-35,South,14.2,6.7,15,0.4,0.0,0,0,1,0
CUST_008634,6,Standard,18-25,West,4.7,34.6,10,2.8,3.0,0,0,0,0
CUST_008635,4,Basic,18-25,West,6.2,19.8,4,2.8,0.0,4,0,0,1
CUST_008636,19,Standard,46-55,North,2.8,6.6,8,1.3,0.0,0,0,0,0
CUST_008637,19,Standard,46-55,South,6.1,12.8,6,0.8,2.0,0,0,0,0
CUST_008638,7,Basic,26-35,North,4.3,66.4,4,2.3,1.0,0,1,1,0
CUST_008639,11,Standard,46-55,South,3.9,5.2,6,6.4,0.0,2,0,0,1
CUST_008640,11,Standard,18-25,East,10.9,,5,1.0,1.0,0,0,0,0
CUST_008641,21,Premium,36-45,North,,12.1,12,5.9,1.0,1,1,0,0
CUST_008642,6,Standard,46-55,North,9.4,30.8,6,2.7,,0,0,0,0
CUST_008643,3,Basic,46-55,East,3.4,31.8,11,4.1,3.0,0,0,0,0
CUST_008644,3,Basic,26-35,East,1.4,31.5,3,0.6,1.0,4,0,0,1
CUST_008645,9,Standard,46-55,East,2.1,35.0,17,0.0,2.0,1,1,0,0
CUST_008646,7,Basic,26-35,West,7.9,16.5,9,1.7,2.0,0,1,0,0
CUST_008647,6,Basic,46-55,East,6.2,5.2,11,0.7,3.0,0,0,0,0
CUST_008648,1,Standard,36-45,West,1.8,14.4,4,6.1,6.0,2,0,1,1
CUST_008649,15,Basic,46-55,North,22.8,65.0,8,4.2,1.0,1,0,0,0
CUST_008650,2,Standard,18-25,East,2.2,9.8,4,3.2,3.0,2,0,1,1
CUST_008651,2,Basic,36-45,South,6.2,35.3,8,3.5,1.0,0,1,1,0
CUST_008652,6,Basic,36-45,West,3.5,10.7,4,3.4,1.0,5,0,0,1
CUST_008653,3,Premium,36-45,South,13.0,43.2,11,6.2,1.0,0,1,0,0
CUST_008654,10,Standard,36-45,West,1.5,27.9,9,1.7,3.0,0,1,0,0
CUST_008655,5,Standard,56+,West,4.2,32.8,10,0.8,0.0,0,1,2,0
CUST_008656,7,Standard,46-55,East,1.0,9.7,4,3.5,3.0,2,1,1,1
CUST_008657,9,Standard,26-35,South,7.0,15.6,8,1.3,0.0,0,1,0,0
CUST_008658,2,Standard,46-55,South,7.0,11.4,6,7.2,0.0,0,0,1,0
CUST_008659,2,Standard,18-25,East,10.6,21.7,5,0.4,1.0,0,0,1,0
CUST_008660,25,Premium,36-45,South,13.1,42.4,9,0.4,5.0,1,0,1,0
CUST_008661,6,Basic,46-55,West,1.9,28.2,8,2.7,2.0,0,0,0,0
CUST_008662,6,Premium,18-25,West,10.9,26.3,12,3.8,1.0,1,0,0,0
CUST_008663,1,Basic,46-55,West,1.4,20.2,3,11.8,4.0,0,1,0,1
CUST_008664,8,Standard,46-55,South,4.9,35.7,4,1.2,3.0,0,0,1,0
CUST_008665,9,Basic,36-45,North,2.9,40.6,7,2.2,1.0,0,0,0,0
CUST_008666,9,Standard,26-35,East,2.2,11.1,2,1.7,4.0,4,0,1,1
CUST_008667,14,Standard,26-35,South,14.4,19.5,8,1.2,0.0,0,1,1,0
CUST_008668,2,Premium,56+,West,4.9,66.6,12,5.6,7.0,0,0,0,0
CUST_008669,3,Premium,26-35,West,8.1,60.6,11,0.4,2.0,0,1,0,0
CUST_008670,19,Premium,36-45,North,22.1,51.0,11,0.1,,1,1,0,0
CUST_008671,35,Basic,18-25,East,0.7,5.4,5,2.2,1.0,4,1,0,1
CUST_008672,1,Premium,26-35,East,27.9,29.7,11,1.8,0.0,2,1,3,0
CUST_008673,8,Basic,46-55,East,3.4,44.3,7,2.1,1.0,0,0,1,0
CUST_008674,2,Premium,26-35,East,2.0,31.6,3,9.6,0.0,4,1,0,1
CUST_008675,1,Basic,56+,North,6.8,27.5,5,6.3,2.0,0,0,2,0
CUST_008676,4,Standard,36-45,North,5.1,26.5,4,4.1,1.0,0,0,0,0
CUST_008677,1,Premium,36-45,West,13.0,17.8,11,0.4,2.0,0,0,1,0
CUST_008678,14,Premium,18-25,North,5.4,15.5,5,0.1,0.0,0,1,0,0
CUST_008679,9,Standard,56+,West,2.1,8.8,3,14.9,1.0,0,1,2,1
CUST_008680,1,Standard,26-35,East,1.8,8.5,5,10.8,6.0,2,0,0,1
CUST_008681,1,Basic,36-45,West,11.2,20.7,6,0.0,0.0,1,1,2,0
CUST_008682,19,Standard,26-35,West,2.3,25.1,3,1.1,1.0,4,0,0,1
CUST_008683,2,Standard,26-35,East,2.3,6.0,4,13.1,1.0,4,0,0,1
CUST_008684,11,Basic,36-45,South,2.7,6.2,6,19.6,3.0,0,0,1,1
CUST_008685,4,Basic,36-45,South,8.9,23.6,9,0.1,2.0,0,1,0,0
CUST_008686,10,Basic,26-35,North,26.0,52.1,11,4.7,0.0,0,1,1,0
CUST_008687,4,Standard,36-45,North,2.7,8.8,3,0.2,1.0,2,0,0,1
CUST_008688,1,Basic,46-55,East,3.9,13.4,3,10.0,3.0,4,1,0,1
CUST_008689,3,Basic,26-35,West,1.4,32.8,5,0.0,0.0,0,0,1,0
CUST_008690,2,Basic,26-35,South,1.3,20.9,9,4.3,1.0,0,0,0,0
CUST_008691,6,Standard,26-35,South,8.0,29.6,7,0.3,3.0,0,1,1,0
CUST_008692,12,Standard,26-35,East,6.0,37.5,7,4.7,0.0,0,0,0,0
CUST_008693,3,Standard,18-25,West,14.3,37.8,14,5.5,1.0,1,1,0,0
CUST_008694,1,Standard,26-35,North,13.2,12.4,2,4.1,0.0,1,0,0,0
CUST_008695,8,Basic,36-45,North,5.7,24.0,10,3.1,1.0,0,0,0,0
CUST_008696,11,Basic,18-25,West,8.0,11.9,4,5.0,0.0,0,1,3,0
CUST_008697,39,Premium,36-45,North,13.2,43.7,18,1.1,2.0,1,0,1,0
CUST_008698,10,Basic,56+,East,2.0,31.9,6,1.7,0.0,4,1,1,1
CUST_008699,7,Basic,56+,East,1.6,14.1,4,1.0,0.0,2,0,0,1
CUST_008700,10,Standard,46-55,South,3.7,21.9,6,1.9,1.0,4,0,1,1
CUST_008701,31,Basic,26-35,South,4.3,15.6,3,2.1,6.0,2,1,0,1
CUST_008702,21,Standard,18-25,West,3.4,15.0,4,12.6,3.0,5,1,1,1
CUST_008703,4,Basic,46-55,North,23.3,8.0,7,0.8,2.0,1,0,0,0
CUST_008704,3,Standard,18-25,North,14.3,49.2,11,4.0,4.0,1,1,0,0
CUST_008705,3,Basic,26-35,East,15.5,33.3,4,1.6,2.0,0,0,1,0
CUST_008706,8,Basic,36-45,South,6.4,24.5,11,3.6,2.0,0,0,1,0
CUST_008707,16,Basic,26-35,East,2.6,17.8,3,10.7,0.0,2,0,0,1
CUST_008708,8,Standard,46-55,West,2.7,22.1,11,1.6,2.0,0,0,3,0
CUST_008709,1,Premium,46-55,West,31.0,4.7,12,0.3,4.0,0,0,0,0
CUST_008710,15,Basic,46-55,North,3.0,10.7,4,15.8,3.0,4,0,0,1
CUST_008711,19,Standard,46-55,South,20.5,45.2,9,0.2,2.0,0,0,0,0
CUST_008712,4,Standard,26-35,North,2.6,10.9,4,7.7,4.0,2,0,1,1
CUST_008713,13,Premium,46-55,West,18.0,40.7,11,8.6,1.0,1,1,1,0
CUST_008714,6,Standard,26-35,South,5.3,10.7,15,1.0,1.0,1,0,2,0
CUST_008715,26,Basic,36-45,South,6.3,27.2,9,0.5,3.0,0,1,0,0
CUST_008716,22,Standard,18-25,West,20.2,65.5,11,1.0,0.0,0,0,1,0
CUST_008717,8,Standard,46-55,East,4.3,7.4,5,0.2,4.0,2,0,0,1
CUST_008718,14,Basic,56+,North,2.0,11.7,1,14.8,7.0,2,0,1,1
CUST_008719,25,Basic,18-25,South,1.1,29.5,7,0.9,3.0,0,0,1,0
CUST_008720,8,Premium,18-25,East,27.9,29.8,14,2.2,1.0,1,0,2,0
CUST_008721,4,Premium,18-25,East,12.1,8.8,7,0.4,3.0,5,0,0,1
CUST_008722,16,Standard,26-35,East,14.6,34.7,5,4.4,1.0,1,1,0,0
CUST_008723,2,Premium,26-35,North,1.0,69.4,2,3.5,7.0,4,0,0,1
CUST_008724,5,Standard,46-55,South,10.3,12.5,6,1.4,2.0,0,0,2,0
CUST_008725,24,Basic,36-45,East,10.4,44.7,7,1.5,4.0,1,1,0,0
CUST_008726,15,Basic,36-45,West,2.9,23.2,4,18.8,4.0,0,1,1,1
CUST_008727,6,Basic,46-55,North,,4.2,4,0.7,0.0,2,1,1,1
CUST_008728,2,Basic,26-35,North,3.9,18.3,5,15.7,3.0,2,1,1,1
CUST_008729,5,Basic,26-35,East,6.8,47.3,8,2.5,2.0,0,0,0,0
CUST_008730,4,Standard,46-55,East,8.3,9.8,6,2.5,2.0,0,0,2,0
CUST_008731,2,Standard,46-55,North,11.5,15.8,6,1.1,1.0,0,0,0,0
CUST_008732,16,Premium,18-25,East,4.6,40.6,5,1.3,2.0,0,0,0,0
CUST_008733,3,Standard,18-25,West,1.1,14.8,2,6.6,3.0,4,0,0,1
CUST_008734,7,Premium,26-35,East,9.3,55.9,12,1.3,3.0,0,0,0,0
CUST_008735,5,Standard,26-35,South,29.6,12.9,5,2.8,2.0,0,1,1,0
CUST_008736,48,Premium,26-35,West,2.5,,7,6.5,,4,1,1,1
CUST_008737,5,Basic,36-45,North,7.1,41.2,7,0.1,3.0,0,0,2,0
CUST_008738,1,Basic,46-55,South,3.8,13.2,3,6.5,3.0,2,0,1,1
CUST_008739,1,Premium,26-35,East,0.8,34.5,11,0.2,0.0,0,0,1,0
CUST_008740,10,Basic,36-45,East,18.9,7.5,7,4.1,0.0,1,0,1,0
CUST_008741,10,Standard,26-35,West,1.9,5.8,7,8.7,1.0,2,1,1,1
CUST_008742,6,Basic,36-45,South,7.1,33.7,10,0.5,3.0,0,0,0,0
CUST_008743,6,Standard,36-45,North,14.7,39.2,4,2.8,1.0,0,0,0,0
CUST_008744,1,Premium,46-55,West,9.0,44.9,11,0.5,3.0,0,1,1,0
CUST_008745,8,Basic,26-35,North,12.5,40.4,8,5.9,1.0,0,0,0,0
CUST_008746,8,Premium,18-25,South,,33.6,4,2.0,2.0,0,1,1,0
CUST_008747,1,Basic,36-45,East,2.5,51.1,9,1.1,0.0,0,0,0,0
CUST_008748,1,Basic,26-35,West,18.4,15.8,5,4.5,2.0,1,1,0,0
CUST_008749,1,Basic,26-35,East,15.0,5.1,5,13.6,1.0,0,1,2,0
CUST_008750,1,Standard,18-25,South,4.4,19.5,9,6.4,2.0,0,0,2,0
CUST_008751,11,Basic,36-45,East,12.9,51.0,9,4.7,3.0,1,0,1,0
CUST_008752,2,Standard,26-35,West,11.3,29.0,9,1.3,0.0,0,0,0,0
CUST_008753,3,Basic,56+,West,4.6,18.4,15,7.0,2.0,0,1,0,0
CUST_008754,2,Basic,26-35,North,3.7,27.2,4,3.1,2.0,0,1,0,0
CUST_008755,37,Standard,26-35,West,16.2,31.9,14,1.1,4.0,1,0,0,0
CUST_008756,23,Basic,36-45,West,2.6,20.3,12,0.0,0.0,1,1,0,0
CUST_008757,3,Basic,26-35,East,4.8,33.8,7,0.1,1.0,1,0,0,0
CUST_008758,4,Basic,36-45,East,4.7,54.3,11,0.8,1.0,0,0,1,0
CUST_008759,2,Standard,36-45,South,3.9,,7,0.1,1.0,1,0,0,0
CUST_008760,8,Standard,36-45,East,5.3,41.8,10,0.0,3.0,1,0,0,0
CUST_008761,1,Basic,46-55,East,2.0,60.0,10,0.9,2.0,1,0,0,0
CUST_008762,13,Basic,26-35,North,26.2,11.2,7,1.9,0.0,0,1,1,0
CUST_008763,8,Basic,56+,South,14.4,31.1,6,0.2,2.0,0,0,1,0
CUST_008764,27,Basic,46-55,North,6.1,76.8,3,0.7,,0,0,0,0
CUST_008765,2,Premium,26-35,West,2.1,12.7,8,0.1,1.0,4,0,0,1
CUST_008766,19,Standard,26-35,East,3.2,13.2,2,1.7,1.0,2,0,0,1
CUST_008767,18,Standard,26-35,South,4.2,60.4,10,1.8,3.0,1,0,0,0
CUST_008768,1,Basic,26-35,West,2.4,42.6,10,7.4,1.0,0,0,1,0
CUST_008769,6,Standard,36-45,East,17.4,11.9,7,2.9,2.0,0,0,1,0
CUST_008770,2,Standard,18-25,West,9.7,58.7,5,6.1,2.0,1,1,0,0
CUST_008771,3,Standard,56+,North,5.8,38.7,5,2.7,2.0,0,1,1,0
CUST_008772,3,Standard,18-25,East,1.2,45.7,2,2.8,2.0,0,0,1,0
CUST_008773,9,Standard,26-35,East,26.4,23.6,11,1.1,1.0,0,0,1,0
CUST_008774,6,Standard,18-25,North,0.6,19.3,4,1.5,6.0,2,0,0,1
CUST_008775,35,Basic,26-35,South,2.9,11.2,9,5.7,1.0,0,0,1,0
CUST_008776,1,Standard,46-55,South,11.3,12.7,1,9.6,1.0,5,0,1,1
CUST_008777,43,Basic,36-45,West,11.3,50.2,14,3.2,0.0,1,0,0,0
CUST_008778,3,Standard,26-35,South,15.1,18.3,3,0.8,1.0,0,1,0,0
CUST_008779,17,Standard,46-55,South,14.9,16.7,15,6.3,2.0,0,0,0,0
CUST_008780,4,Standard,46-55,South,17.4,32.9,8,7.7,1.0,0,1,0,0
CUST_008781,1,Basic,46-55,North,4.3,16.0,6,29.1,0.0,0,1,0,1
CUST_008782,23,Basic,46-55,West,12.7,20.0,9,4.1,1.0,0,0,0,0
CUST_008783,4,Basic,36-45,South,2.6,11.2,6,1.6,1.0,4,0,0,1
CUST_008784,12,Standard,36-45,East,14.0,22.8,10,4.6,3.0,0,0,0,0
CUST_008785,10,Premium,26-35,North,4.8,4.0,0,3.1,1.0,2,0,0,1
CUST_008786,7,Standard,26-35,South,19.3,14.2,14,3.5,1.0,0,0,1,0
CUST_008787,8,Basic,36-45,West,10.2,39.5,8,10.8,0.0,0,1,1,0
CUST_008788,15,Premium,46-55,West,26.0,41.0,12,0.8,2.0,0,1,0,0
CUST_008789,1,Premium,36-45,South,13.3,33.5,2,1.2,0.0,1,0,1,0
CUST_008790,13,Basic,56+,North,1.8,7.8,3,8.2,6.0,4,0,1,1
CUST_008791,27,Standard,26-35,South,10.7,28.3,18,0.2,1.0,1,0,3,0
CUST_008792,1,Standard,36-45,South,15.6,30.6,5,0.7,1.0,1,0,1,0
CUST_008793,1,Standard,36-45,East,1.5,18.7,4,1.9,0.0,0,0,1,0
CUST_008794,15,Premium,36-45,South,,10.1,11,2.2,1.0,0,0,2,0
CUST_008795,6,Basic,36-45,West,5.1,29.8,8,0.4,2.0,0,0,0,0
CUST_008796,6,Standard,26-35,East,2.1,10.1,5,16.6,3.0,0,0,0,1
CUST_008797,1,Standard,18-25,South,11.5,,6,3.0,0.0,0,0,1,0
CUST_008798,8,Premium,56+,West,17.3,25.8,21,2.7,1.0,0,0,2,0
CUST_008799,1,Premium,18-25,West,6.9,12.3,7,0.8,3.0,0,0,0,0
CUST_008800,7,Premium,36-45,East,5.6,10.5,8,3.3,2.0,0,0,1,0
CUST_008801,17,Standard,26-35,West,5.6,21.5,3,1.1,3.0,4,0,1,1
CUST_008802,3,Standard,26-35,West,1.0,26.2,8,2.6,2.0,0,1,1,0
CUST_008803,7,Basic,46-55,East,,27.8,5,28.6,3.0,2,0,0,1
CUST_008804,57,Basic,46-55,West,2.2,26.6,6,2.1,1.0,4,0,1,1
CUST_008805,13,Basic,56+,East,3.2,7.3,3,5.2,3.0,2,0,2,1
CUST_008806,22,Standard,26-35,East,10.4,15.7,6,0.0,2.0,1,0,0,0
CUST_008807,6,Premium,36-45,South,13.9,29.9,8,6.1,0.0,0,0,0,0
CUST_008808,17,Basic,46-55,West,1.3,4.1,5,10.8,1.0,0,0,0,1
CUST_008809,1,Basic,56+,North,5.2,10.1,4,28.3,1.0,0,0,0,1
CUST_008810,1,Standard,56+,South,1.3,33.8,2,5.4,6.0,2,0,1,1
CUST_008811,2,Standard,46-55,East,25.5,42.5,8,0.9,3.0,1,0,0,0
CUST_008812,6,Premium,18-25,East,3.7,29.7,6,13.8,0.0,5,1,0,1
CUST_008813,22,Basic,18-25,East,17.0,58.9,6,5.0,2.0,0,0,0,0
CUST_008814,5,Basic,46-55,East,1.9,2.1,8,0.6,1.0,2,0,0,1
CUST_008815,12,Basic,46-55,South,1.2,23.1,3,9.8,3.0,2,0,1,1
CUST_008816,14,Basic,46-55,West,3.9,23.1,4,0.5,1.0,4,0,0,1
CUST_008817,10,Basic,26-35,East,14.5,27.9,6,2.5,1.0,1,0,0,0
CUST_008818,5,Basic,36-45,West,17.9,9.7,7,0.9,0.0,0,0,0,0
CUST_008819,10,Basic,26-35,South,1.4,44.1,5,22.6,0.0,2,1,0,1
CUST_008820,5,Basic,36-45,East,13.5,43.8,8,1.1,2.0,0,0,1,0
CUST_008821,1,Premium,26-35,East,5.9,73.4,19,0.9,0.0,0,0,2,0
CUST_008822,59,Basic,56+,South,,21.6,2,3.2,1.0,2,0,0,1
CUST_008823,1,Basic,26-35,West,2.6,8.5,5,16.0,3.0,2,1,2,1
CUST_008824,1,Premium,36-45,North,18.0,15.6,11,1.9,1.0,1,0,2,0
CUST_008825,25,Standard,26-35,East,7.4,46.7,8,1.0,0.0,1,0,0,0
CUST_008826,4,Standard,36-45,East,3.7,9.2,3,14.2,1.0,2,0,1,1
CUST_008827,12,Standard,36-45,East,1.3,16.2,4,13.5,6.0,0,0,0,1
CUST_008828,4,Standard,56+,East,8.7,18.8,9,2.4,4.0,0,0,1,0
CUST_008829,5,Premium,18-25,North,5.3,46.5,14,0.0,0.0,1,0,0,0
CUST_008830,3,Standard,26-35,East,9.7,24.2,10,0.6,1.0,1,0,2,0
CUST_008831,5,Premium,46-55,South,22.2,94.9,8,2.5,2.0,0,0,1,0
CUST_008832,6,Standard,26-35,South,4.4,77.3,11,0.8,4.0,0,0,0,0
CUST_008833,15,Basic,26-35,South,4.3,,8,2.5,3.0,0,0,0,0
CUST_008834,8,Premium,36-45,South,24.2,16.8,9,0.3,0.0,0,0,0,0
CUST_008835,34,Standard,36-45,East,2.5,14.5,7,2.4,0.0,0,0,1,0
CUST_008836,1,Premium,18-25,West,13.1,20.7,8,2.4,2.0,0,0,1,0
CUST_008837,8,Basic,26-35,South,0.7,7.4,4,12.9,0.0,2,0,0,1
CUST_008838,10,Basic,46-55,South,0.8,17.0,3,3.4,1.0,2,0,0,1
CUST_008839,30,Premium,36-45,South,45.0,14.4,9,2.9,1.0,2,0,1,0
CUST_008840,1,Basic,18-25,East,10.1,23.2,10,0.5,2.0,1,0,1,0
CUST_008841,10,Premium,26-35,South,13.2,34.7,9,6.3,2.0,0,1,0,0
CUST_008842,23,Premium,36-45,South,14.2,29.5,18,1.0,1.0,1,1,0,0
CUST_008843,3,Premium,26-35,East,4.1,106.3,14,5.0,1.0,1,0,1,0
CUST_008844,25,Standard,46-55,South,11.5,27.0,6,12.1,1.0,0,1,0,0
CUST_008845,1,Standard,36-45,North,3.1,23.8,7,2.6,1.0,0,0,1,0
CUST_008846,15,Premium,36-45,North,1.9,59.4,5,0.3,1.0,1,0,1,0
CUST_008847,32,Standard,56+,South,12.6,29.6,4,1.3,3.0,1,0,0,0
CUST_008848,12,Standard,26-35,North,4.8,48.5,4,2.5,2.0,0,0,1,0
CUST_008849,6,Premium,26-35,East,17.2,25.9,15,1.7,0.0,0,0,2,0
CUST_008850,1,Standard,36-45,North,1.9,21.5,3,8.2,0.0,2,0,1,1
CUST_008851,30,Premium,36-45,South,3.8,23.6,5,19.2,1.0,2,1,1,1
CUST_008852,7,Basic,26-35,South,6.8,20.2,12,0.6,0.0,0,0,1,0
CUST_008853,1,Basic,26-35,East,6.4,15.8,5,2.5,3.0,0,0,0,0
CUST_008854,14,Basic,26-35,West,7.2,33.0,8,1.1,2.0,0,0,0,0
CUST_008855,7,Basic,26-35,East,9.5,68.0,8,1.2,0.0,2,1,1,0
CUST_008856,1,Standard,46-55,East,5.3,62.9,9,1.4,1.0,0,0,2,0
CUST_008857,2,Basic,36-45,East,6.9,46.1,14,2.4,2.0,0,0,0,0
CUST_008858,1,Premium,26-35,North,8.5,54.9,9,0.7,0.0,1,0,0,0
CUST_008859,10,Basic,26-35,North,0.2,,4,17.2,6.0,0,0,0,1
CUST_008860,11,Basic,26-35,North,21.1,13.9,11,3.9,0.0,0,1,0,0
CUST_008861,8,Basic,26-35,North,15.0,8.2,10,0.2,0.0,1,0,0,0
CUST_008862,20,Standard,18-25,South,1.1,20.0,5,2.5,1.0,2,1,0,1
CUST_008863,23,Basic,26-35,East,11.5,65.7,9,3.0,0.0,1,1,0,0
CUST_008864,11,Basic,26-35,North,,17.4,4,15.5,7.0,4,0,2,1
CUST_008865,1,Standard,36-45,West,1.4,28.5,2,3.6,4.0,2,0,0,1
CUST_008866,14,Basic,46-55,West,9.3,31.1,3,1.1,1.0,0,0,0,0
CUST_008867,6,Basic,26-35,West,30.0,27.1,10,2.6,0.0,0,1,2,0
CUST_008868,10,Standard,56+,North,16.1,17.3,5,0.8,2.0,1,0,0,0
CUST_008869,12,Basic,46-55,West,21.8,17.7,13,1.0,1.0,0,0,2,0
CUST_008870,5,Basic,56+,West,13.3,25.9,5,2.6,3.0,0,1,1,0
CUST_008871,29,Basic,46-55,West,10.4,21.1,9,0.6,0.0,0,0,2,0
CUST_008872,1,Basic,36-45,East,12.6,43.3,7,0.7,2.0,0,1,0,0
CUST_008873,13,Standard,36-45,West,20.4,46.2,6,5.0,1.0,0,0,1,0
CUST_008874,1,Basic,18-25,North,12.6,35.3,5,2.2,2.0,0,0,2,0
CUST_008875,31,Premium,46-55,North,15.7,89.6,8,0.6,0.0,1,0,1,0
CUST_008876,1,Premium,36-45,North,9.7,64.8,14,0.2,2.0,0,0,1,0
CUST_008877,1,Basic,36-45,West,3.4,28.2,9,0.0,1.0,0,0,2,0
CUST_008878,4,Premium,36-45,North,2.6,27.1,7,0.0,1.0,0,0,1,0
CUST_008879,5,Basic,26-35,North,8.6,34.1,7,4.2,0.0,0,0,1,0
CUST_008880,2,Basic,36-45,West,8.8,57.8,9,1.6,1.0,0,0,0,0
CUST_008881,10,Basic,26-35,North,22.9,13.0,8,0.4,1.0,1,0,0,0
CUST_008882,7,Basic,46-55,West,15.0,53.1,8,1.8,0.0,0,1,0,0
CUST_008883,1,Standard,46-55,West,15.2,15.7,8,7.3,0.0,0,0,1,0
CUST_008884,4,Basic,46-55,North,8.7,21.0,12,1.5,1.0,0,0,1,0
CUST_008885,19,Standard,46-55,North,9.7,45.1,6,0.1,3.0,0,1,0,0
CUST_008886,14,Standard,18-25,East,28.4,46.2,12,0.7,2.0,0,0,0,0
CUST_008887,15,Basic,56+,West,13.4,24.9,10,2.8,2.0,0,1,0,0
CUST_008888,14,Standard,26-35,West,,30.8,7,0.8,0.0,0,0,0,0
CUST_008889,4,Premium,46-55,South,6.9,85.4,9,8.6,1.0,1,1,1,0
CUST_008890,1,Basic,26-35,South,16.6,64.3,7,5.8,2.0,1,1,1,0
CUST_008891,3,Basic,26-35,South,3.5,16.4,3,7.4,1.0,2,0,1,1
CUST_008892,21,Basic,46-55,East,6.9,24.8,9,1.0,2.0,0,0,0,0
CUST_008893,47,Basic,36-45,South,3.0,19.6,4,0.3,1.0,0,1,1,0
CUST_008894,8,Standard,26-35,North,4.9,10.7,15,4.6,2.0,0,1,2,0
CUST_008895,1,Basic,36-45,East,2.3,16.1,4,1.3,4.0,2,0,0,1
CUST_008896,1,Standard,36-45,South,12.3,27.2,7,4.8,0.0,0,1,0,0
CUST_008897,4,Standard,26-35,North,3.1,12.8,5,9.9,4.0,2,0,0,1
CUST_008898,10,Standard,36-45,West,5.4,14.3,4,8.1,3.0,2,0,0,1
CUST_008899,1,Basic,26-35,East,0.5,6.5,4,0.6,3.0,4,0,0,1
CUST_008900,34,Basic,36-45,South,2.1,28.1,11,1.1,0.0,1,1,1,0
CUST_008901,5,Basic,18-25,East,0.8,9.6,4,0.6,1.0,2,1,0,1
CUST_008902,29,Basic,36-45,East,10.8,37.3,12,2.7,2.0,0,1,1,0
CUST_008903,18,Premium,26-35,East,17.2,31.3,15,4.9,2.0,0,0,0,0
CUST_008904,16,Basic,26-35,West,1.8,39.6,9,3.7,4.0,0,1,0,0
CUST_008905,11,Basic,36-45,East,12.1,92.4,8,6.3,3.0,0,0,0,0
CUST_008906,11,Basic,36-45,East,7.7,11.3,2,0.0,0.0,1,0,1,0
CUST_008907,12,Standard,56+,East,2.2,7.5,6,42.7,1.0,0,0,1,1
CUST_008908,11,Standard,46-55,East,15.8,47.5,9,0.4,1.0,0,0,0,0
CUST_008909,9,Standard,46-55,North,10.3,32.0,6,0.2,2.0,0,0,0,0
CUST_008910,51,Basic,36-45,South,7.3,37.7,9,2.4,2.0,0,0,0,0
CUST_008911,15,Basic,26-35,East,6.3,6.5,7,0.4,0.0,0,1,0,0
CUST_008912,18,Standard,18-25,South,,15.8,6,0.2,2.0,1,1,1,0
CUST_008913,24,Premium,26-35,South,3.7,53.3,7,0.6,0.0,0,1,1,0
CUST_008914,2,Standard,46-55,West,1.4,23.4,3,4.7,1.0,2,0,1,1
CUST_008915,1,Standard,26-35,North,5.0,4.6,4,9.3,1.0,2,1,0,1
CUST_008916,7,Basic,36-45,East,12.9,32.7,9,2.2,1.0,0,1,0,0
CUST_008917,8,Basic,26-35,South,20.3,16.9,9,0.6,0.0,0,0,1,0
CUST_008918,21,Standard,26-35,South,19.3,19.1,6,2.8,1.0,1,0,1,0
CUST_008919,7,Basic,18-25,South,0.7,22.1,11,0.7,0.0,0,1,0,0
CUST_008920,10,Premium,36-45,North,41.2,14.3,11,3.7,0.0,0,0,0,0
CUST_008921,8,Basic,26-35,South,8.9,22.5,8,0.7,0.0,0,0,0,0
CUST_008922,1,Basic,36-45,South,2.3,46.8,9,0.9,1.0,0,1,0,0
CUST_008923,11,Standard,36-45,South,3.5,19.0,15,6.1,1.0,0,1,0,0
CUST_008924,21,Basic,46-55,East,2.8,25.7,7,0.0,1.0,0,0,0,0
CUST_008925,2,Basic,46-55,South,2.0,20.8,4,14.1,0.0,2,0,0,1
CUST_008926,10,Basic,46-55,West,13.2,32.9,12,5.1,2.0,0,1,2,0
CUST_008927,10,Standard,36-45,East,2.2,11.4,4,13.9,0.0,2,1,1,1
CUST_008928,2,Basic,26-35,North,1.4,24.2,8,0.5,1.0,0,0,1,0
CUST_008929,1,Basic,56+,South,11.4,29.6,9,0.7,3.0,0,0,1,0
CUST_008930,46,Standard,18-25,North,1.6,13.2,4,1.0,0.0,2,0,0,1
CUST_008931,6,Basic,26-35,West,12.4,26.1,11,0.9,2.0,0,0,0,0
CUST_008932,3,Premium,26-35,West,45.0,108.6,8,0.5,1.0,0,0,0,0
CUST_008933,2,Basic,36-45,North,12.8,45.5,11,3.4,2.0,1,1,0,0
CUST_008934,13,Standard,18-25,East,6.9,61.9,5,12.1,0.0,0,0,1,0
CUST_008935,11,Basic,46-55,West,1.1,18.5,3,6.6,0.0,2,1,0,1
CUST_008936,12,Standard,36-45,East,17.6,33.7,4,8.1,1.0,0,0,0,0
CUST_008937,1,Standard,36-45,South,6.8,17.9,7,1.8,4.0,0,0,0,0
CUST_008938,26,Premium,26-35,North,1.2,67.3,4,0.0,3.0,0,0,0,0
CUST_008939,5,Basic,36-45,South,2.7,4.2,2,3.4,3.0,5,1,0,1
CUST_008940,4,Basic,26-35,East,5.5,77.0,12,3.1,1.0,0,0,0,0
CUST_008941,7,Standard,18-25,West,15.5,34.8,10,0.2,0.0,1,0,1,0
CUST_008942,5,Basic,26-35,East,0.6,11.2,6,13.5,4.0,2,0,2,1
CUST_008943,23,Basic,46-55,North,6.5,40.9,9,0.2,2.0,0,0,0,0
CUST_008944,31,Premium,36-45,West,8.3,11.2,4,6.8,3.0,4,1,1,1
CUST_008945,4,Basic,36-45,West,8.5,27.1,6,0.6,2.0,0,0,0,0
CUST_008946,23,Premium,36-45,North,42.1,24.1,8,1.5,1.0,2,0,0,0
CUST_008947,18,Basic,36-45,North,5.1,21.3,8,0.7,0.0,0,0,1,0
CUST_008948,32,Standard,26-35,East,5.2,16.5,3,0.3,1.0,4,1,0,1
CUST_008949,3,Standard,18-25,South,5.6,52.4,4,3.1,0.0,0,0,1,0
CUST_008950,10,Standard,46-55,South,5.6,26.6,8,0.2,2.0,0,1,0,0
CUST_008951,3,Premium,36-45,North,5.8,15.3,8,1.2,4.0,0,0,1,0
CUST_008952,20,Basic,36-45,West,13.3,17.7,7,1.6,1.0,0,1,2,0
CUST_008953,1,Premium,36-45,West,45.0,21.9,14,0.7,1.0,1,0,2,0
CUST_008954,9,Standard,46-55,North,7.1,,13,3.2,,0,0,2,0
CUST_008955,4,Basic,36-45,West,17.6,16.7,9,2.6,0.0,2,1,0,0
CUST_008956,4,Premium,18-25,East,30.4,40.8,7,3.0,0.0,0,0,0,0
CUST_008957,12,Basic,46-55,South,1.8,15.8,5,5.1,1.0,2,1,0,1
CUST_008958,22,Standard,26-35,West,6.4,21.2,12,7.0,2.0,0,0,2,0
CUST_008959,11,Basic,18-25,East,22.9,15.2,8,6.1,1.0,0,0,0,0
CUST_008960,23,Premium,18-25,West,9.0,16.6,19,1.5,4.0,1,0,0,0
CUST_008961,3,Standard,46-55,South,1.7,38.0,15,1.2,2.0,1,0,1,0
CUST_008962,8,Basic,46-55,East,19.5,49.2,6,7.6,2.0,1,1,0,0
CUST_008963,7,Standard,46-55,South,11.6,12.1,3,1.6,1.0,0,1,0,0
CUST_008964,1,Basic,56+,South,3.0,16.9,2,1.7,0.0,5,1,1,1
CUST_008965,9,Basic,26-35,East,3.3,24.9,10,2.7,1.0,0,0,0,0
CUST_008966,12,Basic,36-45,West,30.0,11.0,5,2.6,6.0,0,1,1,0
CUST_008967,10,Basic,36-45,East,4.1,,7,0.1,1.0,0,1,0,0
CUST_008968,15,Basic,56+,North,6.8,43.0,7,2.8,0.0,0,1,1,0
CUST_008969,10,Standard,26-35,North,12.2,67.2,7,8.2,0.0,0,0,0,0
CUST_008970,1,Basic,56+,West,2.7,71.0,4,1.0,3.0,0,0,0,0
CUST_008971,1,Standard,18-25,South,15.9,23.8,10,0.5,2.0,1,0,0,0
CUST_008972,10,Basic,46-55,South,21.1,32.4,9,1.4,2.0,0,0,2,0
CUST_008973,3,Standard,36-45,West,5.8,24.8,14,0.1,1.0,0,0,1,0
CUST_008974,1,Standard,46-55,West,11.2,47.1,5,0.8,1.0,0,0,0,0
CUST_008975,6,Basic,18-25,East,6.9,,3,0.3,3.0,4,0,0,1
CUST_008976,9,Premium,18-25,North,9.7,54.0,16,3.6,0.0,0,0,0,0
CUST_008977,4,Standard,18-25,South,5.4,16.0,9,0.8,0.0,0,1,2,0
CUST_008978,15,Standard,36-45,West,10.5,23.2,4,3.1,1.0,0,1,0,0
CUST_008979,12,Basic,36-45,West,2.2,26.2,3,10.7,4.0,5,0,1,1
CUST_008980,4,Basic,56+,West,1.4,40.9,2,5.0,1.0,5,0,0,1
CUST_008981,16,Premium,36-45,East,2.0,42.3,4,10.1,4.0,2,0,0,1
CUST_008982,12,Standard,18-25,West,8.9,13.6,8,7.5,1.0,0,0,0,0
CUST_008983,12,Basic,26-35,North,6.6,9.2,9,0.6,1.0,0,0,0,0
CUST_008984,9,Basic,18-25,South,14.0,46.0,6,0.9,4.0,0,0,1,0
CUST_008985,1,Standard,46-55,South,14.3,16.3,5,0.1,1.0,1,0,0,0
CUST_008986,14,Standard,46-55,West,20.6,81.1,10,1.2,0.0,1,0,0,0
CUST_008987,5,Premium,56+,North,16.8,58.6,9,0.1,0.0,0,1,0,0
CUST_008988,34,Basic,26-35,South,5.5,37.5,13,1.9,2.0,1,0,0,0
CUST_008989,20,Basic,18-25,West,3.2,13.6,3,9.6,3.0,2,0,0,1
CUST_008990,10,Basic,26-35,South,3.7,35.1,10,1.6,0.0,0,0,1,0
CUST_008991,3,Basic,36-45,North,5.9,9.9,4,7.2,1.0,4,0,1,1
CUST_008992,2,Basic,56+,East,3.0,18.2,1,1.6,1.0,4,1,0,1
CUST_008993,4,Premium,18-25,East,28.8,64.2,7,1.0,1.0,0,0,1,0
CUST_008994,7,Standard,18-25,South,12.8,22.3,10,4.1,2.0,0,0,0,0
CUST_008995,4,Standard,46-55,West,5.1,26.3,9,1.8,3.0,0,1,0,0
CUST_008996,8,Basic,36-45,North,4.9,7.2,6,0.2,3.0,0,1,0,0
CUST_008997,2,Basic,26-35,West,30.0,27.9,9,0.2,0.0,1,1,1,0
CUST_008998,45,Basic,46-55,West,3.0,19.6,4,5.0,6.0,2,1,0,1
CUST_008999,1,Basic,18-25,South,2.5,42.7,9,0.5,0.0,0,1,0,0
CUST_009000,32,Standard,56+,West,2.1,62.0,8,0.8,1.0,0,0,0,0
CUST_009001,29,Basic,26-35,North,4.5,23.1,10,6.7,0.0,0,0,0,0
CUST_009002,8,Basic,18-25,North,5.9,11.2,11,3.7,1.0,0,0,0,0
CUST_009003,15,Basic,26-35,West,5.8,24.7,7,0.2,4.0,0,0,0,0
CUST_009004,6,Basic,26-35,North,3.5,43.8,7,1.9,4.0,0,1,1,0
CUST_009005,11,Standard,36-45,North,16.7,2.5,13,4.0,2.0,0,0,0,0
CUST_009006,4,Basic,36-45,South,16.4,13.8,8,2.4,1.0,0,1,0,0
CUST_009007,4,Standard,36-45,North,1.8,9.4,4,2.3,4.0,2,1,0,1
CUST_009008,10,Standard,36-45,West,2.9,16.8,5,0.2,0.0,0,1,0,0
CUST_009009,8,Basic,26-35,West,11.5,18.7,5,5.1,3.0,0,0,0,0
CUST_009010,10,Basic,18-25,South,27.1,19.2,9,1.3,2.0,1,0,0,0
CUST_009011,4,Standard,56+,South,3.4,35.6,12,1.1,2.0,1,0,1,0
CUST_009012,5,Standard,46-55,East,16.6,42.3,8,2.1,1.0,0,0,0,0
CUST_009013,1,Basic,18-25,North,10.8,65.6,12,0.8,5.0,1,1,1,0
CUST_009014,1,Basic,26-35,South,13.2,37.0,9,0.6,0.0,0,0,0,0
CUST_009015,3,Basic,36-45,North,3.6,5.8,4,1.2,1.0,2,0,0,1
CUST_009016,1,Basic,26-35,South,1.5,,2,14.3,1.0,0,0,1,1
CUST_009017,1,Basic,36-45,East,7.8,40.6,9,2.5,1.0,0,1,1,0
CUST_009018,20,Basic,36-45,West,5.5,14.2,4,24.4,3.0,0,1,1,1
CUST_009019,1,Basic,26-35,East,3.7,7.3,5,3.5,1.0,2,0,0,1
CUST_009020,12,Basic,18-25,East,18.7,50.5,11,0.3,3.0,2,0,0,0
CUST_009021,3,Basic,46-55,South,10.0,32.0,9,8.2,1.0,0,0,1,0
CUST_009022,24,Premium,26-35,West,13.3,63.8,15,1.5,3.0,0,0,0,0
CUST_009023,7,Standard,26-35,West,13.9,36.7,8,0.3,2.0,0,0,0,0
CUST_009024,4,Premium,46-55,West,8.9,48.9,11,2.6,3.0,0,0,0,0
CUST_009025,8,Basic,46-55,North,9.6,26.1,11,1.9,1.0,1,1,0,0
CUST_009026,5,Standard,26-35,East,13.4,21.7,6,0.6,1.0,0,1,0,0
CUST_009027,9,Basic,46-55,East,4.9,9.3,2,9.7,0.0,2,1,0,1
CUST_009028,1,Standard,36-45,South,0.5,35.4,10,0.1,0.0,0,0,0,0
CUST_009029,60,Basic,26-35,West,10.4,17.4,5,2.7,3.0,0,0,1,0
CUST_009030,6,Basic,26-35,South,16.0,12.6,16,0.9,0.0,1,0,0,0
CUST_009031,5,Premium,46-55,North,27.6,13.6,9,4.1,2.0,0,0,0,0
CUST_009032,14,Standard,26-35,South,4.6,,17,2.6,2.0,1,1,0,0
CUST_009033,5,Premium,36-45,South,13.2,14.2,7,0.4,3.0,1,0,0,0
CUST_009034,21,Basic,36-45,West,12.9,40.0,4,0.5,1.0,0,0,0,0
CUST_009035,7,Basic,36-45,South,10.4,43.8,6,7.7,2.0,0,0,1,0
CUST_009036,15,Basic,36-45,South,4.2,21.5,3,12.0,3.0,2,0,1,1
CUST_009037,1,Standard,36-45,East,14.8,9.8,11,2.8,4.0,1,1,1,0
CUST_009038,22,Standard,26-35,North,3.7,24.8,3,19.2,3.0,2,0,1,1
CUST_009039,15,Premium,26-35,West,5.0,22.3,6,1.8,1.0,4,0,1,1
CUST_009040,2,Basic,36-45,West,2.7,18.7,6,0.6,3.0,0,0,0,0
CUST_009041,1,Standard,46-55,South,3.0,9.6,3,25.8,3.0,2,0,1,1
CUST_009042,4,Basic,36-45,West,1.8,14.7,5,8.3,3.0,2,1,0,1
CUST_009043,44,Basic,26-35,East,2.3,41.2,8,0.2,0.0,0,1,0,0
CUST_009044,3,Standard,56+,East,3.6,29.7,8,1.9,3.0,0,0,0,0
CUST_009045,7,Standard,18-25,West,5.0,39.2,9,2.4,0.0,1,0,0,0
CUST_009046,1,Basic,26-35,East,2.7,12.4,5,2.6,3.0,2,1,0,1
CUST_009047,6,Basic,26-35,South,3.8,14.0,4,11.5,0.0,2,0,0,1
CUST_009048,10,Basic,26-35,North,6.7,9.6,6,15.9,4.0,2,0,0,1
CUST_009049,36,Basic,36-45,East,12.5,19.9,5,1.5,1.0,0,0,0,0
CUST_009050,8,Basic,18-25,West,0.5,26.5,5,0.2,3.0,4,0,0,1
CUST_009051,20,Basic,26-35,South,2.7,12.5,3,10.0,3.0,2,0,0,1
CUST_009052,9,Basic,26-35,South,16.2,24.3,6,0.1,1.0,0,0,0,0
CUST_009053,1,Premium,36-45,East,9.5,40.3,7,5.3,0.0,1,1,0,0
CUST_009054,4,Premium,46-55,East,16.8,31.3,14,2.1,0.0,0,0,1,0
CUST_009055,10,Basic,46-55,North,6.7,,6,1.9,0.0,0,1,0,0
CUST_009056,36,Premium,26-35,West,11.5,26.5,7,1.4,2.0,1,1,0,0
CUST_009057,23,Standard,36-45,West,4.1,10.1,4,9.1,4.0,4,1,1,1
CUST_009058,3,Basic,18-25,East,0.2,17.9,5,9.1,1.0,2,1,1,1
CUST_009059,2,Basic,26-35,North,6.5,43.6,7,7.7,1.0,0,0,0,0
CUST_009060,2,Premium,46-55,East,3.2,18.0,5,11.1,1.0,2,0,2,1
CUST_009061,30,Standard,36-45,North,1.5,26.0,13,3.4,2.0,0,0,0,0
CUST_009062,22,Standard,18-25,East,3.8,4.2,3,1.2,4.0,4,0,0,1
CUST_009063,17,Premium,26-35,North,8.3,19.0,16,0.0,3.0,0,1,2,0
CUST_009064,5,Basic,26-35,East,2.2,25.1,3,3.6,6.0,2,1,0,1
CUST_009065,8,Basic,26-35,South,3.9,6.3,4,5.3,,2,1,1,1
CUST_009066,7,Basic,36-45,West,4.2,6.0,3,1.1,1.0,0,1,0,0
CUST_009067,3,Basic,26-35,West,0.9,19.5,3,8.3,3.0,2,0,1,1
CUST_009068,8,Basic,56+,West,8.0,10.4,8,1.5,1.0,0,0,0,0
CUST_009069,1,Basic,36-45,South,13.2,46.8,13,3.7,2.0,0,0,1,0
CUST_009070,1,Basic,46-55,North,1.0,26.8,4,8.1,0.0,2,0,0,1
CUST_009071,26,Basic,46-55,South,2.7,24.9,9,0.8,0.0,0,0,1,0
CUST_009072,16,Basic,36-45,North,2.8,17.8,6,3.4,0.0,0,1,0,0
CUST_009073,6,Basic,36-45,North,2.8,45.4,13,8.4,0.0,0,0,0,0
CUST_009074,8,Basic,18-25,East,11.8,23.6,12,1.3,0.0,0,0,3,0
CUST_009075,5,Basic,36-45,East,6.8,58.2,6,1.5,0.0,0,0,3,0
CUST_009076,16,Standard,26-35,North,13.7,8.6,6,0.2,1.0,0,0,1,0
CUST_009077,18,Premium,18-25,South,28.6,20.2,5,7.6,1.0,0,1,0,0
CUST_009078,17,Basic,26-35,East,7.9,11.9,10,5.1,2.0,0,1,0,0
CUST_009079,15,Basic,46-55,South,17.4,7.2,15,2.0,0.0,0,0,0,0
CUST_009080,2,Premium,56+,West,7.3,41.6,12,1.2,0.0,0,1,1,0
CUST_009081,4,Standard,26-35,North,1.7,37.5,4,1.4,0.0,0,0,0,0
CUST_009082,7,Standard,36-45,South,0.7,72.0,9,0.3,1.0,0,1,1,0
CUST_009083,4,Basic,46-55,North,28.2,20.1,6,0.2,0.0,1,1,0,0
CUST_009084,16,Standard,26-35,North,5.9,20.7,12,6.7,1.0,0,0,0,0
CUST_009085,4,Premium,18-25,West,6.1,42.9,19,5.7,2.0,0,0,2,0
CUST_009086,1,Standard,26-35,South,2.2,15.7,5,19.8,3.0,0,0,0,1
CUST_009087,6,Basic,46-55,East,12.9,18.2,6,3.2,2.0,1,0,0,0
CUST_009088,46,Premium,26-35,South,3.9,63.7,11,2.9,1.0,0,0,0,0
CUST_009089,3,Standard,26-35,East,7.1,22.9,10,1.8,1.0,0,1,0,0
CUST_009090,11,Standard,36-45,West,6.2,6.6,6,1.5,3.0,0,0,0,0
CUST_009091,6,Basic,46-55,West,11.1,5.6,9,1.0,3.0,0,1,0,0
CUST_009092,1,Standard,56+,North,11.3,21.6,7,5.1,1.0,0,0,0,0
CUST_009093,8,Basic,26-35,West,6.2,40.5,10,0.0,1.0,1,1,2,0
CUST_009094,14,Basic,56+,South,20.5,42.2,9,1.8,5.0,0,0,0,0
CUST_009095,8,Standard,26-35,South,15.6,47.8,13,0.9,3.0,0,1,2,0
CUST_009096,24,Basic,26-35,East,2.1,18.1,3,5.4,1.0,2,1,1,1
CUST_009097,4,Standard,56+,West,4.5,15.6,2,2.8,3.0,4,0,0,1
CUST_009098,1,Standard,36-45,North,11.7,66.4,5,4.3,3.0,0,0,0,0
CUST_009099,33,Basic,26-35,West,14.8,30.3,10,0.7,3.0,1,1,0,0
CUST_009100,5,Standard,36-45,North,2.3,36.1,12,1.1,1.0,0,1,0,0
CUST_009101,10,Premium,46-55,South,15.5,65.1,5,1.3,4.0,0,0,0,0
CUST_009102,18,Basic,46-55,West,4.0,12.0,13,2.9,1.0,0,1,1,0
CUST_009103,4,Standard,46-55,East,1.0,18.6,3,5.4,1.0,4,0,0,1
CUST_009104,15,Basic,36-45,North,17.5,19.3,7,7.1,2.0,1,0,0,0
CUST_009105,1,Basic,46-55,East,13.5,19.9,6,0.1,1.0,0,1,1,0
CUST_009106,4,Basic,36-45,West,9.6,7.0,13,1.5,1.0,1,1,0,0
CUST_009107,1,Basic,36-45,East,15.6,27.5,8,0.0,2.0,0,0,0,0
CUST_009108,20,Basic,46-55,North,15.1,16.3,6,2.8,1.0,0,0,0,0
CUST_009109,3,Premium,26-35,South,11.9,18.5,9,1.1,0.0,0,0,0,0
CUST_009110,15,Standard,18-25,West,7.8,17.3,7,0.1,0.0,0,1,0,0
CUST_009111,34,Standard,26-35,East,4.3,19.5,4,2.9,2.0,0,1,0,0
CUST_009112,9,Basic,36-45,East,25.2,43.0,9,5.9,1.0,0,0,1,0
CUST_009113,9,Standard,26-35,West,9.4,36.6,11,5.7,1.0,1,0,0,0
CUST_009114,7,Basic,18-25,North,10.3,50.5,7,4.9,1.0,0,0,0,0
CUST_009115,4,Basic,26-35,East,3.4,9.8,4,3.5,1.0,2,0,0,1
CUST_009116,7,Basic,18-25,South,5.5,46.1,7,0.0,2.0,1,0,1,0
CUST_009117,11,Basic,46-55,North,9.5,36.3,9,2.8,1.0,0,0,0,0
CUST_009118,51,Basic,26-35,North,14.5,27.9,8,7.6,2.0,1,1,1,0
CUST_009119,33,Standard,18-25,West,5.5,14.5,6,1.1,3.0,0,0,0,0
CUST_009120,23,Standard,36-45,North,17.1,41.4,9,0.0,0.0,0,1,0,0
CUST_009121,26,Basic,46-55,South,0.8,25.9,2,1.5,0.0,0,1,0,0
CUST_009122,7,Basic,18-25,South,2.2,28.2,5,30.4,0.0,0,0,0,1
CUST_009123,12,Basic,26-35,North,8.6,13.0,7,2.7,0.0,1,0,2,0
CUST_009124,27,Premium,56+,South,2.1,40.0,8,8.0,3.0,4,1,0,1
CUST_009125,5,Standard,26-35,West,12.7,45.4,12,2.9,3.0,0,1,3,0
CUST_009126,39,Standard,56+,North,2.7,22.8,5,3.0,6.0,2,1,0,1
CUST_009127,6,Premium,26-35,North,14.3,68.3,14,1.2,1.0,0,0,0,0
CUST_009128,11,Basic,26-35,East,9.8,47.8,3,3.2,1.0,1,1,0,0
CUST_009129,14,Premium,26-35,East,,59.9,14,2.5,0.0,0,0,1,0
CUST_009130,36,Basic,18-25,East,2.8,10.2,3,9.3,3.0,4,0,0,1
CUST_009131,3,Basic,46-55,North,3.6,24.1,5,2.7,2.0,0,0,0,0
CUST_009132,16,Standard,56+,West,9.5,30.7,12,0.9,1.0,1,1,0,0
CUST_009133,8,Basic,56+,South,8.1,27.9,7,0.2,3.0,1,0,1,0
CUST_009134,3,Standard,46-55,East,2.1,18.6,2,2.5,1.0,2,0,0,1
CUST_009135,17,Basic,46-55,North,3.0,29.4,9,2.5,1.0,0,0,0,0
CUST_009136,9,Standard,36-45,North,9.6,46.5,4,0.4,1.0,0,0,1,0
CUST_009137,12,Basic,46-55,West,15.2,20.1,6,3.9,1.0,1,1,1,0
CUST_009138,4,Basic,26-35,North,12.6,21.7,8,3.9,2.0,0,0,1,0
CUST_009139,7,Premium,26-35,North,22.3,17.5,15,0.6,1.0,0,0,1,0
CUST_009140,11,Premium,36-45,East,8.5,66.2,12,6.6,2.0,0,0,0,0
CUST_009141,6,Premium,46-55,East,36.7,41.5,14,4.9,1.0,1,1,1,0
CUST_009142,2,Standard,36-45,East,11.1,34.7,3,3.2,2.0,0,0,0,0
CUST_009143,39,Standard,46-55,East,30.0,37.5,6,0.6,1.0,1,1,0,0
CUST_009144,8,Standard,36-45,East,1.6,48.0,6,1.4,2.0,0,0,0,0
CUST_009145,15,Basic,46-55,South,15.2,7.5,7,1.3,2.0,0,0,2,0
CUST_009146,6,Basic,56+,West,10.3,87.9,8,1.9,1.0,0,0,2,0
CUST_009147,5,Basic,26-35,East,14.0,20.7,9,3.9,2.0,1,0,0,0
CUST_009148,6,Premium,56+,East,2.7,23.0,3,1.8,,2,0,1,1
CUST_009149,6,Basic,36-45,South,5.5,81.7,6,6.6,0.0,1,0,0,0
CUST_009150,9,Premium,36-45,West,15.3,16.7,16,1.3,1.0,1,0,0,0
CUST_009151,9,Standard,46-55,North,4.7,20.7,4,23.1,0.0,2,0,2,1
CUST_009152,8,Standard,26-35,East,2.2,23.2,4,0.7,0.0,4,1,1,1
CUST_009153,1,Basic,26-35,South,30.0,36.7,12,3.0,1.0,1,1,0,0
CUST_009154,8,Basic,36-45,East,1.6,,3,10.1,1.0,2,0,1,1
CUST_009155,2,Premium,18-25,South,11.7,25.9,14,2.7,0.0,0,0,0,0
CUST_009156,1,Basic,36-45,East,5.8,58.9,9,2.8,0.0,0,1,1,0
CUST_009157,32,Basic,26-35,North,11.2,27.2,7,3.1,0.0,1,1,0,0
CUST_009158,11,Basic,56+,South,11.8,13.3,8,4.3,1.0,1,0,1,0
CUST_009159,12,Basic,18-25,West,5.1,4.7,1,4.1,4.0,4,0,0,1
CUST_009160,6,Basic,36-45,South,10.4,34.9,13,5.0,0.0,1,1,0,0
CUST_009161,28,Standard,56+,North,18.2,26.6,4,2.6,0.0,1,0,1,0
CUST_009162,12,Basic,56+,South,10.7,38.5,5,3.9,1.0,0,0,0,0
CUST_009163,17,Standard,46-55,West,15.7,14.5,10,1.3,3.0,0,0,0,0
CUST_009164,5,Basic,36-45,North,12.7,,7,0.2,0.0,1,0,1,0
CUST_009165,38,Standard,26-35,North,5.5,24.9,9,1.8,0.0,1,0,1,0
CUST_009166,20,Standard,26-35,East,19.1,51.2,8,0.3,1.0,1,0,0,0
CUST_009167,23,Basic,18-25,South,19.4,18.6,10,2.3,5.0,0,1,2,0
CUST_009168,2,Basic,46-55,South,16.3,8.0,6,0.1,1.0,0,0,0,0
CUST_009169,3,Basic,26-35,West,10.6,67.6,13,1.3,4.0,1,0,0,0
CUST_009170,4,Standard,36-45,North,1.2,1.6,3,8.3,1.0,0,0,0,1
CUST_009171,3,Standard,26-35,East,30.0,31.4,7,13.7,1.0,0,1,1,0
CUST_009172,23,Premium,36-45,East,25.9,51.7,14,0.9,1.0,0,1,2,0
CUST_009173,1,Basic,36-45,West,15.8,32.3,6,0.4,1.0,1,1,1,0
CUST_009174,1,Basic,46-55,West,3.7,14.3,12,3.3,1.0,0,1,0,0
CUST_009175,3,Basic,26-35,South,8.8,21.4,7,0.9,1.0,1,0,1,0
CUST_009176,2,Basic,26-35,East,15.1,25.0,12,0.1,1.0,2,1,0,0
CUST_009177,3,Standard,18-25,East,2.3,16.1,3,19.8,4.0,2,0,0,1
CUST_009178,19,Basic,18-25,South,2.2,8.3,4,13.5,1.0,2,0,0,1
CUST_009179,9,Standard,36-45,North,7.3,39.9,7,0.7,0.0,0,1,1,0
CUST_009180,1,Standard,26-35,West,2.9,16.3,1,4.4,6.0,4,0,1,1
CUST_009181,6,Standard,18-25,South,5.4,69.0,15,5.2,1.0,1,0,1,0
CUST_009182,6,Basic,46-55,North,3.7,21.2,12,7.1,1.0,0,1,0,0
CUST_009183,1,Premium,36-45,West,16.1,6.8,5,2.8,0.0,0,0,1,0
CUST_009184,13,Premium,18-25,East,4.8,22.9,11,1.1,0.0,0,0,0,0
CUST_009185,14,Premium,18-25,North,11.4,6.5,15,3.8,3.0,0,1,1,0
CUST_009186,15,Standard,18-25,North,3.2,52.8,5,0.8,0.0,1,1,1,0
CUST_009187,15,Standard,36-45,South,27.9,27.2,10,1.4,1.0,1,0,0,0
CUST_009188,1,Standard,36-45,West,0.8,24.5,8,3.2,1.0,0,1,0,0
CUST_009189,36,Basic,36-45,West,24.4,52.3,9,0.6,1.0,0,1,1,0
CUST_009190,20,Standard,18-25,South,5.4,27.9,10,3.5,4.0,0,1,0,0
CUST_009191,28,Standard,36-45,West,1.6,38.8,5,3.2,2.0,0,0,0,0
CUST_009192,1,Premium,26-35,South,3.2,28.9,3,8.2,1.0,4,1,0,1
CUST_009193,32,Standard,36-45,East,7.6,40.1,5,3.7,1.0,0,0,0,0
CUST_009194,19,Basic,46-55,South,,68.3,4,2.3,0.0,0,0,4,0
CUST_009195,21,Standard,26-35,East,1.8,25.3,5,2.2,4.0,0,1,2,0
CUST_009196,1,Premium,18-25,South,22.8,88.4,9,7.0,0.0,0,1,0,0
CUST_009197,16,Basic,46-55,North,4.4,4.6,3,7.6,4.0,4,0,1,1
CUST_009198,38,Basic,26-35,North,19.1,32.9,8,5.6,2.0,0,0,0,0
CUST_009199,13,Standard,26-35,South,4.3,31.0,7,0.3,0.0,0,0,0,0
CUST_009200,10,Basic,46-55,West,11.3,30.7,5,0.5,0.0,0,1,1,0
CUST_009201,34,Basic,36-45,West,,18.0,4,13.3,3.0,2,1,0,1
CUST_009202,7,Basic,46-55,West,5.7,40.6,6,1.1,0.0,0,1,0,0
CUST_009203,10,Premium,26-35,North,7.3,26.3,5,1.5,1.0,0,0,1,0
CUST_009204,7,Basic,26-35,South,15.9,16.9,16,4.8,1.0,0,0,1,0
CUST_009205,32,Basic,18-25,South,8.3,21.0,7,2.4,2.0,0,0,0,0
CUST_009206,1,Standard,36-45,South,11.5,44.0,8,5.0,0.0,0,0,0,0
CUST_009207,8,Premium,26-35,North,3.6,12.6,8,3.7,6.0,4,0,0,1
CUST_009208,13,Premium,36-45,East,23.4,59.1,14,1.5,2.0,1,0,0,0
CUST_009209,18,Basic,18-25,North,3.1,24.8,5,10.9,3.0,2,0,1,1
CUST_009210,10,Premium,18-25,West,2.9,10.1,7,9.1,1.0,2,0,0,1
CUST_009211,28,Basic,26-35,East,7.9,50.4,10,1.4,0.0,1,1,1,0
CUST_009212,34,Standard,56+,South,9.1,32.0,9,7.5,1.0,0,0,0,0
CUST_009213,1,Standard,46-55,East,5.8,68.8,7,2.3,2.0,0,0,0,0
CUST_009214,6,Basic,56+,North,4.7,5.7,2,5.3,4.0,2,1,1,1
CUST_009215,1,Standard,26-35,South,2.5,24.0,5,3.9,4.0,2,1,0,1
CUST_009216,4,Basic,18-25,South,3.6,23.7,7,15.8,3.0,2,1,2,1
CUST_009217,9,Premium,26-35,West,2.5,46.0,4,5.1,0.0,4,0,0,1
CUST_009218,29,Basic,36-45,North,3.1,26.2,6,1.7,1.0,0,1,2,0
CUST_009219,22,Standard,18-25,East,5.4,50.1,8,4.0,2.0,0,0,0,0
CUST_009220,1,Basic,26-35,North,0.6,83.9,7,0.3,2.0,0,1,2,0
CUST_009221,1,Basic,18-25,South,4.6,17.3,8,2.6,1.0,0,0,1,0
CUST_009222,10,Premium,36-45,North,1.9,15.5,8,10.9,6.0,2,1,1,1
CUST_009223,9,Standard,26-35,East,15.6,21.8,11,17.1,0.0,0,0,1,0
CUST_009224,3,Premium,18-25,East,3.1,33.1,19,0.6,3.0,1,1,0,0
CUST_009225,27,Basic,26-35,East,4.0,15.2,9,0.3,3.0,0,1,0,0
CUST_009226,31,Basic,26-35,North,3.2,21.0,9,0.5,3.0,0,0,0,0
CUST_009227,6,Standard,36-45,North,14.1,29.9,11,0.7,1.0,0,0,0,0
CUST_009228,26,Basic,46-55,East,0.5,32.8,4,25.5,1.0,0,0,0,1
CUST_009229,5,Basic,18-25,North,15.4,31.8,9,1.0,2.0,0,0,1,0
CUST_009230,16,Standard,46-55,North,28.9,13.0,12,3.3,2.0,1,1,0,0
CUST_009231,7,Basic,18-25,South,15.3,61.2,7,5.0,3.0,0,0,1,0
CUST_009232,1,Basic,26-35,East,10.6,43.9,9,0.7,1.0,1,0,1,0
CUST_009233,31,Basic,36-45,East,4.7,50.8,8,1.2,3.0,1,0,1,0
CUST_009234,7,Standard,56+,North,10.3,25.8,4,0.1,3.0,1,0,0,0
CUST_009235,15,Standard,36-45,East,2.6,32.5,9,0.0,0.0,0,1,0,0
CUST_009236,5,Basic,26-35,East,3.2,29.4,4,11.2,1.0,2,1,0,1
CUST_009237,1,Standard,36-45,South,5.1,18.6,3,24.4,4.0,0,0,0,1
CUST_009238,1,Basic,26-35,North,8.2,40.8,8,2.8,1.0,0,0,2,0
CUST_009239,8,Premium,36-45,East,9.1,17.3,11,3.4,1.0,0,1,1,0
CUST_009240,14,Premium,26-35,East,4.2,19.4,4,1.1,1.0,0,1,1,0
CUST_009241,4,Standard,36-45,North,3.3,51.4,9,6.4,3.0,0,0,0,0
CUST_009242,14,Basic,26-35,East,12.7,72.9,8,3.8,2.0,0,0,0,0
CUST_009243,14,Standard,46-55,South,0.7,,8,11.8,7.0,2,1,1,1
CUST_009244,14,Standard,36-45,West,5.7,15.1,9,1.3,2.0,0,1,1,0
CUST_009245,8,Premium,18-25,North,6.7,44.1,16,0.7,1.0,0,0,0,0
CUST_009246,29,Premium,46-55,South,11.4,44.1,9,0.2,1.0,1,1,0,0
CUST_009247,8,Premium,36-45,East,15.8,47.0,7,3.0,1.0,0,1,0,0
CUST_009248,7,Basic,26-35,South,1.4,12.2,3,1.0,0.0,2,1,0,1
CUST_009249,2,Premium,18-25,South,9.0,40.9,22,5.7,1.0,0,0,2,0
CUST_009250,4,Standard,36-45,East,8.9,47.3,13,0.3,0.0,0,0,0,0
CUST_009251,1,Standard,26-35,East,3.6,17.5,5,1.6,7.0,4,1,1,1
CUST_009252,12,Basic,56+,East,13.3,42.1,14,1.4,1.0,0,0,0,0
CUST_009253,3,Basic,18-25,North,16.1,45.6,5,2.8,1.0,0,1,0,0
CUST_009254,4,Basic,18-25,East,3.0,47.2,4,0.4,,1,0,0,0
CUST_009255,17,Basic,56+,South,2.8,8.9,3,15.7,3.0,2,0,2,1
CUST_009256,4,Basic,56+,North,7.7,41.9,8,0.4,3.0,0,0,2,0
CUST_009257,3,Premium,18-25,North,15.7,15.4,18,1.0,1.0,0,0,0,0
CUST_009258,2,Basic,46-55,North,1.9,25.4,4,6.3,0.0,4,0,1,1
CUST_009259,17,Basic,26-35,South,23.1,42.2,9,2.1,0.0,1,0,0,0
CUST_009260,1,Basic,46-55,South,1.8,58.3,2,4.7,4.0,4,1,0,1
CUST_009261,7,Basic,46-55,West,13.3,27.9,10,0.1,,1,1,0,0
CUST_009262,8,Premium,18-25,West,12.2,33.6,7,1.7,2.0,0,0,1,0
CUST_009263,13,Basic,26-35,West,12.8,15.7,5,0.8,1.0,1,0,0,0
CUST_009264,12,Basic,18-25,East,3.1,8.2,5,1.6,6.0,4,0,0,1
CUST_009265,19,Premium,18-25,West,,47.3,5,2.4,1.0,0,0,0,0
CUST_009266,1,Premium,18-25,South,15.3,42.7,7,4.4,0.0,0,1,1,0
CUST_009267,4,Basic,46-55,East,3.3,19.1,8,0.0,3.0,0,1,0,0
CUST_009268,3,Standard,26-35,South,5.9,25.6,3,2.8,1.0,4,0,0,1
CUST_009269,1,Standard,36-45,North,7.4,23.3,7,3.8,3.0,0,0,0,0
CUST_009270,4,Standard,46-55,North,1.2,24.2,10,0.7,1.0,0,0,1,0
CUST_009271,4,Basic,36-45,East,9.5,40.9,8,5.4,0.0,0,1,1,0
CUST_009272,8,Premium,26-35,North,14.8,12.0,11,0.4,0.0,1,0,0,0
CUST_009273,13,Basic,18-25,East,5.6,48.8,7,3.8,1.0,0,0,1,0
CUST_009274,5,Basic,36-45,West,8.5,4.9,7,2.9,2.0,0,1,1,0
CUST_009275,15,Basic,18-25,North,4.9,9.2,13,2.5,2.0,0,0,0,0
CUST_009276,4,Basic,46-55,South,6.6,22.9,6,1.3,0.0,0,1,1,0
CUST_009277,4,Premium,26-35,East,10.7,8.7,4,1.6,0.0,0,0,1,0
CUST_009278,9,Standard,36-45,South,6.0,11.7,9,4.0,2.0,0,0,0,0
CUST_009279,1,Basic,36-45,West,7.5,20.6,8,5.2,1.0,0,1,0,0
CUST_009280,1,Basic,36-45,West,4.2,4.1,6,0.1,1.0,0,1,0,0
CUST_009281,6,Basic,26-35,North,10.4,10.3,9,2.2,0.0,1,0,3,0
CUST_009282,34,Premium,26-35,North,5.3,29.6,11,2.6,0.0,0,1,0,0
CUST_009283,15,Standard,46-55,West,2.4,29.5,6,1.9,1.0,0,1,0,0
CUST_009284,1,Standard,18-25,West,1.1,35.2,12,0.3,0.0,1,1,1,0
CUST_009285,22,Standard,26-35,South,3.5,15.1,2,13.4,6.0,0,0,0,1
CUST_009286,15,Standard,36-45,North,9.8,2.2,11,3.0,0.0,0,0,0,0
CUST_009287,11,Standard,46-55,East,2.6,20.1,6,0.0,6.0,2,0,0,1
CUST_009288,20,Basic,26-35,South,12.6,52.1,5,4.6,1.0,1,1,1,0
CUST_009289,6,Premium,36-45,West,31.4,25.4,11,0.0,2.0,0,0,0,0
CUST_009290,3,Standard,36-45,West,9.0,41.5,8,0.3,2.0,0,1,1,0
CUST_009291,8,Standard,18-25,East,3.7,16.6,5,2.4,3.0,0,0,0,0
CUST_009292,9,Premium,36-45,South,7.5,37.6,8,1.3,,0,0,1,0
CUST_009293,9,Standard,46-55,East,27.6,40.2,14,0.7,1.0,1,0,1,0
CUST_009294,9,Standard,56+,South,11.1,16.7,5,4.2,5.0,0,0,1,0
CUST_009295,35,Premium,18-25,North,2.3,21.2,4,2.9,4.0,4,0,2,1
CUST_009296,27,Basic,36-45,East,2.9,32.6,7,5.3,1.0,0,1,0,0
CUST_009297,25,Basic,26-35,South,6.9,28.3,3,5.5,1.0,0,1,1,0
CUST_009298,19,Standard,18-25,West,1.1,15.1,4,2.7,1.0,4,1,0,1
CUST_009299,34,Basic,36-45,West,1.1,11.6,5,10.6,1.0,4,0,0,1
CUST_009300,1,Standard,18-25,South,11.3,58.8,8,0.7,2.0,0,0,2,0
CUST_009301,3,Standard,26-35,South,1.8,37.1,4,16.1,0.0,2,0,1,1
CUST_009302,8,Standard,26-35,South,7.0,40.1,5,2.1,1.0,1,0,1,0
CUST_009303,22,Premium,26-35,South,1.8,12.8,7,0.4,,4,0,1,1
CUST_009304,8,Basic,36-45,East,10.4,34.0,8,2.1,0.0,0,0,0,0
CUST_009305,16,Standard,26-35,East,18.5,29.3,9,2.1,2.0,0,1,0,0
CUST_009306,1,Standard,36-45,West,10.2,15.1,9,0.5,0.0,0,0,1,0
CUST_009307,3,Basic,26-35,East,1.0,5.8,3,13.6,1.0,2,0,0,1
CUST_009308,15,Basic,36-45,North,19.0,17.9,15,2.5,2.0,1,0,0,0
CUST_009309,2,Premium,46-55,North,5.5,23.0,7,2.2,3.0,0,1,0,0
CUST_009310,5,Standard,26-35,South,16.2,40.9,7,8.3,2.0,1,0,0,0
CUST_009311,3,Standard,36-45,South,6.5,37.6,6,0.6,1.0,1,0,0,0
CUST_009312,5,Standard,36-45,South,10.6,113.3,11,1.3,2.0,0,0,0,0
CUST_009313,14,Basic,36-45,North,7.8,46.1,7,7.8,3.0,0,0,1,0
CUST_009314,5,Basic,26-35,West,1.4,20.7,4,0.5,1.0,4,0,0,1
CUST_009315,9,Basic,36-45,North,11.0,23.0,4,5.8,2.0,0,0,0,0
CUST_009316,1,Premium,18-25,East,21.0,40.3,9,0.9,3.0,1,0,0,0
CUST_009317,19,Basic,26-35,North,14.9,10.0,12,1.5,2.0,1,1,0,0
CUST_009318,5,Premium,36-45,South,7.9,11.9,12,2.5,1.0,0,1,2,0
CUST_009319,12,Premium,18-25,South,12.1,50.1,7,0.7,2.0,1,0,0,0
CUST_009320,15,Premium,36-45,South,11.4,24.9,7,1.3,0.0,1,0,0,0
CUST_009321,2,Basic,36-45,South,1.4,37.4,8,2.7,0.0,0,1,0,0
CUST_009322,25,Premium,46-55,East,1.9,26.6,3,13.8,0.0,2,0,0,1
CUST_009323,11,Basic,18-25,East,9.1,21.8,7,0.9,1.0,0,1,0,0
CUST_009324,6,Basic,56+,East,6.1,54.4,10,1.9,3.0,1,0,1,0
CUST_009325,2,Basic,36-45,West,3.8,4.7,4,1.5,3.0,4,1,1,1
CUST_009326,34,Premium,26-35,West,16.3,8.2,8,2.0,2.0,1,1,0,0
CUST_009327,16,Basic,26-35,East,4.5,16.6,7,1.4,0.0,0,0,0,0
CUST_009328,2,Standard,36-45,North,10.3,51.6,10,8.0,1.0,1,0,0,0
CUST_009329,4,Basic,46-55,West,15.2,17.0,13,2.8,,0,1,0,0
CUST_009330,19,Basic,36-45,West,12.1,23.7,11,2.2,3.0,0,1,1,0
CUST_009331,14,Basic,36-45,East,3.7,11.6,3,3.5,1.0,2,1,1,1
CUST_009332,17,Premium,26-35,East,3.3,58.6,7,0.2,2.0,0,0,1,0
CUST_009333,6,Standard,26-35,South,11.0,40.3,11,2.2,2.0,0,0,0,0
CUST_009334,15,Premium,26-35,West,27.7,30.3,14,0.6,2.0,0,1,1,0
CUST_009335,5,Standard,46-55,West,2.9,9.8,3,2.4,1.0,2,1,0,1
CUST_009336,2,Premium,26-35,East,15.5,20.0,14,1.2,1.0,1,0,1,0
CUST_009337,12,Standard,26-35,East,21.2,,9,12.1,2.0,0,1,0,0
CUST_009338,44,Standard,26-35,North,6.3,13.1,6,1.5,2.0,0,0,0,0
CUST_009339,4,Standard,46-55,South,2.0,35.3,4,19.1,3.0,4,0,1,1
CUST_009340,7,Basic,46-55,East,9.7,58.4,6,0.8,1.0,1,0,0,0
CUST_009341,13,Standard,26-35,North,10.7,28.0,11,4.4,1.0,0,0,1,0
CUST_009342,9,Standard,56+,East,,6.6,7,0.1,1.0,1,0,0,0
CUST_009343,22,Standard,18-25,West,10.6,48.1,14,0.2,1.0,0,0,0,0
CUST_009344,17,Standard,18-25,South,6.5,67.0,3,8.8,2.0,0,0,0,0
CUST_009345,1,Basic,18-25,North,12.2,18.0,6,1.7,0.0,1,0,1,0
CUST_009346,60,Standard,18-25,West,3.7,22.7,8,1.5,5.0,0,1,0,0
CUST_009347,16,Basic,18-25,North,6.5,61.4,5,2.2,1.0,0,1,0,0
CUST_009348,23,Standard,36-45,South,2.6,6.2,5,1.5,3.0,2,1,1,1
CUST_009349,12,Standard,36-45,East,6.1,54.3,11,4.3,2.0,0,0,0,0
CUST_009350,23,Premium,36-45,West,14.1,118.2,11,1.1,1.0,1,0,0,0
CUST_009351,1,Basic,36-45,West,5.4,46.5,5,6.5,2.0,0,1,0,0
CUST_009352,5,Basic,46-55,East,5.0,35.2,13,2.5,0.0,0,0,0,0
CUST_009353,25,Basic,26-35,South,22.6,25.9,8,3.4,1.0,0,1,0,0
CUST_009354,2,Basic,36-45,West,26.1,22.3,6,2.3,2.0,0,1,0,0
CUST_009355,1,Standard,36-45,East,7.3,22.1,4,1.5,6.0,4,0,0,1
CUST_009356,18,Standard,56+,East,15.9,59.4,10,1.7,1.0,0,0,1,0
CUST_009357,21,Standard,26-35,South,7.3,114.3,13,3.2,4.0,0,0,1,0
CUST_009358,2,Premium,18-25,South,20.2,17.7,9,0.9,2.0,0,0,1,0
CUST_009359,23,Basic,36-45,South,21.4,45.0,7,7.2,1.0,1,1,2,0
CUST_009360,13,Basic,46-55,South,8.2,25.0,6,0.7,1.0,0,0,0,0
CUST_009361,8,Basic,26-35,South,7.7,40.2,11,1.3,4.0,0,1,0,0
CUST_009362,21,Premium,36-45,West,5.8,14.1,12,0.1,2.0,1,1,2,0
CUST_009363,6,Standard,18-25,South,0.3,42.9,3,8.3,1.0,2,0,0,1
CUST_009364,2,Standard,56+,South,10.8,14.4,6,3.5,3.0,0,0,0,0
CUST_009365,4,Basic,18-25,South,14.0,22.3,10,1.5,,0,1,0,0
CUST_009366,8,Basic,18-25,East,9.1,44.4,12,1.5,1.0,0,0,0,0
CUST_009367,9,Premium,18-25,West,11.7,14.1,7,0.3,1.0,1,0,0,0
CUST_009368,19,Basic,26-35,West,1.5,21.8,12,1.0,0.0,0,0,0,0
CUST_009369,18,Standard,18-25,West,1.6,14.7,2,9.9,3.0,0,0,0,1
CUST_009370,10,Basic,46-55,West,15.3,3.6,11,0.5,1.0,1,1,2,0
CUST_009371,18,Basic,46-55,West,16.4,13.5,7,0.7,1.0,0,1,1,0
CUST_009372,2,Standard,26-35,North,0.8,23.7,6,0.1,4.0,0,1,1,0
CUST_009373,1,Basic,36-45,South,26.2,17.8,7,3.1,4.0,1,1,0,0
CUST_009374,24,Standard,18-25,South,3.5,46.7,7,0.5,3.0,0,0,1,0
CUST_009375,1,Standard,26-35,South,13.6,32.1,5,1.2,5.0,0,1,0,0
CUST_009376,3,Standard,26-35,East,2.3,4.0,1,4.5,1.0,4,1,1,1
CUST_009377,14,Standard,26-35,South,2.7,16.6,10,1.2,0.0,0,0,0,0
CUST_009378,6,Standard,36-45,East,8.1,11.3,6,1.6,0.0,1,0,0,0
CUST_009379,25,Basic,18-25,South,1.9,15.9,3,3.5,2.0,0,0,4,0
CUST_009380,4,Standard,46-55,South,1.7,32.4,5,0.5,3.0,0,0,1,0
CUST_009381,1,Standard,36-45,South,3.8,58.9,5,2.5,4.0,0,0,0,0
CUST_009382,4,Basic,46-55,West,5.7,15.4,7,0.4,2.0,0,1,0,0
CUST_009383,10,Premium,56+,East,4.2,55.5,11,0.6,0.0,0,1,0,0
CUST_009384,5,Standard,56+,West,3.7,14.7,6,1.7,3.0,0,0,3,0
CUST_009385,9,Premium,36-45,West,6.8,4.6,5,0.1,2.0,0,1,1,0
CUST_009386,25,Premium,36-45,South,19.7,30.9,9,1.7,2.0,1,0,0,0
CUST_009387,29,Basic,26-35,North,7.7,24.2,12,0.6,3.0,1,1,1,0
CUST_009388,3,Standard,46-55,East,3.8,11.2,5,2.3,1.0,0,0,0,0
CUST_009389,7,Basic,36-45,East,3.5,10.1,5,19.2,4.0,2,0,1,1
CUST_009390,9,Basic,56+,South,4.5,28.4,4,1.2,1.0,0,0,2,0
CUST_009391,35,Premium,26-35,North,6.7,,7,1.8,0.0,0,0,0,0
CUST_009392,60,Standard,26-35,East,5.1,23.0,12,2.9,2.0,0,0,1,0
CUST_009393,3,Basic,26-35,South,22.8,48.8,8,2.8,2.0,0,0,1,0
CUST_009394,15,Standard,46-55,West,2.8,16.7,10,2.0,4.0,0,0,1,0
CUST_009395,5,Premium,18-25,East,14.9,35.3,8,0.7,1.0,0,1,0,0
CUST_009396,1,Standard,36-45,South,6.5,32.9,6,2.5,2.0,0,0,1,0
CUST_009397,1,Standard,26-35,North,11.7,26.4,8,2.2,0.0,0,0,1,0
CUST_009398,7,Standard,18-25,East,9.0,24.7,7,1.3,2.0,1,0,0,0
CUST_009399,8,Basic,26-35,East,8.4,47.1,10,0.6,1.0,1,0,0,0
CUST_009400,1,Basic,36-45,East,9.6,33.0,10,0.8,3.0,1,0,1,0
CUST_009401,13,Standard,18-25,East,3.3,29.8,3,1.1,1.0,4,0,0,1
CUST_009402,4,Basic,36-45,East,13.8,28.6,6,3.9,1.0,1,0,1,0
CUST_009403,9,Standard,56+,South,2.1,11.0,3,13.3,4.0,2,0,1,1
CUST_009404,4,Standard,56+,West,7.4,3.4,9,2.2,0.0,0,0,0,0
CUST_009405,2,Standard,36-45,South,12.6,7.8,9,5.1,3.0,0,0,0,0
CUST_009406,6,Basic,36-45,North,11.7,42.8,6,2.4,1.0,0,1,0,0
CUST_009407,3,Basic,26-35,South,21.2,30.9,6,1.3,0.0,0,0,0,0
CUST_009408,9,Basic,56+,North,14.1,17.2,8,0.5,3.0,0,0,1,0
CUST_009409,2,Standard,26-35,South,10.8,42.1,17,11.0,0.0,0,0,4,0
CUST_009410,8,Basic,36-45,East,12.5,47.5,7,9.1,2.0,0,0,0,0
CUST_009411,2,Standard,18-25,North,1.3,25.8,11,0.5,2.0,0,1,0,0
CUST_009412,13,Basic,26-35,West,14.8,20.8,8,4.2,1.0,0,0,1,0
CUST_009413,16,Standard,18-25,East,14.5,39.7,5,5.1,3.0,1,1,0,0
CUST_009414,1,Basic,46-55,South,8.9,19.1,4,10.8,1.0,4,0,1,1
CUST_009415,7,Standard,36-45,South,0.9,11.5,5,6.2,1.0,2,0,1,1
CUST_009416,1,Basic,36-45,South,9.9,32.1,12,3.3,1.0,1,1,0,0
CUST_009417,10,Basic,26-35,North,7.4,28.0,7,1.0,0.0,1,0,0,0
CUST_009418,3,Premium,46-55,North,4.6,4.3,6,8.4,3.0,4,1,1,1
CUST_009419,8,Basic,18-25,North,6.2,40.4,4,1.5,2.0,0,0,1,0
CUST_009420,8,Standard,26-35,South,7.4,63.8,7,4.4,0.0,1,1,0,0
CUST_009421,30,Premium,36-45,North,16.5,43.2,8,2.6,2.0,0,0,1,0
CUST_009422,9,Standard,56+,North,5.8,32.8,17,2.2,0.0,0,1,0,0
CUST_009423,10,Premium,26-35,West,9.9,33.5,11,2.6,2.0,1,0,0,0
CUST_009424,6,Basic,36-45,South,23.6,5.0,12,6.3,1.0,0,1,1,0
CUST_009425,35,Basic,36-45,East,4.3,15.2,11,0.5,1.0,0,1,2,0
CUST_009426,18,Basic,46-55,North,1.2,8.9,5,13.4,4.0,2,0,1,1
CUST_009427,4,Basic,18-25,North,1.4,22.1,10,2.3,3.0,0,0,0,0
CUST_009428,22,Basic,26-35,East,11.8,16.1,6,1.8,0.0,0,0,0,0
CUST_009429,6,Basic,26-35,North,2.0,15.5,3,3.0,4.0,2,0,0,1
CUST_009430,21,Standard,18-25,North,2.1,1.4,3,9.0,0.0,2,0,2,1
CUST_009431,20,Premium,18-25,East,39.0,23.1,16,0.2,5.0,0,0,2,0
CUST_009432,2,Basic,56+,North,5.8,,4,6.5,3.0,2,1,0,1
CUST_009433,14,Basic,26-35,South,12.1,48.2,9,8.7,4.0,0,1,0,0
CUST_009434,4,Basic,56+,South,7.2,71.0,6,2.8,1.0,0,0,0,0
CUST_009435,4,Basic,26-35,South,8.3,8.7,8,1.4,0.0,0,0,0,0
CUST_009436,4,Standard,56+,North,5.0,57.0,8,5.8,0.0,1,1,1,0
CUST_009437,15,Basic,36-45,West,9.4,24.4,6,0.2,0.0,0,0,1,0
CUST_009438,3,Basic,18-25,East,6.9,38.9,7,5.2,0.0,0,1,0,0
CUST_009439,1,Standard,36-45,East,13.2,29.1,7,4.0,0.0,1,1,0,0
CUST_009440,15,Premium,26-35,East,44.8,87.0,7,0.1,0.0,1,1,1,0
CUST_009441,2,Standard,26-35,West,16.4,16.2,7,1.2,0.0,2,0,1,0
CUST_009442,1,Standard,26-35,East,2.6,23.5,5,6.4,3.0,2,0,0,1
CUST_009443,3,Basic,26-35,West,23.9,31.9,7,0.3,1.0,1,1,0,0
CUST_009444,5,Basic,36-45,South,6.0,36.1,3,0.9,0.0,0,1,1,0
CUST_009445,7,Basic,46-55,South,0.9,31.6,4,6.1,4.0,2,1,0,1
CUST_009446,1,Basic,26-35,West,8.8,36.2,10,0.6,2.0,1,0,0,0
CUST_009447,42,Premium,56+,West,8.8,21.3,14,0.2,3.0,1,0,2,0
CUST_009448,15,Standard,56+,North,2.1,34.9,9,6.0,2.0,0,1,0,0
CUST_009449,4,Basic,18-25,East,9.3,21.3,9,1.1,4.0,0,0,0,0
CUST_009450,4,Basic,18-25,East,5.7,44.7,5,0.3,1.0,1,0,0,0
CUST_009451,7,Basic,26-35,North,30.0,32.3,6,0.6,0.0,1,1,1,0
CUST_009452,11,Standard,36-45,West,5.2,9.5,11,0.3,1.0,0,0,0,0
CUST_009453,1,Basic,26-35,East,3.8,6.2,1,22.5,0.0,0,0,1,1
CUST_009454,2,Basic,26-35,East,14.2,37.5,9,0.5,2.0,0,0,1,0
CUST_009455,23,Standard,36-45,North,3.6,54.8,8,1.6,1.0,0,1,0,0
CUST_009456,3,Basic,36-45,South,18.6,42.2,6,0.2,0.0,1,1,0,0
CUST_009457,5,Basic,26-35,North,16.0,20.5,8,1.1,2.0,0,0,2,0
CUST_009458,24,Basic,46-55,South,12.7,50.7,6,10.3,0.0,0,0,0,0
CUST_009459,13,Basic,36-45,South,8.4,20.0,7,0.7,1.0,1,1,3,0
CUST_009460,5,Basic,26-35,West,3.6,11.2,3,2.7,0.0,4,0,1,1
CUST_009461,13,Basic,36-45,East,15.9,38.8,6,3.1,1.0,0,0,0,0
CUST_009462,1,Standard,18-25,North,27.1,9.1,5,3.1,1.0,1,0,2,0
CUST_009463,15,Standard,36-45,North,3.2,59.8,9,3.3,0.0,0,0,1,0
CUST_009464,8,Standard,26-35,East,3.5,13.4,4,4.8,4.0,2,0,0,1
CUST_009465,20,Premium,18-25,South,23.5,62.3,8,3.3,1.0,2,0,0,0
CUST_009466,37,Basic,26-35,West,10.9,65.1,12,4.0,0.0,0,1,1,0
CUST_009467,31,Premium,26-35,West,11.4,22.7,12,0.9,0.0,1,0,0,0
CUST_009468,28,Basic,36-45,West,5.3,58.3,12,1.2,1.0,0,1,2,0
CUST_009469,8,Basic,36-45,North,5.7,13.7,8,0.1,0.0,1,0,2,0
CUST_009470,5,Basic,18-25,West,8.7,17.7,9,0.1,1.0,0,0,1,0
CUST_009471,7,Basic,18-25,North,27.1,17.8,3,6.6,1.0,1,0,0,0
CUST_009472,14,Premium,46-55,East,6.4,47.5,18,4.9,1.0,0,0,0,0
CUST_009473,25,Basic,18-25,South,2.4,10.2,3,3.4,1.0,2,0,0,1
CUST_009474,2,Basic,26-35,East,6.5,11.7,7,1.2,1.0,0,0,1,0
CUST_009475,30,Basic,36-45,North,23.3,22.8,5,0.1,0.0,1,0,1,0
CUST_009476,20,Basic,46-55,South,4.4,17.7,7,0.5,2.0,0,1,0,0
CUST_009477,46,Basic,46-55,North,26.7,61.8,8,0.8,1.0,2,0,0,0
CUST_009478,25,Basic,46-55,North,12.4,20.5,6,2.9,1.0,0,1,1,0
CUST_009479,3,Basic,26-35,East,,41.6,12,1.1,0.0,0,0,0,0
CUST_009480,1,Premium,46-55,West,12.3,13.6,12,6.2,0.0,0,1,0,0
CUST_009481,1,Basic,26-35,West,3.3,24.8,10,0.0,2.0,0,0,1,0
CUST_009482,4,Basic,26-35,South,18.9,62.7,7,6.4,3.0,1,0,2,0
CUST_009483,11,Standard,36-45,North,3.3,42.0,4,0.2,2.0,0,0,0,0
CUST_009484,19,Premium,36-45,North,5.7,112.3,9,2.2,2.0,0,1,0,0
CUST_009485,27,Basic,18-25,North,14.8,,8,4.9,1.0,0,1,0,0
CUST_009486,11,Basic,18-25,West,8.5,44.7,10,3.7,0.0,0,1,1,0
CUST_009487,1,Premium,46-55,South,6.2,1.2,6,18.6,1.0,4,0,0,1
CUST_009488,2,Basic,46-55,West,4.7,45.2,13,1.8,2.0,0,0,1,0
CUST_009489,1,Standard,36-45,East,7.2,25.4,3,3.2,2.0,0,0,0,0
CUST_009490,5,Basic,26-35,East,,16.7,11,1.9,2.0,2,0,0,0
CUST_009491,8,Premium,46-55,West,15.9,16.2,5,2.9,0.0,1,0,0,0
CUST_009492,1,Premium,46-55,North,4.5,35.7,9,0.2,3.0,0,0,0,0
CUST_009493,5,Standard,36-45,South,21.4,71.4,12,3.9,0.0,0,1,1,0
CUST_009494,2,Basic,26-35,West,2.8,15.1,2,8.1,4.0,2,0,1,1
CUST_009495,12,Basic,26-35,East,23.0,25.2,11,2.0,1.0,1,0,1,0
CUST_009496,7,Basic,26-35,North,9.2,23.4,11,0.9,0.0,0,0,1,0
CUST_009497,8,Premium,26-35,North,7.0,20.0,18,0.4,3.0,0,0,0,0
CUST_009498,6,Premium,26-35,West,9.1,80.4,7,2.6,1.0,0,0,1,0
CUST_009499,37,Basic,36-45,North,11.1,47.4,3,4.2,1.0,0,1,0,0
CUST_009500,2,Standard,26-35,West,2.3,16.8,8,3.0,4.0,2,1,0,1
CUST_009501,8,Basic,46-55,North,6.0,4.1,2,24.9,3.0,0,0,0,1
CUST_009502,15,Basic,18-25,East,26.0,28.5,15,0.5,3.0,1,0,0,0
CUST_009503,9,Standard,36-45,East,9.8,20.9,11,1.1,1.0,1,0,1,0
CUST_009504,31,Basic,46-55,East,9.3,14.2,6,1.4,1.0,0,0,0,0
CUST_009505,5,Basic,36-45,South,10.3,26.6,9,3.2,2.0,0,0,1,0
CUST_009506,7,Basic,26-35,West,12.6,16.4,7,0.1,3.0,0,0,1,0
CUST_009507,1,Standard,36-45,East,6.3,26.2,7,2.3,0.0,0,0,1,0
CUST_009508,11,Premium,46-55,West,7.4,30.5,11,3.1,3.0,1,1,3,0
CUST_009509,4,Premium,56+,North,17.3,16.0,14,4.0,2.0,0,0,0,0
CUST_009510,2,Standard,36-45,North,9.9,39.6,4,1.4,0.0,1,0,1,0
CUST_009511,9,Standard,46-55,North,1.7,39.8,7,6.8,1.0,0,1,0,0
CUST_009512,9,Basic,18-25,North,19.2,4.9,5,0.7,2.0,1,0,1,0
CUST_009513,1,Premium,46-55,East,16.8,38.9,2,2.6,1.0,0,0,1,0
CUST_009514,14,Standard,56+,South,5.3,12.3,6,2.0,1.0,0,0,1,0
CUST_009515,11,Standard,36-45,West,1.1,15.2,2,20.5,1.0,0,1,0,1
CUST_009516,2,Standard,46-55,North,10.0,51.5,9,1.0,3.0,0,0,0,0
CUST_009517,7,Standard,36-45,South,26.5,6.0,7,1.5,0.0,0,0,1,0
CUST_009518,15,Basic,26-35,West,7.4,48.7,8,3.6,1.0,1,1,1,0
CUST_009519,9,Basic,46-55,West,3.0,1.5,4,7.1,1.0,4,0,1,1
CUST_009520,6,Standard,36-45,West,0.8,17.0,2,0.3,0.0,2,1,0,1
CUST_009521,4,Premium,36-45,West,17.4,23.5,14,1.2,0.0,1,0,0,0
CUST_009522,11,Standard,36-45,East,6.3,21.1,13,0.7,5.0,0,0,0,0
CUST_009523,33,Basic,46-55,West,2.7,9.6,3,15.1,0.0,2,1,0,1
CUST_009524,13,Basic,46-55,East,4.9,32.9,3,4.7,2.0,0,0,1,0
CUST_009525,1,Standard,26-35,West,3.7,,3,13.7,0.0,2,1,0,1
CUST_009526,7,Standard,36-45,North,12.0,18.9,11,0.9,1.0,1,1,1,0
CUST_009527,26,Standard,56+,West,8.1,20.5,12,1.2,2.0,0,0,0,0
CUST_009528,1,Basic,36-45,East,5.5,10.9,4,1.1,2.0,0,0,1,0
CUST_009529,53,Premium,56+,North,28.0,22.3,16,5.1,7.0,0,0,1,0
CUST_009530,35,Standard,46-55,North,11.4,40.8,11,16.3,1.0,0,0,2,0
CUST_009531,1,Standard,36-45,West,6.4,36.5,6,0.3,6.0,0,0,1,0
CUST_009532,32,Basic,26-35,East,4.5,22.6,8,0.6,0.0,1,0,1,0
CUST_009533,5,Basic,26-35,West,2.0,15.0,3,8.1,1.0,2,0,0,1
CUST_009534,22,Premium,36-45,North,2.8,75.7,8,0.9,1.0,0,0,1,0
CUST_009535,6,Basic,26-35,South,4.5,31.1,6,6.7,0.0,4,0,1,1
CUST_009536,6,Standard,46-55,South,13.7,13.8,6,0.9,0.0,0,0,1,0
CUST_009537,12,Basic,46-55,East,1.7,58.7,9,2.1,1.0,0,1,1,0
CUST_009538,17,Standard,26-35,East,15.2,25.1,1,1.7,0.0,0,0,2,0
CUST_009539,1,Basic,46-55,East,14.3,36.6,9,2.0,0.0,0,0,1,0
CUST_009540,10,Basic,36-45,North,30.0,66.6,8,1.5,2.0,0,1,2,0
CUST_009541,2,Premium,26-35,North,7.4,99.6,12,1.1,1.0,0,1,0,0
CUST_009542,5,Standard,26-35,North,0.3,17.3,4,15.1,3.0,0,1,0,1
CUST_009543,5,Basic,46-55,West,9.4,47.0,5,0.3,3.0,0,0,1,0
CUST_009544,7,Basic,26-35,South,4.5,18.8,10,3.5,0.0,0,0,2,0
CUST_009545,4,Premium,26-35,South,19.1,,11,5.2,1.0,0,0,0,0
CUST_009546,1,Basic,26-35,South,8.1,26.7,7,5.0,0.0,0,0,1,0
CUST_009547,1,Standard,26-35,West,20.8,40.8,7,9.4,2.0,1,0,0,0
CUST_009548,1,Basic,36-45,North,5.0,26.8,3,0.3,2.0,0,0,0,0
CUST_009549,7,Premium,18-25,North,4.2,14.8,16,4.8,0.0,0,0,1,0
CUST_009550,37,Standard,46-55,East,18.2,9.6,7,1.0,2.0,0,1,1,0
CUST_009551,1,Standard,26-35,West,25.1,21.7,6,2.6,1.0,1,0,0,0
CUST_009552,35,Basic,36-45,East,0.6,20.4,2,29.5,3.0,2,1,1,1
CUST_009553,15,Premium,18-25,South,43.9,26.7,15,0.5,,0,0,1,0
CUST_009554,12,Basic,56+,East,4.0,10.3,5,14.7,3.0,2,0,1,1
CUST_009555,12,Premium,36-45,West,21.0,42.1,8,6.1,0.0,0,0,0,0
CUST_009556,21,Basic,46-55,East,18.6,1.5,4,4.4,2.0,1,1,0,0
CUST_009557,1,Standard,46-55,South,,35.6,13,8.3,2.0,0,0,0,0
CUST_009558,8,Basic,46-55,South,15.2,47.4,8,2.6,2.0,0,0,1,0
CUST_009559,14,Standard,46-55,West,10.1,40.1,9,1.7,1.0,1,1,0,0
CUST_009560,10,Basic,18-25,East,11.5,48.8,12,4.5,2.0,0,0,0,0
CUST_009561,21,Basic,36-45,East,6.9,9.0,7,4.8,2.0,0,0,0,0
CUST_009562,1,Basic,26-35,North,11.8,29.6,8,0.1,1.0,0,0,0,0
CUST_009563,14,Basic,46-55,East,10.2,36.5,10,8.7,1.0,0,0,0,0
CUST_009564,9,Basic,56+,South,7.3,36.0,9,0.6,1.0,1,0,1,0
CUST_009565,5,Basic,56+,North,8.7,29.4,7,3.6,1.0,0,0,3,0
CUST_009566,4,Premium,18-25,West,22.8,,12,1.2,1.0,0,0,1,0
CUST_009567,11,Basic,26-35,South,4.6,69.6,7,5.6,3.0,0,0,0,0
CUST_009568,26,Standard,26-35,South,8.9,33.0,6,1.2,2.0,1,0,0,0
CUST_009569,8,Basic,18-25,West,10.5,26.0,10,2.9,3.0,0,1,1,0
CUST_009570,20,Standard,18-25,North,5.3,39.2,7,3.5,0.0,1,0,2,0
CUST_009571,6,Basic,26-35,East,13.8,31.1,8,9.9,0.0,0,0,0,0
CUST_009572,1,Premium,56+,East,11.7,64.4,9,6.7,0.0,0,0,0,0
CUST_009573,1,Standard,36-45,West,3.9,33.6,7,0.1,1.0,1,0,2,0
CUST_009574,1,Basic,36-45,West,3.6,15.5,4,3.5,1.0,4,0,0,1
CUST_009575,5,Standard,36-45,East,9.0,42.1,8,2.9,2.0,0,0,0,0
CUST_009576,4,Basic,36-45,South,2.4,15.8,7,7.6,1.0,2,0,0,1
CUST_009577,15,Standard,56+,South,5.5,5.7,3,6.9,1.0,4,1,1,1
CUST_009578,16,Basic,36-45,West,2.6,40.5,8,1.8,1.0,0,0,0,0
CUST_009579,1,Basic,18-25,North,15.7,56.9,7,1.6,3.0,1,0,0,0
CUST_009580,2,Basic,36-45,West,1.8,29.7,9,0.9,0.0,0,0,0,0
CUST_009581,3,Standard,56+,South,9.5,50.1,7,1.0,3.0,0,0,1,0
CUST_009582,9,Basic,26-35,North,3.7,13.5,5,10.9,4.0,2,1,0,1
CUST_009583,1,Standard,36-45,North,1.4,32.7,3,9.8,3.0,5,0,0,1
CUST_009584,1,Standard,18-25,North,3.2,18.7,7,0.8,2.0,0,1,0,0
CUST_009585,34,Basic,18-25,West,6.5,33.7,5,2.9,1.0,0,0,1,0
CUST_009586,19,Standard,46-55,West,16.4,14.3,5,0.4,1.0,0,0,1,0
CUST_009587,2,Standard,26-35,East,11.7,33.2,3,1.5,3.0,1,1,0,0
CUST_009588,6,Premium,26-35,East,16.4,35.4,14,0.5,2.0,0,0,1,0
CUST_009589,5,Standard,26-35,East,19.3,,9,8.5,2.0,0,0,3,0
CUST_009590,18,Standard,56+,West,9.0,36.9,6,3.1,2.0,1,1,1,0
CUST_009591,8,Standard,18-25,West,16.6,19.9,8,1.2,2.0,0,1,1,0
CUST_009592,1,Basic,46-55,North,4.5,10.0,4,1.9,0.0,4,1,0,1
CUST_009593,16,Basic,26-35,South,8.2,45.8,9,4.5,1.0,1,1,0,0
CUST_009594,6,Basic,46-55,East,23.4,23.6,6,0.2,2.0,0,1,1,0
CUST_009595,3,Basic,56+,West,18.6,19.3,6,0.1,1.0,0,0,0,0
CUST_009596,5,Basic,26-35,East,11.7,35.0,8,2.8,3.0,1,0,0,0
CUST_009597,8,Premium,18-25,West,9.7,33.1,5,2.8,3.0,0,0,0,0
CUST_009598,5,Basic,18-25,West,2.7,13.1,5,6.7,4.0,2,0,0,1
CUST_009599,3,Standard,46-55,East,17.1,7.8,10,0.4,0.0,0,1,1,0
CUST_009600,6,Standard,18-25,West,14.0,12.4,12,4.6,0.0,1,0,0,0
CUST_009601,1,Basic,26-35,South,0.9,10.2,1,10.4,6.0,0,0,0,1
CUST_009602,17,Basic,26-35,South,13.7,20.9,3,3.4,0.0,0,0,0,0
CUST_009603,2,Standard,26-35,West,17.1,8.7,8,1.6,3.0,0,0,2,0
CUST_009604,1,Standard,18-25,North,3.7,16.3,1,23.8,1.0,2,0,2,1
CUST_009605,12,Premium,46-55,South,5.6,61.4,12,1.4,2.0,0,1,2,0
CUST_009606,17,Basic,46-55,East,14.1,21.8,9,5.3,2.0,1,0,0,0
CUST_009607,20,Premium,26-35,South,3.5,16.4,4,11.0,1.0,2,0,0,1
CUST_009608,8,Basic,36-45,West,1.5,28.6,7,0.7,0.0,0,0,1,0
CUST_009609,2,Standard,36-45,West,9.1,55.1,12,7.5,0.0,1,0,2,0
CUST_009610,16,Standard,46-55,East,7.1,20.5,3,7.3,3.0,5,0,1,1
CUST_009611,14,Basic,36-45,East,1.5,13.9,6,8.3,4.0,2,0,1,1
CUST_009612,3,Basic,36-45,East,2.8,16.4,3,16.4,6.0,2,1,0,1
CUST_009613,28,Basic,36-45,South,6.9,78.3,8,1.6,0.0,0,0,0,0
CUST_009614,1,Basic,46-55,North,9.4,28.0,9,0.6,2.0,0,0,1,0
CUST_009615,48,Standard,26-35,East,0.9,93.1,9,5.8,0.0,0,0,2,0
CUST_009616,23,Basic,26-35,East,30.0,,8,4.4,1.0,0,0,0,0
CUST_009617,13,Standard,26-35,North,7.4,23.3,9,2.8,1.0,1,0,1,0
CUST_009618,33,Basic,36-45,West,25.8,35.2,11,5.3,3.0,1,1,0,0
CUST_009619,15,Standard,26-35,East,3.3,11.3,4,7.2,1.0,2,1,2,1
CUST_009620,2,Standard,36-45,North,8.7,34.0,6,0.1,3.0,0,1,1,0
CUST_009621,7,Standard,26-35,East,4.1,22.6,7,0.8,1.0,0,0,0,0
CUST_009622,1,Standard,46-55,North,4.2,64.0,7,3.0,2.0,0,1,1,0
CUST_009623,5,Basic,18-25,South,3.2,21.9,3,8.1,1.0,2,0,1,1
CUST_009624,16,Standard,36-45,West,14.0,17.9,7,0.9,2.0,1,0,0,0
CUST_009625,5,Basic,36-45,West,8.6,64.0,15,0.2,1.0,0,1,0,0
CUST_009626,4,Basic,26-35,South,12.0,34.9,7,0.1,3.0,1,0,1,0
CUST_009627,10,Basic,26-35,West,9.2,30.1,10,0.9,2.0,0,1,2,0
CUST_009628,24,Standard,46-55,North,8.0,84.2,8,2.8,3.0,0,0,0,0
CUST_009629,1,Standard,26-35,North,5.5,3.6,2,8.7,1.0,4,1,0,1
CUST_009630,5,Standard,46-55,North,5.7,104.6,3,1.3,0.0,1,0,1,0
CUST_009631,2,Basic,46-55,North,7.6,64.5,6,1.3,1.0,0,0,1,0
CUST_009632,14,Basic,36-45,South,1.8,11.8,5,14.8,0.0,2,1,1,1
CUST_009633,1,Premium,46-55,West,14.1,25.0,18,0.1,0.0,0,0,0,0
CUST_009634,13,Standard,36-45,North,5.7,10.7,11,0.4,2.0,0,0,0,0
CUST_009635,4,Basic,36-45,South,3.9,22.2,6,2.8,4.0,0,0,0,0
CUST_009636,2,Standard,56+,East,1.8,14.1,3,20.3,0.0,0,1,0,1
CUST_009637,33,Basic,26-35,South,20.5,35.7,3,0.6,0.0,0,0,1,0
CUST_009638,1,Basic,26-35,East,4.4,10.8,10,0.8,3.0,0,1,0,0
CUST_009639,6,Basic,26-35,South,13.0,32.6,6,1.7,2.0,0,1,0,0
CUST_009640,1,Basic,36-45,North,5.4,9.2,2,7.5,3.0,2,0,0,1
CUST_009641,7,Basic,26-35,East,8.6,23.1,14,1.0,1.0,1,1,0,0
CUST_009642,8,Premium,56+,North,21.2,18.4,9,2.2,3.0,0,1,0,0
CUST_009643,4,Standard,26-35,South,12.5,15.0,7,2.2,0.0,0,0,2,0
CUST_009644,1,Basic,46-55,South,12.6,18.9,5,2.3,1.0,0,1,0,0
CUST_009645,5,Standard,26-35,South,21.4,,8,4.1,0.0,0,0,0,0
CUST_009646,13,Premium,26-35,East,39.0,27.8,15,1.1,1.0,1,0,1,0
CUST_009647,18,Basic,18-25,South,10.7,27.3,13,1.4,1.0,0,0,0,0
CUST_009648,9,Standard,26-35,East,2.9,13.7,1,9.6,1.0,2,0,3,1
CUST_009649,10,Standard,36-45,East,9.1,72.0,10,0.8,3.0,1,0,1,0
CUST_009650,2,Basic,56+,South,1.7,15.4,3,6.2,1.0,2,0,0,1
CUST_009651,4,Basic,26-35,West,22.5,22.6,9,9.1,1.0,0,1,1,0
CUST_009652,2,Basic,36-45,West,8.5,8.7,9,2.6,0.0,0,1,1,0
CUST_009653,3,Standard,26-35,East,30.0,37.4,9,4.8,0.0,0,0,0,0
CUST_009654,3,Basic,18-25,North,5.8,29.3,13,6.4,2.0,0,0,0,0
CUST_009655,8,Standard,36-45,South,2.7,60.1,9,4.0,1.0,0,0,2,0
CUST_009656,9,Standard,18-25,North,17.3,43.0,3,0.3,0.0,0,1,0,0
CUST_009657,34,Basic,46-55,South,15.4,10.6,5,0.8,2.0,0,1,0,0
CUST_009658,2,Premium,46-55,North,20.7,14.2,5,2.9,1.0,0,0,0,0
CUST_009659,12,Premium,26-35,East,6.4,60.2,16,5.0,1.0,0,0,1,0
CUST_009660,20,Basic,36-45,North,6.1,12.9,6,0.1,0.0,0,0,1,0
CUST_009661,9,Premium,18-25,West,5.3,20.2,4,14.3,1.0,2,0,0,1
CUST_009662,3,Basic,46-55,North,7.5,12.2,4,2.1,1.0,0,1,0,0
CUST_009663,3,Basic,46-55,East,3.3,13.6,3,4.4,4.0,2,0,0,1
CUST_009664,1,Basic,46-55,West,8.0,44.6,9,2.2,2.0,0,1,0,0
CUST_009665,4,Standard,26-35,North,3.8,47.2,13,4.8,0.0,0,0,2,0
CUST_009666,16,Standard,26-35,West,16.3,36.9,7,0.6,0.0,0,0,0,0
CUST_009667,1,Basic,36-45,South,12.8,24.2,10,1.2,1.0,0,1,1,0
CUST_009668,2,Basic,56+,West,7.4,15.4,2,4.5,1.0,4,0,0,1
CUST_009669,14,Basic,56+,West,10.0,45.1,11,0.9,1.0,0,0,0,0
CUST_009670,18,Premium,26-35,North,25.0,8.7,8,1.4,0.0,0,1,0,0
CUST_009671,7,Premium,46-55,West,1.1,11.1,2,6.4,1.0,2,0,1,1
CUST_009672,14,Standard,56+,North,2.3,26.8,12,0.1,1.0,1,0,1,0
CUST_009673,5,Standard,26-35,North,10.6,31.2,8,1.5,0.0,0,0,1,0
CUST_009674,2,Standard,46-55,North,9.6,54.8,9,0.1,0.0,0,0,1,0
CUST_009675,6,Basic,26-35,North,5.0,19.9,9,1.0,4.0,0,1,0,0
CUST_009676,10,Basic,26-35,East,6.9,35.4,4,21.6,0.0,5,0,1,1
CUST_009677,35,Standard,26-35,South,4.3,42.7,8,0.4,1.0,0,1,1,0
CUST_009678,1,Standard,36-45,West,9.1,,6,10.6,0.0,0,0,0,0
CUST_009679,8,Basic,46-55,South,17.7,13.8,7,3.1,1.0,0,0,0,0
CUST_009680,4,Premium,36-45,West,,14.1,11,0.2,3.0,1,1,1,0
CUST_009681,8,Standard,18-25,North,3.6,39.0,10,0.4,0.0,0,0,0,0
CUST_009682,1,Basic,26-35,North,29.2,42.6,9,1.9,0.0,1,0,0,0
CUST_009683,4,Standard,36-45,East,12.2,18.0,7,2.2,1.0,0,1,1,0
CUST_009684,20,Premium,36-45,West,18.7,23.7,14,2.8,1.0,0,0,0,0
CUST_009685,9,Basic,36-45,West,12.9,42.0,8,1.0,2.0,0,0,0,0
CUST_009686,7,Standard,18-25,South,3.9,,4,4.3,2.0,0,1,1,0
CUST_009687,4,Basic,46-55,South,13.4,17.5,8,0.0,0.0,0,1,0,0
CUST_009688,4,Basic,56+,North,5.2,31.8,3,1.8,4.0,5,0,0,1
CUST_009689,5,Standard,36-45,East,23.7,10.8,8,0.8,,2,1,0,0
CUST_009690,21,Basic,46-55,South,11.6,9.2,8,0.4,1.0,1,1,1,0
CUST_009691,41,Basic,56+,South,5.0,107.1,8,1.3,1.0,0,0,0,0
CUST_009692,6,Basic,36-45,East,8.0,4.2,8,4.4,2.0,0,0,2,0
CUST_009693,5,Basic,36-45,East,,14.0,5,1.6,0.0,2,0,1,1
CUST_009694,22,Basic,46-55,East,2.8,53.9,10,1.5,1.0,1,0,0,0
CUST_009695,6,Standard,26-35,South,4.1,15.4,3,2.5,1.0,4,0,0,1
CUST_009696,9,Basic,36-45,East,6.6,7.5,8,2.8,1.0,0,0,2,0
CUST_009697,3,Standard,46-55,North,20.1,24.2,6,2.2,3.0,1,0,1,0
CUST_009698,16,Standard,26-35,North,29.4,30.8,7,1.3,2.0,1,0,1,0
CUST_009699,9,Basic,46-55,West,8.0,47.8,8,3.8,0.0,1,0,0,0
CUST_009700,19,Standard,36-45,East,8.3,25.9,6,0.6,1.0,0,0,0,0
CUST_009701,18,Standard,26-35,West,11.4,7.5,13,0.5,3.0,0,0,1,0
CUST_009702,2,Basic,36-45,North,19.6,27.5,14,2.3,1.0,0,0,1,0
CUST_009703,15,Basic,26-35,West,1.5,10.8,6,1.3,3.0,4,1,2,1
CUST_009704,19,Standard,46-55,North,6.5,69.9,5,1.0,3.0,1,0,2,0
CUST_009705,5,Premium,36-45,West,3.2,23.8,8,2.0,1.0,4,0,0,1
CUST_009706,2,Basic,56+,South,3.3,28.4,2,1.5,2.0,0,0,0,0
CUST_009707,1,Basic,36-45,North,0.9,18.8,4,13.3,3.0,2,0,1,1
CUST_009708,7,Basic,36-45,South,,8.5,5,2.3,1.0,2,0,0,1
CUST_009709,5,Basic,56+,North,30.0,22.3,14,2.0,4.0,0,1,2,0
CUST_009710,9,Standard,18-25,South,0.9,33.9,11,3.0,1.0,0,0,0,0
CUST_009711,2,Basic,46-55,West,3.5,27.4,2,21.3,3.0,0,0,0,1
CUST_009712,23,Basic,18-25,South,,46.8,12,0.3,0.0,1,0,0,0
CUST_009713,3,Basic,46-55,East,3.5,39.3,8,0.1,0.0,0,1,0,0
CUST_009714,3,Basic,36-45,West,2.4,36.2,2,4.6,3.0,4,1,1,1
CUST_009715,7,Basic,56+,East,9.8,26.6,6,0.7,0.0,0,0,0,0
CUST_009716,8,Basic,46-55,South,5.9,33.4,6,0.8,1.0,0,0,1,0
CUST_009717,2,Basic,18-25,West,3.7,26.1,7,5.7,1.0,0,0,1,0
CUST_009718,3,Standard,18-25,North,30.0,36.4,5,2.2,0.0,1,0,0,0
CUST_009719,2,Premium,36-45,East,24.7,54.4,7,0.4,4.0,0,0,0,0
CUST_009720,15,Basic,36-45,West,2.8,,4,10.5,1.0,2,0,1,1
CUST_009721,17,Standard,26-35,North,8.7,18.7,16,0.8,0.0,0,0,0,0
CUST_009722,7,Basic,18-25,East,2.1,19.3,3,12.4,3.0,2,0,0,1
CUST_009723,15,Basic,36-45,South,23.9,14.8,9,6.4,0.0,0,0,0,0
CUST_009724,15,Basic,18-25,North,1.7,14.7,11,1.9,1.0,0,0,0,0
CUST_009725,1,Basic,46-55,South,12.0,17.5,16,1.3,3.0,1,0,1,0
CUST_009726,40,Standard,46-55,West,30.0,11.1,10,4.7,2.0,2,0,1,0
CUST_009727,20,Basic,46-55,West,3.1,7.4,4,17.6,4.0,0,0,0,1
CUST_009728,2,Basic,18-25,North,15.6,14.5,8,0.0,2.0,1,0,0,0
CUST_009729,2,Standard,18-25,North,3.4,14.5,7,1.2,2.0,0,0,0,0
CUST_009730,1,Standard,36-45,South,15.4,11.4,10,6.2,1.0,1,0,0,0
CUST_009731,1,Basic,56+,East,11.3,34.7,10,2.9,0.0,1,0,1,0
CUST_009732,16,Basic,26-35,West,9.9,30.2,9,1.1,0.0,0,1,0,0
CUST_009733,7,Basic,26-35,West,7.1,50.4,7,0.9,1.0,0,0,0,0
CUST_009734,18,Basic,18-25,West,5.5,,6,0.1,1.0,0,0,0,0
CUST_009735,16,Basic,36-45,East,1.9,7.1,2,12.7,4.0,2,1,0,1
CUST_009736,11,Basic,36-45,North,21.4,15.0,15,1.1,1.0,0,0,1,0
CUST_009737,13,Standard,18-25,North,6.1,49.3,6,2.0,,0,0,0,0
CUST_009738,1,Standard,36-45,East,11.6,,13,0.9,1.0,1,0,0,0
CUST_009739,4,Standard,36-45,East,9.8,36.2,6,3.9,0.0,0,0,0,0
CUST_009740,12,Basic,36-45,West,15.0,15.3,9,1.4,0.0,1,0,0,0
CUST_009741,1,Basic,36-45,South,21.8,19.5,4,15.5,1.0,0,1,1,0
CUST_009742,1,Basic,46-55,North,5.4,30.5,12,0.1,0.0,0,0,0,0
CUST_009743,22,Standard,36-45,South,21.2,23.6,9,6.6,3.0,0,0,0,0
CUST_009744,13,Basic,36-45,West,9.0,35.7,9,1.4,1.0,0,1,0,0
CUST_009745,3,Premium,46-55,West,6.4,65.1,8,0.4,3.0,1,0,0,0
CUST_009746,13,Standard,56+,North,10.4,39.1,9,4.1,1.0,0,1,0,0
CUST_009747,18,Premium,26-35,West,8.1,30.9,9,1.8,2.0,0,1,2,0
CUST_009748,4,Standard,26-35,South,7.7,67.5,9,6.8,0.0,0,0,0,0
CUST_009749,1,Premium,46-55,South,15.6,68.8,11,3.8,1.0,2,1,0,0
CUST_009750,32,Standard,26-35,South,4.7,2.3,2,14.1,1.0,4,0,2,1
CUST_009751,5,Premium,56+,East,12.8,15.4,9,0.6,2.0,0,0,1,0
CUST_009752,1,Basic,18-25,East,16.9,,8,0.2,0.0,0,0,0,0
CUST_009753,8,Basic,56+,East,13.5,22.4,7,5.8,1.0,1,0,0,0
CUST_009754,17,Standard,36-45,East,17.5,48.5,9,0.1,2.0,0,0,1,0
CUST_009755,3,Premium,46-55,North,4.0,11.6,2,10.8,6.0,0,0,0,1
CUST_009756,3,Basic,26-35,South,2.7,12.6,6,10.0,1.0,2,1,0,1
CUST_009757,3,Basic,56+,West,18.6,33.8,10,4.1,3.0,1,0,0,0
CUST_009758,57,Standard,26-35,East,8.0,22.2,6,5.5,0.0,0,0,1,0
CUST_009759,2,Standard,26-35,South,5.9,30.5,2,18.7,1.0,2,0,0,1
CUST_009760,10,Basic,18-25,North,5.4,29.4,9,2.7,2.0,0,0,0,0
CUST_009761,31,Standard,56+,North,7.9,28.7,7,8.6,0.0,0,0,0,0
CUST_009762,1,Premium,36-45,South,28.6,32.1,5,3.4,0.0,1,0,0,0
CUST_009763,42,Premium,36-45,North,4.5,18.5,16,2.0,1.0,0,0,0,0
CUST_009764,35,Basic,36-45,South,8.7,29.6,7,2.0,1.0,0,0,0,0
CUST_009765,25,Basic,46-55,West,23.0,11.1,12,2.4,1.0,0,0,1,0
CUST_009766,2,Basic,36-45,South,5.8,35.0,8,7.7,2.0,0,1,0,0
CUST_009767,12,Basic,36-45,West,4.8,50.4,8,2.1,1.0,0,0,0,0
CUST_009768,17,Basic,46-55,East,4.4,29.2,6,0.9,2.0,0,1,2,0
CUST_009769,51,Standard,46-55,North,14.1,33.4,11,0.2,0.0,0,0,0,0
CUST_009770,2,Basic,26-35,East,12.0,21.2,8,0.2,1.0,1,0,0,0
CUST_009771,17,Premium,18-25,North,18.4,64.7,7,5.5,1.0,1,0,2,0
CUST_009772,4,Premium,18-25,East,30.8,,12,2.4,3.0,0,0,1,0
CUST_009773,2,Basic,26-35,North,6.1,35.0,6,5.3,1.0,0,1,1,0
CUST_009774,6,Premium,36-45,South,18.3,29.7,9,2.2,,1,0,0,0
CUST_009775,18,Standard,36-45,East,12.8,32.3,5,0.9,1.0,0,1,0,0
CUST_009776,7,Standard,56+,North,10.1,20.6,10,6.4,0.0,0,0,0,0
CUST_009777,9,Basic,26-35,North,9.4,37.3,7,1.9,,1,0,1,0
CUST_009778,60,Standard,46-55,South,4.9,3.0,3,0.6,6.0,2,1,0,1
CUST_009779,6,Basic,36-45,South,10.8,37.5,5,5.7,1.0,0,1,0,0
CUST_009780,11,Standard,26-35,West,10.4,66.8,9,9.1,2.0,0,0,1,0
CUST_009781,5,Basic,36-45,North,14.3,42.3,10,18.7,1.0,0,0,2,0
CUST_009782,5,Standard,56+,South,11.9,25.5,8,2.5,1.0,1,1,0,0
CUST_009783,14,Basic,18-25,South,4.9,23.4,11,4.9,2.0,0,0,1,0
CUST_009784,33,Basic,36-45,South,18.2,36.9,10,3.0,1.0,1,1,1,0
CUST_009785,9,Standard,18-25,East,5.0,18.1,11,2.0,3.0,0,0,1,0
CUST_009786,17,Standard,26-35,South,14.2,24.6,11,16.0,1.0,0,0,1,0
CUST_009787,1,Basic,36-45,West,10.8,14.4,9,2.6,2.0,0,0,0,0
CUST_009788,2,Basic,46-55,East,11.2,44.8,4,1.3,1.0,0,0,0,0
CUST_009789,8,Premium,46-55,North,28.6,33.5,14,1.5,1.0,0,0,0,0
CUST_009790,1,Standard,36-45,East,6.2,18.4,3,11.5,7.0,2,0,0,1
CUST_009791,3,Basic,56+,East,7.8,13.5,6,1.2,4.0,0,0,1,0
CUST_009792,8,Standard,26-35,South,11.4,36.4,6,6.7,1.0,0,1,0,0
CUST_009793,1,Basic,46-55,North,2.8,12.7,3,6.8,3.0,2,0,0,1
CUST_009794,3,Basic,36-45,North,4.3,28.6,7,0.1,1.0,0,0,1,0
CUST_009795,8,Standard,46-55,South,5.0,25.2,9,3.2,2.0,0,1,0,0
CUST_009796,10,Standard,46-55,North,12.8,51.8,10,1.7,0.0,0,0,1,0
CUST_009797,31,Standard,56+,East,3.2,13.6,6,1.0,2.0,0,1,1,0
CUST_009798,12,Basic,26-35,East,3.5,63.2,15,1.0,1.0,0,1,0,0
CUST_009799,6,Premium,36-45,West,12.4,27.6,14,2.8,0.0,0,0,0,0
CUST_009800,31,Basic,46-55,East,18.0,9.9,7,7.2,2.0,0,0,0,0
CUST_009801,18,Premium,46-55,East,14.4,35.8,8,0.2,2.0,1,0,0,0
CUST_009802,2,Basic,36-45,East,7.8,26.3,7,1.1,2.0,0,1,1,0
CUST_009803,1,Basic,18-25,West,5.2,13.3,7,0.3,0.0,0,0,1,0
CUST_009804,13,Standard,26-35,South,1.9,99.1,6,1.6,2.0,0,1,0,0
CUST_009805,9,Basic,26-35,South,26.2,49.4,6,9.7,1.0,0,0,0,0
CUST_009806,18,Standard,46-55,North,5.3,51.9,4,4.3,2.0,0,1,0,0
CUST_009807,16,Standard,46-55,South,5.5,30.3,3,15.4,3.0,4,1,0,1
CUST_009808,11,Basic,18-25,North,7.9,21.4,10,6.2,3.0,0,0,0,0
CUST_009809,51,Standard,56+,South,23.5,85.9,9,1.7,0.0,0,0,0,0
CUST_009810,9,Basic,26-35,South,4.0,37.0,13,3.0,4.0,0,0,1,0
CUST_009811,1,Basic,26-35,West,7.6,29.0,11,2.7,0.0,0,1,0,0
CUST_009812,21,Premium,26-35,West,7.4,13.9,4,1.0,3.0,4,0,0,1
CUST_009813,3,Premium,46-55,East,1.7,21.8,5,4.9,1.0,2,0,0,1
CUST_009814,18,Basic,46-55,South,14.7,24.0,8,2.6,1.0,1,0,0,0
CUST_009815,37,Standard,26-35,West,3.9,20.8,2,8.5,4.0,2,0,1,1
CUST_009816,14,Basic,36-45,West,14.9,19.5,10,0.1,0.0,1,0,0,0
CUST_009817,10,Standard,26-35,West,8.3,49.0,9,2.0,2.0,0,1,0,0
CUST_009818,7,Premium,26-35,East,3.1,17.6,2,13.8,1.0,2,0,0,1
CUST_009819,5,Basic,26-35,North,14.4,26.6,6,1.3,0.0,0,0,0,0
CUST_009820,5,Standard,26-35,North,2.6,13.0,3,4.3,3.0,2,0,0,1
CUST_009821,12,Basic,46-55,West,15.2,30.4,12,2.4,0.0,0,0,0,0
CUST_009822,16,Basic,36-45,North,10.0,39.0,8,3.0,0.0,0,0,0,0
CUST_009823,13,Premium,26-35,South,16.2,96.3,11,2.2,2.0,2,1,0,0
CUST_009824,2,Standard,26-35,South,13.5,22.9,8,3.3,0.0,0,1,1,0
CUST_009825,8,Basic,18-25,North,7.1,23.6,9,5.0,,0,0,2,0
CUST_009826,18,Standard,26-35,West,15.9,27.2,10,3.4,3.0,1,0,0,0
CUST_009827,7,Basic,36-45,South,10.7,14.7,10,1.9,2.0,0,1,1,0
CUST_009828,9,Basic,26-35,North,14.2,8.5,8,1.2,1.0,0,0,1,0
CUST_009829,17,Premium,46-55,West,22.7,21.2,12,0.3,2.0,0,1,1,0
CUST_009830,12,Standard,26-35,South,24.1,10.9,9,5.9,0.0,0,1,0,0
CUST_009831,6,Standard,26-35,West,1.1,12.5,5,6.5,3.0,2,0,1,1
CUST_009832,27,Basic,56+,South,6.7,25.3,4,2.3,3.0,0,0,0,0
CUST_009833,2,Standard,26-35,East,12.5,11.7,14,3.1,3.0,1,0,1,0
CUST_009834,60,Premium,26-35,North,2.0,19.3,4,7.8,0.0,2,1,1,1
CUST_009835,1,Basic,26-35,East,3.3,18.1,4,0.2,0.0,4,1,0,1
CUST_009836,1,Basic,26-35,South,8.8,40.1,7,7.8,0.0,0,0,0,0
CUST_009837,26,Standard,26-35,West,3.1,20.9,7,0.8,1.0,0,0,1,0
CUST_009838,3,Basic,26-35,North,16.0,16.7,6,7.6,0.0,0,0,0,0
CUST_009839,15,Basic,46-55,South,,14.6,10,0.1,1.0,1,0,0,0
CUST_009840,19,Premium,46-55,West,2.3,33.7,2,3.9,1.0,0,0,2,0
CUST_009841,23,Premium,36-45,South,14.2,44.1,11,3.3,3.0,1,0,1,0
CUST_009842,57,Standard,36-45,East,5.2,27.4,14,0.9,3.0,0,1,0,0
CUST_009843,4,Standard,36-45,East,13.1,22.9,4,0.5,1.0,0,0,0,0
CUST_009844,14,Premium,26-35,North,18.1,98.3,8,0.5,2.0,1,0,0,0
CUST_009845,1,Standard,18-25,North,6.6,32.5,9,0.6,1.0,0,1,1,0
CUST_009846,6,Basic,26-35,West,30.0,19.7,7,5.0,1.0,0,0,1,0
CUST_009847,22,Basic,36-45,South,16.8,25.2,10,0.9,3.0,0,0,0,0
CUST_009848,5,Basic,18-25,South,2.9,10.1,2,0.1,1.0,0,1,0,0
CUST_009849,10,Basic,18-25,East,3.4,22.9,6,4.2,3.0,4,0,1,1
CUST_009850,8,Basic,26-35,North,29.9,21.1,8,5.6,1.0,0,0,0,0
CUST_009851,12,Basic,26-35,East,,14.4,3,4.9,4.0,5,1,0,1
CUST_009852,43,Basic,26-35,South,6.1,35.6,8,0.1,2.0,0,0,0,0
CUST_009853,1,Basic,18-25,West,14.1,36.2,6,0.1,1.0,0,0,1,0
CUST_009854,10,Standard,26-35,South,9.1,41.9,9,0.9,2.0,0,0,2,0
CUST_009855,23,Basic,26-35,North,,7.0,7,0.8,1.0,2,0,0,0
CUST_009856,7,Standard,18-25,West,2.1,20.6,8,4.5,0.0,0,0,1,0
CUST_009857,1,Basic,26-35,South,18.0,14.7,8,0.1,4.0,1,0,1,0
CUST_009858,9,Standard,18-25,South,28.8,34.5,9,0.2,2.0,3,0,0,0
CUST_009859,4,Premium,46-55,West,22.1,46.5,19,6.5,1.0,1,0,1,0
CUST_009860,2,Standard,26-35,East,30.0,20.7,7,6.9,0.0,1,0,0,0
CUST_009861,22,Standard,26-35,South,16.7,44.8,12,6.0,1.0,0,0,0,0
CUST_009862,8,Premium,18-25,North,2.0,21.8,3,2.0,1.0,2,0,0,1
CUST_009863,32,Basic,26-35,West,7.2,60.4,9,0.9,2.0,1,0,0,0
CUST_009864,19,Premium,26-35,North,17.4,9.9,2,3.2,2.0,0,0,0,0
CUST_009865,14,Standard,56+,West,1.1,16.1,4,11.4,1.0,2,1,0,1
CUST_009866,1,Standard,46-55,North,,15.1,4,5.2,4.0,4,0,1,1
CUST_009867,6,Basic,18-25,West,6.3,15.9,5,0.1,0.0,0,0,0,0
CUST_009868,2,Standard,36-45,South,9.9,38.0,3,5.2,1.0,0,1,2,0
CUST_009869,29,Standard,26-35,North,11.0,,11,2.2,3.0,0,0,0,0
CUST_009870,2,Standard,18-25,South,7.5,6.3,10,1.7,4.0,0,1,0,0
CUST_009871,4,Standard,46-55,North,2.2,45.5,10,0.0,2.0,1,1,0,0
CUST_009872,8,Basic,18-25,North,12.3,63.4,10,10.1,2.0,0,0,1,0
CUST_009873,3,Basic,26-35,North,27.9,32.1,11,2.3,1.0,0,0,1,0
CUST_009874,2,Basic,36-45,West,26.7,13.6,6,3.7,2.0,0,0,0,0
CUST_009875,10,Basic,36-45,North,30.0,42.6,7,0.0,0.0,0,1,1,0
CUST_009876,1,Basic,56+,West,4.2,8.1,4,0.2,7.0,2,0,0,1
CUST_009877,1,Basic,46-55,North,17.0,51.5,10,0.3,2.0,1,0,0,0
CUST_009878,5,Basic,46-55,East,10.3,11.0,6,0.0,1.0,1,0,0,0
CUST_009879,15,Basic,26-35,West,1.9,30.4,5,5.3,1.0,4,0,0,1
CUST_009880,9,Basic,18-25,West,13.7,9.8,5,0.3,1.0,0,0,1,0
CUST_009881,6,Premium,46-55,North,1.2,18.2,7,16.9,4.0,0,0,0,1
CUST_009882,10,Standard,56+,East,4.6,24.0,4,15.1,3.0,4,0,0,1
CUST_009883,5,Standard,26-35,North,18.3,45.0,13,0.8,4.0,0,1,0,0
CUST_009884,33,Basic,56+,South,1.4,43.6,4,2.0,2.0,0,1,0,0
CUST_009885,1,Standard,18-25,East,1.8,66.0,12,1.8,3.0,0,0,0,0
CUST_009886,13,Standard,26-35,South,4.3,42.5,9,1.5,0.0,0,0,0,0
CUST_009887,26,Premium,26-35,South,8.1,17.4,12,1.8,1.0,0,0,0,0
CUST_009888,19,Standard,36-45,North,16.8,14.3,6,1.3,0.0,0,0,0,0
CUST_009889,2,Standard,46-55,North,27.2,31.4,7,0.9,2.0,0,0,0,0
CUST_009890,4,Premium,26-35,North,31.5,25.8,9,0.8,0.0,0,0,0,0
CUST_009891,15,Basic,56+,West,5.1,42.1,5,4.5,5.0,0,0,0,0
CUST_009892,1,Basic,36-45,North,1.1,16.0,2,1.0,1.0,2,0,3,1
CUST_009893,20,Standard,36-45,East,6.5,39.0,14,0.3,1.0,0,0,0,0
CUST_009894,15,Basic,46-55,West,12.9,20.0,3,0.2,4.0,0,0,0,0
CUST_009895,15,Basic,18-25,East,1.2,46.5,7,0.4,1.0,0,1,0,0
CUST_009896,1,Standard,46-55,East,12.2,25.8,9,0.2,0.0,0,0,1,0
CUST_009897,15,Basic,26-35,East,24.4,38.6,5,0.9,0.0,1,1,0,0
CUST_009898,13,Standard,26-35,South,30.0,32.8,8,2.0,1.0,0,0,2,0
CUST_009899,21,Premium,36-45,South,11.3,37.4,9,4.9,3.0,0,1,0,0
CUST_009900,1,Basic,56+,West,7.0,10.4,2,4.3,0.0,4,0,0,1
CUST_009901,1,Basic,36-45,West,5.7,13.5,8,2.2,2.0,0,0,0,0
CUST_009902,5,Basic,36-45,East,4.1,63.6,8,6.4,3.0,0,1,0,0
CUST_009903,1,Basic,46-55,North,15.3,34.7,13,2.5,2.0,1,0,1,0
CUST_009904,9,Basic,26-35,South,2.3,12.0,6,4.3,1.0,2,0,1,1
CUST_009905,29,Basic,46-55,South,4.0,10.4,5,14.6,3.0,2,1,2,1
CUST_009906,5,Basic,26-35,West,0.8,12.8,3,24.7,4.0,0,0,2,1
CUST_009907,22,Basic,26-35,East,23.8,27.5,6,6.3,0.0,0,0,0,0
CUST_009908,1,Standard,26-35,East,7.8,42.0,8,0.7,0.0,1,0,0,0
CUST_009909,2,Premium,26-35,East,45.0,12.6,8,14.4,3.0,0,1,1,0
CUST_009910,1,Standard,26-35,North,16.1,11.4,10,0.2,0.0,0,0,0,0
CUST_009911,4,Standard,26-35,West,9.2,21.5,8,0.4,1.0,0,0,0,0
CUST_009912,28,Basic,26-35,North,5.7,26.4,7,3.1,2.0,0,1,3,0
CUST_009913,1,Standard,36-45,East,2.3,17.3,4,1.9,3.0,2,1,1,1
CUST_009914,11,Basic,36-45,North,14.5,54.0,11,3.2,2.0,0,0,0,0
CUST_009915,7,Basic,36-45,North,7.8,21.6,15,4.2,1.0,0,0,0,0
CUST_009916,33,Standard,26-35,North,15.4,4.9,8,0.1,1.0,0,0,0,0
CUST_009917,1,Basic,46-55,West,9.3,24.3,5,1.4,2.0,1,1,0,0
CUST_009918,2,Basic,18-25,East,13.4,49.6,7,0.5,1.0,2,0,0,0
CUST_009919,1,Premium,36-45,South,24.5,47.7,11,2.2,1.0,1,0,0,0
CUST_009920,6,Premium,26-35,West,10.6,21.4,12,0.3,1.0,0,1,2,0
CUST_009921,3,Basic,36-45,East,5.5,3.2,1,14.5,0.0,2,0,2,1
CUST_009922,24,Basic,26-35,East,3.0,27.8,4,1.3,4.0,4,0,1,1
CUST_009923,11,Standard,46-55,South,7.8,54.9,7,3.7,1.0,0,0,0,0
CUST_009924,11,Standard,46-55,North,0.7,10.8,10,0.5,2.0,0,0,0,0
CUST_009925,9,Basic,46-55,South,1.2,20.6,4,20.2,1.0,4,1,0,1
CUST_009926,1,Standard,26-35,North,2.0,25.3,3,2.3,,2,1,1,1
CUST_009927,7,Premium,26-35,East,13.0,5.9,9,6.7,2.0,0,0,0,0
CUST_009928,60,Basic,56+,North,1.7,39.0,17,1.2,0.0,0,0,1,0
CUST_009929,21,Premium,26-35,South,16.9,49.8,2,1.6,1.0,0,0,0,0
CUST_009930,26,Premium,56+,South,9.1,69.5,12,1.1,1.0,0,0,2,0
CUST_009931,20,Basic,26-35,North,14.8,21.1,7,0.2,1.0,0,0,0,0
CUST_009932,1,Standard,56+,West,3.8,8.1,5,0.1,9.0,2,0,0,1
CUST_009933,3,Basic,56+,West,21.9,38.2,12,0.8,1.0,0,0,3,0
CUST_009934,1,Standard,36-45,North,1.4,44.5,8,0.2,2.0,0,0,1,0
CUST_009935,4,Standard,18-25,West,6.7,22.7,8,0.6,0.0,1,0,0,0
CUST_009936,1,Basic,26-35,South,3.5,40.4,5,2.7,0.0,0,1,1,0
CUST_009937,7,Standard,56+,West,11.7,35.1,10,0.4,2.0,0,0,0,0
CUST_009938,13,Standard,46-55,North,4.1,80.9,11,6.6,1.0,1,0,0,0
CUST_009939,24,Basic,26-35,North,,47.3,13,5.1,0.0,0,0,0,0
CUST_009940,16,Basic,26-35,West,17.7,17.1,6,0.9,2.0,1,0,1,0
CUST_009941,33,Basic,46-55,West,6.6,30.5,12,1.1,1.0,0,0,1,0
CUST_009942,1,Standard,36-45,South,8.4,34.4,8,4.8,0.0,1,1,0,0
CUST_009943,1,Premium,46-55,West,7.7,34.7,8,2.6,1.0,0,0,2,0
CUST_009944,12,Standard,46-55,East,6.6,37.6,9,6.3,0.0,0,0,0,0
CUST_009945,4,Basic,56+,North,2.6,26.2,5,5.9,1.0,4,0,1,1
CUST_009946,3,Standard,18-25,South,11.6,50.8,4,0.2,1.0,0,0,0,0
CUST_009947,4,Basic,18-25,North,2.3,15.5,3,33.1,4.0,0,0,0,1
CUST_009948,3,Basic,18-25,West,5.1,30.2,8,2.5,2.0,0,0,0,0
CUST_009949,8,Basic,56+,West,8.6,20.4,3,0.0,1.0,1,0,1,0
CUST_009950,6,Basic,36-45,East,12.3,24.9,4,1.3,3.0,0,0,0,0
CUST_009951,8,Standard,18-25,East,4.6,55.4,4,5.3,4.0,4,0,0,1
CUST_009952,13,Premium,26-35,East,26.2,19.5,11,3.0,1.0,0,0,0,0
CUST_009953,5,Standard,26-35,North,1.7,,3,9.7,0.0,2,1,1,1
CUST_009954,3,Standard,46-55,South,4.9,28.6,2,2.2,0.0,0,0,0,0
CUST_009955,2,Basic,46-55,South,3.6,23.7,7,1.1,3.0,0,0,0,0
CUST_009956,5,Premium,36-45,East,18.0,32.2,9,2.8,1.0,1,0,1,0
CUST_009957,16,Standard,18-25,West,0.9,2.9,5,2.1,1.0,2,0,0,1
CUST_009958,16,Premium,56+,South,15.8,31.8,11,1.2,0.0,0,0,0,0
CUST_009959,13,Basic,26-35,South,2.8,8.6,3,1.9,0.0,2,0,0,1
CUST_009960,3,Standard,36-45,West,12.5,18.1,9,1.2,0.0,0,0,1,0
CUST_009961,10,Standard,18-25,North,30.0,38.5,7,5.6,0.0,2,0,1,0
CUST_009962,10,Basic,18-25,East,6.3,33.3,11,0.6,1.0,0,0,1,0
CUST_009963,7,Standard,18-25,North,9.6,45.4,5,0.6,2.0,1,1,0,0
CUST_009964,9,Premium,36-45,East,0.8,23.2,2,1.1,1.0,2,1,0,1
CUST_009965,8,Basic,36-45,West,6.9,33.5,5,5.8,1.0,0,0,1,0
CUST_009966,10,Basic,18-25,North,10.2,,15,4.4,2.0,0,0,0,0
CUST_009967,15,Standard,26-35,West,6.5,15.0,6,14.9,3.0,2,0,1,1
CUST_009968,1,Basic,46-55,South,9.1,50.5,3,0.8,0.0,1,0,0,0
CUST_009969,16,Standard,18-25,North,4.6,49.9,11,2.2,1.0,0,0,0,0
CUST_009970,1,Standard,26-35,South,0.7,27.4,3,2.9,4.0,4,0,0,1
CUST_009971,1,Basic,26-35,West,5.5,26.1,8,4.4,1.0,0,1,1,0
CUST_009972,44,Standard,46-55,North,8.5,26.7,6,2.5,,0,1,1,0
CUST_009973,37,Standard,26-35,South,6.0,44.7,6,5.8,,0,1,1,0
CUST_009974,1,Premium,56+,East,27.5,53.5,4,4.1,2.0,0,1,0,0
CUST_009975,7,Standard,26-35,South,1.7,7.6,4,3.3,1.0,2,0,0,1
CUST_009976,2,Premium,26-35,North,8.9,73.6,9,1.5,0.0,0,0,0,0
CUST_009977,7,Basic,18-25,South,3.5,35.0,6,5.5,1.0,0,0,1,0
CUST_009978,21,Basic,36-45,West,4.9,18.3,6,5.3,1.0,0,0,0,0
CUST_009979,36,Basic,26-35,West,9.2,20.8,8,0.3,1.0,0,1,0,0
CUST_009980,12,Basic,36-45,North,0.8,28.7,3,0.4,1.0,2,0,0,1
CUST_009981,5,Premium,26-35,East,30.3,48.6,8,0.6,3.0,0,0,0,0
CUST_009982,11,Basic,26-35,North,,62.8,11,1.1,0.0,0,0,0,0
CUST_009983,4,Standard,46-55,East,3.9,62.1,6,0.8,0.0,0,0,0,0
CUST_009984,28,Basic,46-55,North,11.7,56.6,8,1.8,1.0,1,1,0,0
CUST_009985,24,Basic,26-35,North,3.0,17.3,4,7.0,1.0,2,1,0,1
CUST_009986,9,Premium,36-45,West,8.1,61.4,18,0.6,1.0,0,0,0,0
CUST_009987,4,Basic,36-45,North,24.5,81.2,7,0.8,0.0,0,1,1,0
CUST_009988,4,Standard,18-25,South,21.2,22.3,7,9.0,0.0,0,1,1,0
CUST_009989,1,Basic,36-45,West,0.7,20.6,3,5.7,3.0,4,1,0,1
CUST_009990,20,Premium,26-35,West,8.5,15.6,15,1.2,0.0,0,1,0,0
CUST_009991,7,Standard,36-45,North,10.3,36.8,7,0.7,2.0,1,0,1,0
CUST_009992,4,Standard,46-55,East,2.2,2.8,5,19.3,3.0,2,0,0,1
CUST_009993,7,Basic,26-35,East,2.0,4.7,3,23.4,1.0,2,0,0,1
CUST_009994,20,Basic,18-25,South,6.9,60.9,3,2.3,2.0,0,0,0,0
CUST_009995,1,Premium,26-35,West,3.3,14.3,4,1.2,3.0,0,0,2,0
CUST_009996,23,Premium,56+,West,16.5,55.4,8,0.1,0.0,1,0,1,0
CUST_009997,27,Basic,46-55,West,,18.6,4,41.3,4.0,0,1,0,1
CUST_009998,35,Basic,18-25,South,3.0,16.5,1,14.7,6.0,0,0,2,1
CUST_009999,6,Basic,26-35,South,30.0,26.8,12,3.6,3.0,1,1,0,0
CUST_010000,2,Basic,26-35,South,14.1,21.7,7,1.2,0.0,1,0,0,0
